id,name,code,description,legal_ref
tax_110111001,Valores recebidos da administração pública tributados pelo regime de caixa,110111001,"Classificar nesse código as rubricas contábeis representativas dos valores recebidos da administração pública direta, autárquica ou fundacional, cuja tributação se dá no momento do efetivo recebimento.","LC 214/2025 Art. 10, § 2º"
tax_110112001,"Valores recebidos em operações de crédito, relativos a contratos firmados em moeda nacional",110112001,"Classificar nesse código as rubricas contábeis representativas dos valores em operações de crédito, que serão usadas como base para cálculo do valor do IBS e da CBS que será concedido como crédito aos adquirentes, relativos a contratos firmados em moeda nacional. Obs.: As receitas oriundas de operações com títulos de dívida com oferta pública devem ser classificadas em código específicos, por não darem direito a crédito.",LC 214/2025 Art. 194
tax_110112002,"Valores recebidos em operações de crédito, relativos a contratos firmados em moeda estrangeira",110112002,"Classificar nesse código as rubricas contábeis representativas dos valores recebidos em operações de crédito, relativos a contratos firmados em moeda estrangeira.","LC 214/2025 Art. 197, II"
tax_110112003,"Valores recebidos em operações de TVM, relativos a contratos firmados em moeda nacional",110112003,"Classificar nesse código as rubricas contábeis representativas dos valores em operações de TVM, que serão usadas como base para cálculo do valor do IBS e da CBS que será concedido como crédito aos adquirentes, relativos a contratos firmados em moeda nacional. Obs.: As receitas oriundas de operações com títulos de dívida com oferta pública devem ser classificadas em código específicos, por não darem direito a crédito.",LC 214/2025 Art. 195
tax_110112004,"Valores recebidos em operações de TVM, relativos a contratos firmados em moeda estrangeira",110112004,"Classificar nesse código as rubricas contábeis representativas dos valores em operações de TVM, relativos a contratos firmados em moeda estrangeira.","LC 214/2025 Art. 197, II"
tax_110112005,"Valores recebidos em operações de crédito, com recursos do FGTS",110112005,"Classificar nesse código as rubricas contábeis representativas dos valores recebidos em operações de crédito com recursos do FGTS, que serão usadas como base para cálculo do valor do IBS e da CBS que será concedido crédito aos adquirentes.",LC 214/2025 Art. 194
tax_110113001,Títulos de dívida objeto de oferta pública,110113001,Classificar nesse código as rubricas contábeis representativas dos saldos dos títulos de dívida que forem objeto de oferta pública na forma regulamentada pela CVM.,"LC 214/2025 Art. 195, § 1º"
tax_110113002,Títulos de dívida objeto de oferta pública - Fundo de investimento exclusivo,110113002,"Classificar nesse código as rubricas contábeis representativas dos saldos das aplicações em cotas de fundos de investimento exclusivos cuja carteira seja composta por, no mínimo, 95% (noventa e cinco por cento) de títulos de dívida que sejam objeto de oferta pública na forma regulamentada pela CVM.","LC 214/2025 Art. 195, § 2º"
tax_110121001,Valores recebidos da administração pública tributados pelo regime de caixa,110121001,"Classificar nesse código as rubricas contábeis representativas dos valores recebidos da administração pública direta, autárquica ou fundacional, cuja tributação se dá no momento do efetivo recebimento.","LC 214/2025 Art. 10, § 2º"
tax_110211101,Taxas de administração fiduciária,110211101,"Classificar nesse código as rubricas contábeis representativas dos valores recebidos relativas a tarifas e comissões vinculadas a operações de securitização, tais como taxas de estruturação, emissão, cessão, entre outras.",LC 214/2025 Art. 185
tax_110211401,Valores tributados pelo PIS/Cofins - Não tributáveis pela CBS - FG Competência,110211401,"Classificar nesse código as rubricas contábeis representativas valores recebidos, que sejam tributados pelo PIS/COFINS durante o período de transição.","LC 214/2025 Art. 408, § 1º"
tax_110211402,Valores tributados pelo PIS/Cofins - Não tributáveis pela CBS - FG Caixa,110211402,"Classificar nesse código as rubricas contábeis representativas valores recebidos, que sejam tributados pelo PIS/COFINS durante o período de transição.","LC 214/2025 Art. 408, § 3º"
tax_110211501,Exportação de serviços,110211501,"Classificar nesse código as rubricas contábeis representativas valores recebidos, que sejam provenientes de residentes no exterior e atendam os requisitos legais para serem consideradas exportação de serviços. Incluir nesse código os valores relativos a tarifas e outros encargos vinculados aos referidos contratos.",LC 214/2025 Art. 232
tax_110211611,Despesas de securitização,110211611,"Classificar nesse código as rubricas contábeis representativas das despesas com securitização, consistindo na emissão, distribuição, custódia, escrituração, registro, preparação e formalização de documentos, administração do patrimônio separado e atuação de agentes fiduciários, de cobrança e de classificação de risco, desde que esses serviços não tenham sido prestados por empregados ou administradores da empresa. Essas despesas devem ser acobertadas por documento fiscal idôneo, emitido pelo prestador do serviço.","LC 214/2025 Art. 193, § 1º, II"
tax_110221101,Faturização - Desconto aplicado - Contratos em moeda nacional,110221101,"Classificar nesse código as rubricas contábeis representativas do valor do desconto aplicado em operações de faturização, em contratos firmados em moeda nacional.","LC 214/2025 Art. 193, § 1º"
tax_110221102,Faturização - Desconto aplicado - Contratos em moeda estrangeira,110221102,"Classificar nesse código as rubricas contábeis representativas do valor do desconto aplicado em operações de faturização, em contratos firmados em moeda estrangeira.","LC 214/2025 Art. 193, § 1º"
tax_110221103,Valor recebido do exterior (não considerado exportação),110221103,"Classificar nesse código as rubricas contábeis representativas dos valores residuais recebidos, que sejam provenientes de residentes no exterior, mas que não sejam consideradas exportação de serviços, sendo, portanto, tributáveis para o IBS/CBS.","LC 214/2025 Art. 232, § 2º"
tax_110221401,Valores tributados pelo PIS/Cofins - Não tributáveis pela CBS - FG Competência,110221401,"Classificar nesse código as rubricas contábeis representativas valores recebidos, que sejam tributados pelo PIS/COFINS durante o período de transição.","LC 214/2025 Art. 408, § 1º"
tax_110221402,Valores tributados pelo PIS/Cofins - Não tributáveis pela CBS - FG Caixa,110221402,"Classificar nesse código as rubricas contábeis representativas valores recebidos, que sejam tributados pelo PIS/COFINS durante o período de transição.","LC 214/2025 Art. 408, § 3º"
tax_110221501,Exportação de serviços,110221501,"Classificar nesse código as rubricas contábeis representativas valores recebidos, que sejam provenientes de residentes no exterior e atendam os requisitos legais para serem consideradas exportação de serviços. Incluir nesse código os valores relativos a tarifas e outros encargos vinculados aos referidos contratos.",LC 214/2025 Art. 232
tax_110221611,Perdas incorridas nos recebimentos de créditos e na concessão de descontos,110221611,"Classificar nesse código as rubricas contábeis representativas das despesas com perdas incorridas no recebimento de créditos e as perdas na cessão destes créditos e na concessão de descontos, desde que sejam realizados a valor de mercado.","LC 214/2025 Art. 193, § 2º"
tax_110222101,Tarifas e comissões,110222101,Classificar nesse código as rubricas contábeis representativas dos valores recebidos relativas a tarifas e comissões vinculadas a operações de faturização.,LC 214/2025 Art. 185
tax_110222401,Valores tributados pelo PIS/Cofins - Não tributáveis pela CBS - FG Competência,110222401,"Classificar nesse código as rubricas contábeis representativas valores recebidos, que sejam tributados pelo PIS/COFINS durante o período de transição.","LC 214/2025 Art. 408, § 1º"
tax_110222402,Valores tributados pelo PIS/Cofins - Não tributáveis pela CBS - FG Caixa,110222402,"Classificar nesse código as rubricas contábeis representativas valores recebidos, que sejam tributados pelo PIS/COFINS durante o período de transição.","LC 214/2025 Art. 408, § 3º"
tax_110222501,Exportação de serviços,110222501,"Classificar nesse código as rubricas contábeis representativas valores recebidos, que sejam provenientes de residentes no exterior e atendam os requisitos legais para serem consideradas exportação de serviços. Incluir nesse código os valores relativos a tarifas e outros encargos vinculados aos referidos contratos.",LC 214/2025 Art. 232
tax_110311101,"Valores da parcela recebida, incluindo tarifas e outros encargos",110311101,Classificar nesse código as rubricas contábeis representativas dos valores das parcelas recebidas. Incluir nesse código tarifas ou outros encargos cobrados juntamente com a parcela.,"LC 214/2025 Art. 201, I, a, 1"
tax_110311401,Valores tributados pelo PIS/Cofins - Não tributáveis pela CBS - FG Competência,110311401,"Classificar nesse código as rubricas contábeis representativas valores recebidos, que sejam tributados pelo PIS/COFINS durante o período de transição.","LC 214/2025 Art. 408, § 1º"
tax_110311402,Valores tributados pelo PIS/Cofins - Não tributáveis pela CBS - FG Caixa,110311402,"Classificar nesse código as rubricas contábeis representativas valores recebidos, que sejam tributados pelo PIS/COFINS durante o período de transição.","LC 214/2025 Art. 408, § 3º"
tax_110312101,"Valores da parcela recebida, incluindo tarifas e outros encargos",110312101,Classificar nesse código as rubricas contábeis representativas dos valores das parcelas recebidas. Incluir nesse código tarifas ou outros encargos cobrados juntamente com a parcela.,"LC 214/2025 Art. 201, I, a, 1"
tax_110312401,Valores tributados pelo PIS/Cofins - Não tributáveis pela CBS - FG Competência,110312401,"Classificar nesse código as rubricas contábeis representativas valores recebidos, que sejam tributados pelo PIS/COFINS durante o período de transição.","LC 214/2025 Art. 408, § 1º"
tax_110312402,Valores tributados pelo PIS/Cofins - Não tributáveis pela CBS - FG Caixa,110312402,"Classificar nesse código as rubricas contábeis representativas valores recebidos, que sejam tributados pelo PIS/COFINS durante o período de transição.","LC 214/2025 Art. 408, § 3º"
tax_110312501,Exportação de serviços,110312501,"Classificar nesse código as rubricas contábeis representativas valores recebidos, que sejam provenientes de residentes no exterior e atendam os requisitos legais para serem consideradas exportação de serviços. Incluir nesse código os valores relativos a tarifas e outros encargos vinculados aos referidos contratos.",LC 214/2025 Art. 232
tax_110313101,"Valores da parcela recebida, incluindo tarifas e outros encargos",110313101,Classificar nesse código as rubricas contábeis representativas dos valores das parcelas recebidas. Incluir nesse código tarifas ou outros encargos cobrados juntamente com a parcela.,"LC 214/2025 Art. 201, I, a, 2"
tax_110313411,Valores recebidos pela alienação até o limite do valor líquido de aquisição do bem,110313411,"Classificar nesse código as rubricas contábeis representativas valores recebidos, que sejam tributados pelo PIS/COFINS durante o período de transição até o limite do valor líquido de aquisição do bem. Não tributável para IBS e CBS.","LC 214/2025 Art. 406, § 2º, I"
tax_110313412,Valores recebidos pela alienação que exceder o valor líquido de aquisição do bem,110313412,"Classificar nesse código as rubricas contábeis representativas valores recebidos, que sejam tributados pelo PIS/COFINS durante o período de transição o que exceder o valor líquido de aquisição do bem. Tributável para IBS e CBS.","LC 214/2025 Art. 406, § 2º, II"
tax_110313421,Valores tributados pelo PIS/Cofins - Não tributáveis pela CBS - FG Competência,110313421,"Classificar nesse código as rubricas contábeis representativas valores recebidos, que sejam tributados pelo PIS/COFINS durante o período de transição.","LC 214/2025 Art. 408, § 1º"
tax_110313422,Valores tributados pelo PIS/Cofins - Não tributáveis pela CBS - FG Caixa,110313422,"Classificar nesse código as rubricas contábeis representativas valores recebidos, que sejam tributados pelo PIS/COFINS durante o período de transição.","LC 214/2025 Art. 408, § 3º"
tax_110314101,"Valores da parcela recebida, incluindo tarifas e outros encargos",110314101,Classificar nesse código as rubricas contábeis representativas dos valores das parcelas recebidas. Incluir nesse código tarifas ou outros encargos cobrados juntamente com a parcela.,"LC 214/2025 Art. 201, I, a, 2"
tax_110314411,Valores recebidos pela alienação até o limite do valor líquido de aquisição do bem,110314411,"Classificar nesse código as rubricas contábeis representativas valores recebidos, que sejam tributados pelo PIS/COFINS durante o período de transição até o limite do valor líquido de aquisição do bem. Não tributável para IBS e CBS.","LC 214/2025 Art. 406, § 2º, I"
tax_110314412,Valores recebidos pela alienação que exceder o valor líquido de aquisição do bem,110314412,"Classificar nesse código as rubricas contábeis representativas valores recebidos, que sejam tributados pelo PIS/COFINS durante o período de transição o que exceder o valor líquido de aquisição do bem. Tributável para IBS e CBS.","LC 214/2025 Art. 406, § 2º, II"
tax_110314421,Valores tributados pelo PIS/Cofins - Não tributáveis pela CBS - FG Competência,110314421,"Classificar nesse código as rubricas contábeis representativas valores recebidos, que sejam tributados pelo PIS/COFINS durante o período de transição.","LC 214/2025 Art. 408, § 1º"
tax_110314422,Valores tributados pelo PIS/Cofins - Não tributáveis pela CBS - FG Caixa,110314422,"Classificar nesse código as rubricas contábeis representativas valores recebidos, que sejam tributados pelo PIS/COFINS durante o período de transição.","LC 214/2025 Art. 408, § 3º"
tax_110314501,Exportação de serviços,110314501,"Classificar nesse código as rubricas contábeis representativas valores recebidos, que sejam provenientes de residentes no exterior e atendam os requisitos legais para serem consideradas exportação de serviços. Incluir nesse código os valores relativos a tarifas e outros encargos vinculados aos referidos contratos.",LC 214/2025 Art. 232
tax_110321101,"Valor recebido pela alienação do bem, incluindo tarifas e outros encargos",110321101,Classificar nesse código as rubricas contábeis representativas dos valores recebidos pela alienação do bem. Incluir nesse código o valor cobrado por tarifas e outros encargos considerados acessórios à operação de arrendamento cobrados juntamente com o valor da parcela.,"LC 214/2025 Art. 201, I, b, 1"
tax_110321401,Valores tributados pelo PIS/Cofins - Não tributáveis pela CBS - FG Competência,110321401,"Classificar nesse código as rubricas contábeis representativas valores recebidos, que sejam tributados pelo PIS/COFINS durante o período de transição.","LC 214/2025 Art. 408, § 1º"
tax_110321402,Valores tributados pelo PIS/Cofins - Não tributáveis pela CBS - FG Caixa,110321402,"Classificar nesse código as rubricas contábeis representativas valores recebidos, que sejam tributados pelo PIS/COFINS durante o período de transição.","LC 214/2025 Art. 408, § 3º"
tax_110322101,"Valor recebido pela alienação do bem, incluindo tarifas e outros encargos",110322101,Classificar nesse código as rubricas contábeis representativas dos valores recebidos pela alienação do bem. Incluir nesse código o valor cobrado por tarifas e outros encargos considerados acessórios à operação de arrendamento cobrados juntamente com o valor da parcela.,"LC 214/2025 Art. 201, I, b, 1"
tax_110322401,Valores tributados pelo PIS/Cofins - Não tributáveis pela CBS - FG Competência,110322401,"Classificar nesse código as rubricas contábeis representativas valores recebidos, que sejam tributados pelo PIS/COFINS durante o período de transição.","LC 214/2025 Art. 408, § 1º"
tax_110322402,Valores tributados pelo PIS/Cofins - Não tributáveis pela CBS - FG Caixa,110322402,"Classificar nesse código as rubricas contábeis representativas valores recebidos, que sejam tributados pelo PIS/COFINS durante o período de transição.","LC 214/2025 Art. 408, § 3º"
tax_110322501,Exportação de serviços,110322501,"Classificar nesse código as rubricas contábeis representativas valores recebidos, que sejam provenientes de residentes no exterior e atendam os requisitos legais para serem consideradas exportação de serviços. Incluir nesse código os valores relativos a tarifas e outros encargos vinculados aos referidos contratos.",LC 214/2025 Art. 232
tax_110323101,"Valor recebido pela alienação do bem, incluindo tarifas e outros encargos",110323101,Classificar nesse código as rubricas contábeis representativas dos valores recebidos pela alienação do bem. Incluir nesse código o valor cobrado por tarifas e outros encargos considerados acessórios à operação de arrendamento cobrados juntamente com o valor da parcela.,"LC 214/2025 Art. 201, I, b, 2"
tax_110323411,Valores recebidos pela alienação até o limite do valor líquido de aquisição do bem,110323411,"Classificar nesse código as rubricas contábeis representativas valores recebidos, que sejam tributados pelo PIS/COFINS durante o período de transição até o limite do valor líquido de aquisição do bem. Não tributável para IBS e CBS.","LC 214/2025 Art. 406, § 2º, I"
tax_110323412,Valores recebidos pela alienação que exceder o valor líquido de aquisição do bem,110323412,"Classificar nesse código as rubricas contábeis representativas valores recebidos, que sejam tributados pelo PIS/COFINS durante o período de transição o que exceder o valor líquido de aquisição do bem. Tributável para IBS e CBS.","LC 214/2025 Art. 406, § 2º, II"
tax_110323421,Valores tributados pelo PIS/Cofins - Não tributáveis pela CBS - FG Competência,110323421,"Classificar nesse código as rubricas contábeis representativas valores recebidos, que sejam tributados pelo PIS/COFINS durante o período de transição.","LC 214/2025 Art. 408, § 1º"
tax_110323422,Valores tributados pelo PIS/Cofins - Não tributáveis pela CBS - FG Caixa,110323422,"Classificar nesse código as rubricas contábeis representativas valores recebidos, que sejam tributados pelo PIS/COFINS durante o período de transição.","LC 214/2025 Art. 408, § 3º"
tax_110323801,Despesas de arrendamento em operações realizadas com contribuintes do IBS/CBS,110323801,"Classificar nesse código as rubricas contábeis representativas dos valores das despesas com arrendamento mercantil operacional relativo a bens móveis, oriunda de operações realizadas pessoas físicas ou jurídicas contribuintes do IBS e da CBS do Regime Regular.","LC 214/2025 Art. 201, II, b"
tax_110324101,"Valor recebido pela alienação do bem, incluindo tarifas e outros encargos",110324101,Classificar nesse código as rubricas contábeis representativas dos valores recebidos pela alienação do bem. Incluir nesse código o valor cobrado por tarifas e outros encargos considerados acessórios à operação de arrendamento cobrados juntamente com o valor da parcela.,"LC 214/2025 Art. 201, I, b, 2"
tax_110324411,Valores recebidos pela alienação até o limite do valor líquido de aquisição do bem,110324411,"Classificar nesse código as rubricas contábeis representativas valores recebidos, que sejam tributados pelo PIS/COFINS durante o período de transição até o limite do valor líquido de aquisição do bem. Não tributável para IBS e CBS.","LC 214/2025 Art. 406, § 2º, I"
tax_110324412,Valores recebidos pela alienação que exceder o valor líquido de aquisição do bem,110324412,"Classificar nesse código as rubricas contábeis representativas valores recebidos, que sejam tributados pelo PIS/COFINS durante o período de transição o que exceder o valor líquido de aquisição do bem. Tributável para IBS e CBS.","LC 214/2025 Art. 406, § 2º, II"
tax_110324421,Valores tributados pelo PIS/Cofins - Não tributáveis pela CBS - FG Competência,110324421,"Classificar nesse código as rubricas contábeis representativas valores recebidos, que sejam tributados pelo PIS/COFINS durante o período de transição.","LC 214/2025 Art. 408, § 1º"
tax_110324422,Valores tributados pelo PIS/Cofins - Não tributáveis pela CBS - FG Caixa,110324422,"Classificar nesse código as rubricas contábeis representativas valores recebidos, que sejam tributados pelo PIS/COFINS durante o período de transição.","LC 214/2025 Art. 408, § 3º"
tax_110324501,Exportação de serviços,110324501,"Classificar nesse código as rubricas contábeis representativas valores recebidos, que sejam provenientes de residentes no exterior e atendam os requisitos legais para serem consideradas exportação de serviços. Incluir nesse código os valores relativos a tarifas e outros encargos vinculados aos referidos contratos.",LC 214/2025 Art. 232
tax_110324611,Despesas de arrendamento comprovadas com documentos fiscais,110324611,"Classificar nesse código as rubricas contábeis representativas dos valores das despesas com arrendamento mercantil operacional, oriunda de operações realizadas com pessoas físicas ou jurídicas não contribuintes do IBS e da CBS do Regime Regular, comprovadas mediante a emissão de documentos fiscais.","LC 214/2025 Art. 201, II, b"
tax_110324612,Despesas de arrendamento comprovadas com registro contábil,110324612,"Classificar nesse código as rubricas contábeis representativas dos valores das despesas com arrendamento mercantil operacional, oriunda de operações realizadas com pessoas físicas ou jurídicas não contribuintes do IBS e da CBS do Regime Regular, comprovadas mediante registro contábil, como depreciação do bem.","LC 214/2025 Art. 201, II, b"
tax_110324801,Valor dos bens móveis adquiridos para fins de arrendamento,110324801,"Classificar nesse código as rubricas contábeis onde estão registrados os bens móveis adquiridos para fins de arrendamento mercantil operacional, comprovados mediante emissão de documento fiscal.",LC 214/2025 Art. 303
tax_110411101,"Valor da parcela recebida, inclusive tarifas e outros encargos",110411101,Classificar nesse código as rubricas contábeis representativas dos valores das parcelas recebidas (receita de juros) de arrendamento mercantil financeiro oriundas de clientes que sejam contribuintes do Regime Regular do IBS e da CBS. Incluir nesse código o valor cobrado por tarifas e outros encargos considerados acessórios à operação de arrendamento cobrados juntamente com o valor da parcela.,"LC 214/2025 Art. 201, I, c"
tax_110411411,Valores recebidos pela alienação até o limite do valor líquido de aquisição do bem,110411411,"Classificar nesse código as rubricas contábeis representativas valores recebidos, que sejam tributados pelo PIS/COFINS durante o período de transição até o limite do valor líquido de aquisição do bem. Não tributável para IBS e CBS.","LC 214/2025 Art. 406, § 2º, I"
tax_110411412,Valores recebidos pela alienação que exceder o valor líquido de aquisição do bem,110411412,"Classificar nesse código as rubricas contábeis representativas valores recebidos, que sejam tributados pelo PIS/COFINS durante o período de transição o que exceder o valor líquido de aquisição do bem. Tributável para IBS e CBS.","LC 214/2025 Art. 406, § 2º, II"
tax_110411421,Valores tributados pelo PIS/Cofins - Não tributáveis pela CBS - FG Competência,110411421,"Classificar nesse código as rubricas contábeis representativas valores recebidos, que sejam tributados pelo PIS/COFINS durante o período de transição.","LC 214/2025 Art. 408, § 1º"
tax_110411422,Valores tributados pelo PIS/Cofins - Não tributáveis pela CBS - FG Caixa,110411422,"Classificar nesse código as rubricas contábeis representativas valores recebidos, que sejam tributados pelo PIS/COFINS durante o período de transição.","LC 214/2025 Art. 408, § 3º"
tax_110411501,Valores recebidos por atos cooperativos com opção à alíquota zero,110411501,"Classificar nesse código as rubricas contábeis representativas dos valores recebidos de cooperados, optantes pelo regime regular do IBS Arts. 271 e 272 e da CBS, pelas cooperativas optantes pelo regime específico previsto no Arts. 271 e 272 da LC 214/2025.",LC 214/2025
tax_110411801,Despesa de captação de recursos,110411801,"Classificar nesse código as rubricas contábeis representativas dos valores pagos para captação de recursos. Esse código deve ser utilizado somente por empresas exclusivamente arrendadoras, em relação às receitas obtidas com não contribuintes do IBS e da CBS do Regime Regular. Observações: 1. Ao final de cada competência a empresa deve fazer o cálculo do rateio das despesas de captação, na proporção das receitas tributáveis obtidas com contribuintes e com não contribuintes do IBS e da CBS, nos termos da legislação aplicável. 2. No caso de bancos múltiplos, com carteira de arrendamento, utilizar o código de Despesa de Captação relativo ao serviços de Crédito, Câmbio e TVM, para que seja feito o rateio proporcional a cada atividade.","LC 214/2025 Art. 201, II"
tax_110412101,"Valor da parcela recebida, inclusive tarifas e outros encargos",110412101,Classificar nesse código as rubricas contábeis representativas dos valores das parcelas recebidas (receita de juros) de arrendamento mercantil financeiro oriundas de clientes que não sejam contribuintes do Regime Regular do IBS e da CBS. Incluir nesse código o valor cobrado por tarifas e outros encargos considerados acessórios à operação de arrendamento cobrados juntamente com o valor da parcela.,"LC 214/2025 Art. 201, I, c"
tax_110412411,Valores recebidos pela alienação até o limite do valor líquido de aquisição do bem,110412411,"Classificar nesse código as rubricas contábeis representativas valores recebidos, que sejam tributados pelo PIS/COFINS durante o período de transição até o limite do valor líquido de aquisição do bem. Não tributável para IBS e CBS.","LC 214/2025 Art. 406, § 2º, I"
tax_110412412,Valores recebidos pela alienação que exceder o valor líquido de aquisição do bem,110412412,"Classificar nesse código as rubricas contábeis representativas valores recebidos, que sejam tributados pelo PIS/COFINS durante o período de transição o que exceder o valor líquido de aquisição do bem. Tributável para IBS e CBS.","LC 214/2025 Art. 406, § 2º, II"
tax_110412421,Valores tributados pelo PIS/Cofins - Não tributáveis pela CBS - FG Competência,110412421,"Classificar nesse código as rubricas contábeis representativas valores recebidos, que sejam tributados pelo PIS/COFINS durante o período de transição.","LC 214/2025 Art. 408, § 1º"
tax_110412422,Valores tributados pelo PIS/Cofins - Não tributáveis pela CBS - FG Caixa,110412422,"Classificar nesse código as rubricas contábeis representativas valores recebidos, que sejam tributados pelo PIS/COFINS durante o período de transição.","LC 214/2025 Art. 408, § 3º"
tax_110412501,Exportação de serviços,110412501,"Classificar nesse código as rubricas contábeis representativas valores recebidos, que sejam provenientes de residentes no exterior e atendam os requisitos legais para serem consideradas exportação de serviços. Incluir nesse código os valores relativos a tarifas e outros encargos vinculados aos referidos contratos.",LC 214/2025 Art. 232
tax_110412502,Valores recebidos por atos cooperativos com opção à alíquota zero,110412502,"Classificar nesse código as rubricas contábeis representativas dos valores recebidos de cooperados, optantes pelo regime regular do IBS Arts. 271 e 272 e da CBS, pelas cooperativas optantes pelo regime específico previsto no Arts. 271 e 272 da LC 214/2025.",LC 214/2025
tax_110421101,"Valor residual recebido, relativo a bens imóveis",110421101,Classificar nesse código as rubricas contábeis representativas dos valores recebidos do valor residual do bem. Incluir nesse código o valor cobrado por tarifas e outros encargos considerados acessórios à operação de arrendamento cobrados juntamente com o valor residual.,"LC 214/2025 Art. 201, I, d, 1"
tax_110421102,Valor do bem cobrado junto com a parcela,110421102,Classificar nesse código as rubricas contábeis representativas dos valores recebidos relativos à parte do valor do bem cobrado juntamente com o valor da parcela. Incluir nesse código o valor cobrado por tarifas e outros encargos considerados acessórios à operação de arrendamento cobrados conjuntamente.,"LC 214/2025 Art. 201, I, d, 1"
tax_110421411,Valores recebidos pela alienação até o limite do valor líquido de aquisição do bem,110421411,"Classificar nesse código as rubricas contábeis representativas valores recebidos, que sejam tributados pelo PIS/COFINS durante o período de transição até o limite do valor líquido de aquisição do bem. Não tributável para IBS e CBS.","LC 214/2025 Art. 406, § 2º, I"
tax_110421412,Valores recebidos pela alienação que exceder o valor líquido de aquisição do bem,110421412,"Classificar nesse código as rubricas contábeis representativas valores recebidos, que sejam tributados pelo PIS/COFINS durante o período de transição o que exceder o valor líquido de aquisição do bem. Tributável para IBS e CBS.","LC 214/2025 Art. 406, § 2º, II"
tax_110421421,Valores tributados pelo PIS/Cofins - Não tributáveis pela CBS - FG Competência,110421421,"Classificar nesse código as rubricas contábeis representativas valores recebidos, que sejam tributados pelo PIS/COFINS durante o período de transição.","LC 214/2025 Art. 408, § 1º"
tax_110421422,Valores tributados pelo PIS/Cofins - Não tributáveis pela CBS - FG Caixa,110421422,"Classificar nesse código as rubricas contábeis representativas valores recebidos, que sejam tributados pelo PIS/COFINS durante o período de transição.","LC 214/2025 Art. 408, § 3º"
tax_110421501,Exportação de serviços,110421501,"Classificar nesse código as rubricas contábeis representativas valores recebidos, que sejam provenientes de residentes no exterior e atendam os requisitos legais para serem consideradas exportação de serviços. Incluir nesse código os valores relativos a tarifas e outros encargos vinculados aos referidos contratos.",LC 214/2025 Art. 232
tax_110421502,Valores recebidos por atos cooperativos com opção à alíquota zero,110421502,"Classificar nesse código as rubricas contábeis representativas dos valores recebidos de cooperados, optantes pelo regime regular do IBS Arts. 271 e 272 e da CBS, pelas cooperativas optantes pelo regime específico previsto no Arts. 271 e 272 da LC 214/2025.",LC 214/2025
tax_110422101,"Valor residual recebido, relativo a bens móveis",110422101,Classificar nesse código as rubricas contábeis representativas dos valores recebidos do valor residual do bem. Incluir nesse código o valor cobrado por tarifas e outros encargos considerados acessórios à operação de arrendamento cobrados juntamente com o valor residual.,"LC 214/2025 Art. 201, I, d, 2"
tax_110422102,Valor do bem cobrado junto com a parcela,110422102,Classificar nesse código as rubricas contábeis representativas dos valores recebidos relativos à parte do valor do bem cobrado juntamente com o valor da parcela. Incluir nesse código o valor cobrado por tarifas e outros encargos considerados acessórios à operação de arrendamento cobrados conjuntamente.,"LC 214/2025 Art. 201, I, d, 1"
tax_110422411,Valores recebidos pela alienação até o limite do valor líquido de aquisição do bem,110422411,"Classificar nesse código as rubricas contábeis representativas valores recebidos, que sejam tributados pelo PIS/COFINS durante o período de transição até o limite do valor líquido de aquisição do bem. Não tributável para IBS e CBS.","LC 214/2025 Art. 406, § 2º, I"
tax_110422412,Valores recebidos pela alienação que exceder o valor líquido de aquisição do bem,110422412,"Classificar nesse código as rubricas contábeis representativas valores recebidos, que sejam tributados pelo PIS/COFINS durante o período de transição o que exceder o valor líquido de aquisição do bem. Tributável para IBS e CBS.","LC 214/2025 Art. 406, § 2º, II"
tax_110422421,Valores tributados pelo PIS/Cofins - Não tributáveis pela CBS - FG Competência,110422421,"Classificar nesse código as rubricas contábeis representativas valores recebidos, que sejam tributados pelo PIS/COFINS durante o período de transição.","LC 214/2025 Art. 408, § 1º"
tax_110422422,Valores tributados pelo PIS/Cofins - Não tributáveis pela CBS - FG Caixa,110422422,"Classificar nesse código as rubricas contábeis representativas valores recebidos, que sejam tributados pelo PIS/COFINS durante o período de transição.","LC 214/2025 Art. 408, § 3º"
tax_110422501,Exportação de serviços,110422501,"Classificar nesse código as rubricas contábeis representativas valores recebidos, que sejam provenientes de residentes no exterior e atendam os requisitos legais para serem consideradas exportação de serviços. Incluir nesse código os valores relativos a tarifas e outros encargos vinculados aos referidos contratos.",LC 214/2025 Art. 232
tax_110422502,Valores recebidos por atos cooperativos com opção à alíquota zero,110422502,"Classificar nesse código as rubricas contábeis representativas dos valores recebidos de cooperados, optantes pelo regime regular do IBS Arts. 271 e 272 e da CBS, pelas cooperativas optantes pelo regime específico previsto no Arts. 271 e 272 da LC 214/2025.",LC 214/2025
tax_110510001,Valores recebidos em função da administração de consórcios,110510001,"Classificar nesse código as rubricas contábeis representativas dos valores recebidos a título de taxa de administração, outros valores cobrados como tarifas ou comissões, bem como os encargos, multa e juros decorrentes dos contratos de grupos de consórcios.","LC 214/2025 Art. 204, caput"
tax_110540001,Valores tributados pelo PIS/Cofins - Não tributáveis pela CBS - FG Competência,110540001,"Classificar nesse código as rubricas contábeis representativas valores recebidos, que sejam tributados pelo PIS/COFINS durante o período de transição.","LC 214/2025 Art. 408, § 1º"
tax_110540002,Valores tributados pelo PIS/Cofins - Não tributáveis pela CBS - FG Caixa,110540002,"Classificar nesse código as rubricas contábeis representativas valores recebidos, que sejam tributados pelo PIS/COFINS durante o período de transição.","LC 214/2025 Art. 408, § 3º"
tax_110550001,Exportação de serviços,110550001,"Classificar nesse código as rubricas contábeis representativas valores recebidos, que sejam provenientes de residentes no exterior e atendam os requisitos legais para serem consideradas exportação de serviços. Incluir nesse código os valores relativos a tarifas e outros encargos vinculados aos referidos contratos.",LC 214/2025 Art. 232
tax_110611001,Valores recebidos da administração pública tributados pelo regime de caixa,110611001,"Classificar nesse código as rubricas contábeis representativas dos valores recebidos da administração pública direta, autárquica ou fundacional, cuja tributação se dá no momento do efetivo recebimento.","LC 214/2025 Art. 10, § 2º"
tax_110621001,Valores recebidos da administração pública tributados pelo regime de caixa,110621001,"Classificar nesse código as rubricas contábeis representativas dos valores recebidos da administração pública direta, autárquica ou fundacional, cuja tributação se dá no momento do efetivo recebimento.","LC 214/2025 Art. 10, § 2º"
tax_110711001,Valores recebidos da administração pública tributados pelo regime de caixa,110711001,"Classificar nesse código as rubricas contábeis representativas dos valores recebidos da administração pública direta, autárquica ou fundacional, cuja tributação se dá no momento do efetivo recebimento.","LC 214/2025 Art. 10, § 2º"
tax_110721001,Valores recebidos da administração pública tributados pelo regime de caixa,110721001,"Classificar nesse código as rubricas contábeis representativas dos valores recebidos da administração pública direta, autárquica ou fundacional, cuja tributação se dá no momento do efetivo recebimento.","LC 214/2025 Art. 10, § 2º"
tax_110811111,Taxa de desconto nas transações (MDR) recebida,110811111,"Classificar nesse código as rubricas contábeis representativas dos valores recebidos relativos à taxa cobrada dos credenciados (MDR - Merchant Discount Rate), via meios de pagamento.","LC 214/2025 Art. 214, § 1º, I"
tax_110811112,Demais bens e serviços fornecidos ao credenciado ou destinatário,110811112,Classificar nesse código as rubricas contábeis representativas dos valores recebidos relativos aos demais bens ou serviços fornecidos ao credenciado relacionados aos serviços de arranjos de pagamento.,"LC 214/2025 Art. 214, § 1º"
tax_110811113,Recebimento por locação de terminais eletrônicos e software,110811113,"Classificar nesse código as rubricas contábeis representativas dos valores recebidos relativos à locação de terminais eletrônicos, bem como softwares ou outros instrumentos tecnológicos fornecidos ao credenciado pelas credenciadoras ou subcredenciadoras.","LC 214/2025 Art. 214, § 1º, II"
tax_110811114,Valor recebido do exterior (não considerado exportação),110811114,"Classificar nesse código as rubricas contábeis representativas dos valores residuais recebidos, que sejam provenientes de residentes no exterior, mas que não sejam consideradas exportação de serviços, sendo, portanto, tributáveis para o IBS/CBS.","LC 214/2025 Art. 232, § 2º"
tax_110811141,Valores tributados pelo PIS/Cofins - Não tributáveis pela CBS - FG Competência,110811141,"Classificar nesse código as rubricas contábeis representativas valores recebidos, que sejam tributados pelo PIS/COFINS durante o período de transição.","LC 214/2025 Art. 408, § 1º"
tax_110811142,Valores tributados pelo PIS/Cofins - Não tributáveis pela CBS - FG Caixa,110811142,"Classificar nesse código as rubricas contábeis representativas valores recebidos, que sejam tributados pelo PIS/COFINS durante o período de transição.","LC 214/2025 Art. 408, § 3º"
tax_110811151,Exportação de serviços,110811151,"Classificar nesse código as rubricas contábeis representativas valores recebidos, que sejam provenientes de residentes no exterior e atendam os requisitos legais para serem consideradas exportação de serviços. Incluir nesse código os valores relativos a tarifas e outros encargos vinculados aos referidos contratos.",LC 214/2025 Art. 232
tax_110811152,Valores recebidos por atos cooperativos com opção à alíquota zero,110811152,"Classificar nesse código as rubricas contábeis representativas dos valores recebidos de cooperados, optantes pelo regime regular do IBS Arts. 271 e 272 e da CBS, pelas cooperativas optantes pelo regime específico previsto no Arts. 271 e 272 da LC 214/2025.",LC 214/2025
tax_110811211,Taxa de desconto nas transações (MDR) recebida,110811211,"Classificar nesse código as rubricas contábeis representativas dos valores recebidos relativos à taxa cobrada dos credenciados (MDR - Merchant Discount Rate), via meios de pagamento.","LC 214/2025 Art. 214, § 1º, I"
tax_110811219,Outros valores recebidos relacionados a arranjos de pagamento,110811219,"Classificar nesse código as rubricas contábeis representativas dos valores residuais recebidos, relativos a arranjos de pagamento de",LC 214/2025 Art. 214
tax_110811241,Valores tributados pelo PIS/Cofins - Não tributáveis pela CBS - FG Competência,110811241,"Classificar nesse código as rubricas contábeis representativas valores recebidos, que sejam tributados pelo PIS/COFINS durante o período de transição.","LC 214/2025 Art. 408, § 1º"
tax_110811242,Valores tributados pelo PIS/Cofins - Não tributáveis pela CBS - FG Caixa,110811242,"Classificar nesse código as rubricas contábeis representativas valores recebidos, que sejam tributados pelo PIS/COFINS durante o período de transição.","LC 214/2025 Art. 408, § 3º"
tax_110811251,Exportação de serviços,110811251,"Classificar nesse código as rubricas contábeis representativas valores recebidos, que sejam provenientes de residentes no exterior e atendam os requisitos legais para serem consideradas exportação de serviços. Incluir nesse código os valores relativos a tarifas e outros encargos vinculados aos referidos contratos.",LC 214/2025 Art. 232
tax_110811252,Valores recebidos por atos cooperativos com opção à alíquota zero,110811252,"Classificar nesse código as rubricas contábeis representativas dos valores recebidos de cooperados, optantes pelo regime regular do IBS Arts. 271 e 272 e da CBS, pelas cooperativas optantes pelo regime específico previsto no Arts. 271 e 272 da LC 214/2025.",LC 214/2025
tax_110811311,Tarifas de PIX,110811311,Classificar nesse código as rubricas contábeis representativas dos valores das tarifas recebidas por operações ligadas ao arranjo de pagamento - PIX.,"LC 214/2025 Art. 214, § 1º"
tax_110811312,Tarifas de TED,110811312,Classificar nesse código as rubricas contábeis representativas dos valores das tarifas recebidas por operações ligadas ao arranjo de pagamento - TED.,"LC 214/2025 Art. 214, § 1º"
tax_110811313,Tarifas relativas a boletos bancários,110811313,Classificar nesse código as rubricas contábeis representativas dos valores das tarifas recebidas por operações ligadas ao arranjo de pagamento de boletos bancários.,"LC 214/2025 Art. 214, § 1º"
tax_110811314,Tarifa de compensação de cheque,110811314,Classificar nesse código as rubricas contábeis representativas dos valores das tarifas recebidas por operações ligadas à compensação de cheques.,"LC 214/2025 Art. 214, § 1º"
tax_110811319,Outros valores recebidos,110811319,Classificar nesse código as rubricas contábeis representativas dos valores de outras tarifas recebidas ligadas arranjo de pagamento.,"LC 214/2025 Art. 214, § 1º"
tax_110811341,Valores tributados pelo PIS/Cofins - Não tributáveis pela CBS - FG Competência,110811341,"Classificar nesse código as rubricas contábeis representativas valores recebidos, que sejam tributados pelo PIS/COFINS durante o período de transição.","LC 214/2025 Art. 408, § 1º"
tax_110811342,Valores tributados pelo PIS/Cofins - Não tributáveis pela CBS - FG Caixa,110811342,"Classificar nesse código as rubricas contábeis representativas valores recebidos, que sejam tributados pelo PIS/COFINS durante o período de transição.","LC 214/2025 Art. 408, § 3º"
tax_110811351,Exportação de serviços,110811351,"Classificar nesse código as rubricas contábeis representativas valores recebidos, que sejam provenientes de residentes no exterior e atendam os requisitos legais para serem consideradas exportação de serviços. Incluir nesse código os valores relativos a tarifas e outros encargos vinculados aos referidos contratos.",LC 214/2025 Art. 232
tax_110811352,Valores recebidos por atos cooperativos com opção à alíquota zero,110811352,"Classificar nesse código as rubricas contábeis representativas dos valores recebidos de cooperados, optantes pelo regime regular do IBS Arts. 271 e 272 e da CBS, pelas cooperativas optantes pelo regime específico previsto no Arts. 271 e 272 da LC 214/2025.",LC 214/2025
tax_110812111,Tarifa de intercâmbio recebida,110812111,Classificar nesse código as rubricas contábeis representativas dos valores recebidos relativos à tarifa de intercâmbio recebida pelos emissores de cartões.,"LC 214/2025 Art. 214, § 3º"
tax_110812112,Taxa de royalties ou outros valores recebidos pelo instituidor,110812112,Classificar nesse código as rubricas contábeis representativas dos valores recebidos relativos à taxa de royalties recebida pelos instituidores dos arranjos de pagamento.,"LC 214/2025 Art. 214, § 3º"
tax_110812113,Bens e serviços fornecidos pelos instituidores aos demais participantes do arranjo,110812113,Classificar nesse código as rubricas contábeis representativas dos valores recebidos pelos instituidores dos arranjos de pagamento relativos ao fornecimento de bens ou serviços aos demais participantes do arranjo.,"LC 214/2025 Art. 214, § 1º, III"
tax_110812114,Valor recebido do exterior (não considerado exportação),110812114,"Classificar nesse código as rubricas contábeis representativas dos valores residuais recebidos, que sejam provenientes de residentes no exterior, mas que não sejam consideradas exportação de serviços, sendo, portanto, tributáveis para o IBS/CBS.","LC 214/2025 Art. 232, § 2º"
tax_110812141,Valores tributados pelo PIS/Cofins - Não tributáveis pela CBS - FG Competência,110812141,"Classificar nesse código as rubricas contábeis representativas valores recebidos, que sejam tributados pelo PIS/COFINS durante o período de transição.","LC 214/2025 Art. 408, § 1º"
tax_110812142,Valores tributados pelo PIS/Cofins - Não tributáveis pela CBS - FG Caixa,110812142,"Classificar nesse código as rubricas contábeis representativas valores recebidos, que sejam tributados pelo PIS/COFINS durante o período de transição.","LC 214/2025 Art. 408, § 3º"
tax_110812151,Exportação de serviços,110812151,"Classificar nesse código as rubricas contábeis representativas valores recebidos, que sejam provenientes de residentes no exterior e atendam os requisitos legais para serem consideradas exportação de serviços. Incluir nesse código os valores relativos a tarifas e outros encargos vinculados aos referidos contratos.",LC 214/2025 Art. 232
tax_110812152,Valores recebidos por atos cooperativos com opção à alíquota zero,110812152,"Classificar nesse código as rubricas contábeis representativas dos valores recebidos de cooperados, optantes pelo regime regular do IBS Arts. 271 e 272 e da CBS, pelas cooperativas optantes pelo regime específico previsto no Arts. 271 e 272 da LC 214/2025.",LC 214/2025
tax_110812211,Taxa de intercâmbio - Emissão de cartão/uso portal ou aplicativo,110812211,Classificar nesse código as rubricas contábeis referentes às tarifas de intercâmbio recebidas nas operações de arranjos de pagamento.,"LC 214/2025 Art. 214, § 1º"
tax_110812212,Valor recebido do exterior (não considerado exportação),110812212,"Classificar nesse código as rubricas contábeis representativas dos valores residuais recebidos, que sejam provenientes de residentes no exterior, mas que não sejam consideradas exportação de serviços, sendo, portanto, tributáveis para o IBS/CBS.","LC 214/2025 Art. 232, § 2º"
tax_110812219,Outros valores recebidos relacionados a arranjos de pagamento,110812219,"Classificar nesse código as rubricas contábeis representativas dos valores residuais recebidos, relativos a arranjos de pagamento de",LC 214/2025 Art. 214
tax_110812241,Valores tributados pelo PIS/Cofins - Não tributáveis pela CBS - FG Competência,110812241,"Classificar nesse código as rubricas contábeis representativas valores recebidos, que sejam tributados pelo PIS/COFINS durante o período de transição.","LC 214/2025 Art. 408, § 1º"
tax_110812242,Valores tributados pelo PIS/Cofins - Não tributáveis pela CBS - FG Caixa,110812242,"Classificar nesse código as rubricas contábeis representativas valores recebidos, que sejam tributados pelo PIS/COFINS durante o período de transição.","LC 214/2025 Art. 408, § 3º"
tax_110812251,Exportação de serviços,110812251,"Classificar nesse código as rubricas contábeis representativas valores recebidos, que sejam provenientes de residentes no exterior e atendam os requisitos legais para serem consideradas exportação de serviços. Incluir nesse código os valores relativos a tarifas e outros encargos vinculados aos referidos contratos.",LC 214/2025 Art. 232
tax_110812252,Valores recebidos por atos cooperativos com opção à alíquota zero,110812252,"Classificar nesse código as rubricas contábeis representativas dos valores recebidos de cooperados, optantes pelo regime regular do IBS Arts. 271 e 272 e da CBS, pelas cooperativas optantes pelo regime específico previsto no Arts. 271 e 272 da LC 214/2025.",LC 214/2025
tax_110812311,Valores recebidos de outros participantes de arranjos de pagamento,110812311,,"LC 214/2025 Art. 214, § 1º"
tax_110812341,Valores tributados pelo PIS/Cofins - Não tributáveis pela CBS - FG Competência,110812341,"Classificar nesse código as rubricas contábeis representativas valores recebidos, que sejam tributados pelo PIS/COFINS durante o período de transição.","LC 214/2025 Art. 408, § 1º"
tax_110812342,Valores tributados pelo PIS/Cofins - Não tributáveis pela CBS - FG Caixa,110812342,"Classificar nesse código as rubricas contábeis representativas valores recebidos, que sejam tributados pelo PIS/COFINS durante o período de transição.","LC 214/2025 Art. 408, § 3º"
tax_110812351,Exportação de serviços,110812351,"Classificar nesse código as rubricas contábeis representativas valores recebidos, que sejam provenientes de residentes no exterior e atendam os requisitos legais para serem consideradas exportação de serviços. Incluir nesse código os valores relativos a tarifas e outros encargos vinculados aos referidos contratos.",LC 214/2025 Art. 232
tax_110812352,Valores recebidos por atos cooperativos com opção à alíquota zero,110812352,"Classificar nesse código as rubricas contábeis representativas dos valores recebidos de cooperados, optantes pelo regime regular do IBS Arts. 271 e 272 e da CBS, pelas cooperativas optantes pelo regime específico previsto no Arts. 271 e 272 da LC 214/2025.",LC 214/2025
tax_110821101,Valor da taxa de desconto recebida na operação,110821101,Classificar nesse código as rubricas contábeis representativas dos valores recebidos relativos à taxa de desconto cobrada em operações de antecipação de recebíveis.,LC 214/2025 Art. 219
tax_110821401,Valores tributados pelo PIS/Cofins - Não tributáveis pela CBS - FG Competência,110821401,"Classificar nesse código as rubricas contábeis representativas valores recebidos, que sejam tributados pelo PIS/COFINS durante o período de transição.","LC 214/2025 Art. 408, § 1º"
tax_110821402,Valores tributados pelo PIS/Cofins - Não tributáveis pela CBS - FG Caixa,110821402,"Classificar nesse código as rubricas contábeis representativas valores recebidos, que sejam tributados pelo PIS/COFINS durante o período de transição.","LC 214/2025 Art. 408, § 3º"
tax_110821501,Exportação de serviços,110821501,"Classificar nesse código as rubricas contábeis representativas valores recebidos, que sejam provenientes de residentes no exterior e atendam os requisitos legais para serem consideradas exportação de serviços. Incluir nesse código os valores relativos a tarifas e outros encargos vinculados aos referidos contratos.",LC 214/2025 Art. 232
tax_110821502,Valores recebidos por atos cooperativos com opção à alíquota zero,110821502,"Classificar nesse código as rubricas contábeis representativas dos valores recebidos de cooperados, optantes pelo regime regular do IBS Arts. 271 e 272 e da CBS, pelas cooperativas optantes pelo regime específico previsto no Arts. 271 e 272 da LC 214/2025.",LC 214/2025
tax_110821611,Curva de juros futuros da taxa DI - Mercado interno,110821611,"Classificar nesse código o valor total das taxas DI aplicadas às operações de antecipação de recebíveis, de acordo com o prazo do desconto aplicado a cada operação realizada com clientes nacionais. Trata-se de uma rubrica extracontábil, apenas para informação do valor total mensal a ser deduzido da base de cálculo dessas operações. Para tanto, deve ser incluída no evento do Plano de Contas e no Balancete Contábil-Fiscal uma rubrica com algarismos 9 (nove), tantos quantos forem necessários para a máscara do plano de contas interno usado pela empresa.","LC 214/2025 Art. 219, § 1º"
tax_110821612,"Perdas incorridas no recebimento de créditos, concessão de descontos - Mercado interno",110821612,"Classificar nesse código as rubricas contábeis onde estão registradas as perdas no recebimento de créditos, na cessão de créditos ou na concessão de descontos, em operações do mercado interno.","LC 214/2025 Art. 219, § 2º"
tax_110822101,Rendimentos auferidos nas contas de pagamento,110822101,Classificar nesse código as rubricas contábeis representativas das receitas financeiras auferidas em decorrência da aplicação de recursos em contas de pagamento.,"LC 214/2025 Art. 214, § 5º"
tax_110822401,Valores tributados pelo PIS/Cofins - Não tributáveis pela CBS - FG Competência,110822401,"Classificar nesse código as rubricas contábeis representativas valores recebidos, que sejam tributados pelo PIS/COFINS durante o período de transição.","LC 214/2025 Art. 408, § 1º"
tax_110822402,Valores tributados pelo PIS/Cofins - Não tributáveis pela CBS - FG Caixa,110822402,"Classificar nesse código as rubricas contábeis representativas valores recebidos, que sejam tributados pelo PIS/COFINS durante o período de transição.","LC 214/2025 Art. 408, § 3º"
tax_110822501,Exportação de serviços,110822501,"Classificar nesse código as rubricas contábeis representativas valores recebidos, que sejam provenientes de residentes no exterior e atendam os requisitos legais para serem consideradas exportação de serviços. Incluir nesse código os valores relativos a tarifas e outros encargos vinculados aos referidos contratos.",LC 214/2025 Art. 232
tax_110822502,Valores recebidos por atos cooperativos com opção à alíquota zero,110822502,"Classificar nesse código as rubricas contábeis representativas dos valores recebidos de cooperados, optantes pelo regime regular do IBS Arts. 271 e 272 e da CBS, pelas cooperativas optantes pelo regime específico previsto no Arts. 271 e 272 da LC 214/2025.",LC 214/2025
tax_110822621,Valores pagos como remuneração das contas de pagamento,110822621,Classificar nesse código as rubricas contábeis representativas dos valore pagos aos titulares das contas de pagamento como remuneração pelo valor aplicado.,"LC 214/2025 Art. 214, § 5º"
tax_110910001,Valores recebidos da administração pública tributados pelo regime de caixa,110910001,"Classificar nesse código as rubricas contábeis representativas dos valores recebidos da administração pública direta, autárquica ou fundacional, cuja tributação se dá no momento do efetivo recebimento.","LC 214/2025 Art. 10, § 2º"
tax_111010001,Valores recebidos da administração pública tributados pelo regime de caixa,111010001,"Classificar nesse código as rubricas contábeis representativas dos valores recebidos da administração pública direta, autárquica ou fundacional, cuja tributação se dá no momento do efetivo recebimento.","LC 214/2025 Art. 10, § 2º"
tax_111111101,"Prêmios de seguros, cosseguros, resseguros e retrocessão recebidos",111111101,"Classificar nesse código as rubricas contábeis representativas dos valores dos prêmios de seguros, cosseguros, resseguros e retrocessão recebidos de contribuintes do regime regular do IBS e da CBS.","LC 214/2025 Art. 223, I, a"
tax_111111102,Reversão de provisões ou reserva técnica retida pela entidade como receita,111111102,"Classificar nesse código as rubricas contábeis representativas dos valores de reversão de provisões, que foram deduzidas da base de cálculo quando de sua constituição, ou a reserva técnica retida pela entidade como receita própria.","LC 214/2025 Art. 223, § 3º"
tax_111111103,Valor recebido do exterior (não considerado exportação),111111103,"Classificar nesse código as rubricas contábeis representativas dos valores residuais recebidos, que sejam provenientes de residentes no exterior, mas que não sejam consideradas exportação de serviços, sendo, portanto, tributáveis para o IBS/CBS.","LC 214/2025 Art. 232, § 2º"
tax_111111401,Valores tributados pelo PIS/Cofins - Não tributáveis pela CBS - FG Competência,111111401,"Classificar nesse código as rubricas contábeis representativas valores recebidos, que sejam tributados pelo PIS/COFINS durante o período de transição.","LC 214/2025 Art. 408, § 1º"
tax_111111402,Valores tributados pelo PIS/Cofins - Não tributáveis pela CBS - FG Caixa,111111402,"Classificar nesse código as rubricas contábeis representativas valores recebidos, que sejam tributados pelo PIS/COFINS durante o período de transição.","LC 214/2025 Art. 408, § 3º"
tax_111111501,Valores recebidos por atos cooperativos com opção à alíquota zero,111111501,"Classificar nesse código as rubricas contábeis representativas dos valores recebidos de cooperados, optantes pelo regime regular do IBS Arts. 271 e 272 e da CBS, pelas cooperativas optantes pelo regime específico previsto no Arts. 271 e 272 da LC 214/2025.",LC 214/2025
tax_111111621,Valor pago referente a restituições de prêmios,111111621,Classificar nesse código as rubricas contábeis representativas dos valores das restituições de prêmios pagas a segurados.,"LC 214/2025 Art. 223, II, b"
tax_111111622,Valor pago relativo a serviços de intermediação de seguros individualizável a cada prêmio emitido,111111622,"Classificar nesse código as rubricas contábeis representativas dos valores pagos pela intermediação de seguros, que seja individualizável a cada prêmio recebido e comprovados por meio de documento fiscal idôneo, emitido pelo intermediador (corretor de seguros).","LC 214/2025 Art. 223, II, c"
tax_111111623,Valor pago referente ao prêmio nas operações de cosseguro cedido,111111623,Classificar nesse código as rubricas contábeis representativas dos valores pagos relativos aos prêmios nas operações de cosseguro cedido.,"LC 214/2025 Art. 223, II, d"
tax_111111624,Parcela dos prêmios usada para provisões ou reservas técnicas referentes a seguro resgatável,111111624,"Classificar nesse código as rubricas contábeis representativas dos valores da parcela dos prêmios usada para provisões ou reservas técnicas, referente a seguro resgatável.","LC 214/2025 Art. 223, II, e"
tax_111111801,Despesas com indenizações pagas a segurados contribuintes do regime regular do IBS/CBS,111111801,Classificar nesse código as rubricas contábeis representativas dos valores de indenizações pagas a segurados contribuintes do regime regular do IBS e da CBS que não serão deduzidas da base de cálculo.,"LC 214/2025 Art. 223, II, a"
tax_111111802,Valor pago relativo a serviços de intermediação de seguros não individualizável a cada prêmio emitido,111111802,"Classificar nesse código as rubricas contábeis representativas dos valores pagos a corretores de seguros, mas que não sejam vinculados ao valor do prêmio. Por exemplo: Valores pagos por atingimento de metas de vendas de seguros. Nessa hipótese o contribuinte poderá se creditar do valor constante no documento fiscal.","Dec. 12955/2026 Art. 319, § 8º Art. 319, § 8º"
tax_111112101,"Prêmios de seguros, cosseguros, resseguros e retrocessão recebidos",111112101,"Classificar nesse código as rubricas contábeis representativas dos valores dos prêmios de prêmios de seguros, cosseguros, resseguros e retrocessão recebidos de contribuintes não optantes pelo regime regular do IBS e da CBS.","LC 214/2025 Art. 223, I, a"
tax_111112102,Valores de salvados recebidos,111112102,Classificar nesse código as rubricas contábeis representativas dos valores dos ressarcimentos recebidos em relação a sinistros efetivamente pagos aos clientes.,"LC 214/2025 Art. 223, II, a"
tax_111112103,Valores de ressarcimentos recebidos,111112103,Classificar nesse código as rubricas contábeis representativas dos valores dos ressarcimentos recebidos em relação a sinistros efetivamente pagos aos clientes.,"LC 214/2025 Art. 223, II, a"
tax_111112104,Reversão de provisões ou reserva técnica retida pela entidade como receita,111112104,"Classificar nesse código as rubricas contábeis representativas dos valores de reversão de provisões, que foram deduzidas da base de cálculo quando de sua constituição, ou a reserva técnica retida pela entidade como receita própria.","LC 214/2025 Art. 223, § 3º"
tax_111112105,Valor recebido do exterior (não considerado exportação),111112105,"Classificar nesse código as rubricas contábeis representativas dos valores residuais recebidos, que sejam provenientes de residentes no exterior, mas que não sejam consideradas exportação de serviços, sendo, portanto, tributáveis para o IBS/CBS.","LC 214/2025 Art. 232, § 2º"
tax_111112401,Valores tributados pelo PIS/Cofins - Não tributáveis pela CBS - FG Competência,111112401,"Classificar nesse código as rubricas contábeis representativas valores recebidos, que sejam tributados pelo PIS/COFINS durante o período de transição.","LC 214/2025 Art. 408, § 1º"
tax_111112402,Valores tributados pelo PIS/Cofins - Não tributáveis pela CBS - FG Caixa,111112402,"Classificar nesse código as rubricas contábeis representativas valores recebidos, que sejam tributados pelo PIS/COFINS durante o período de transição.","LC 214/2025 Art. 408, § 3º"
tax_111112501,Exportação de serviços,111112501,"Classificar nesse código as rubricas contábeis representativas valores recebidos, que sejam provenientes de residentes no exterior e atendam os requisitos legais para serem consideradas exportação de serviços. Incluir nesse código os valores relativos a tarifas e outros encargos vinculados aos referidos contratos.",LC 214/2025 Art. 232
tax_111112502,Valores recebidos por atos cooperativos com opção à alíquota zero,111112502,"Classificar nesse código as rubricas contábeis representativas dos valores recebidos de cooperados, optantes pelo regime regular do IBS Arts. 271 e 272 e da CBS, pelas cooperativas optantes pelo regime específico previsto no Arts. 271 e 272 da LC 214/2025.",LC 214/2025
tax_111112611,Indenizações pagas diretamente a segurados não contribuintes do regime regular do IBS/CBS,111112611,Classificar nesse código as rubricas contábeis representativas dos valores de indenizações pagas a segurados não contribuintes do regime regular do IBS e da CBS que poderão ser deduzidas da base de cálculo.,"LC 214/2025 Art. 223, II, a"
tax_111112612,Outras indenizações por meio do pagamento de bens ou serviços a segurados não contribuintes do regime regular do IBS/CBS,111112612,Classificar nesse código as rubricas contábeis representativas dos valores pagos por bens ou serviços para fins de indenizações a segurados não contribuintes do regime regular do IBS e da CBS que poderão ser deduzidas da base de cálculo e que sejam comprovadas por meio de documento fiscal idôneo. Exemplo: Pagamento de oficina mecânica para conserto de veículo objeto de sinistro.,"LC 214/2025 Art. 223, II, a"
tax_111112613,Valor pago referente a restituições de prêmios,111112613,Classificar nesse código as rubricas contábeis representativas dos valores das restituições de prêmios pagas a segurados.,"LC 214/2025 Art. 223, II, b"
tax_111112614,Valor pago relativo a serviços de intermediação de seguros,111112614,"Classificar nesse código as rubricas contábeis representativas dos valores pagos pela intermediação de seguros e comprovados por meio de documento fiscal idôneo, emitido pelo intermediador (corretor de seguros).","LC 214/2025 Art. 223, II, c"
tax_111112615,Valor pago referente ao prêmio nas operações de cosseguro cedido,111112615,Classificar nesse código as rubricas contábeis representativas dos valores pagos relativos aos prêmios nas operações de cosseguro cedido.,"LC 214/2025 Art. 223, II, d"
tax_111112616,Parcela dos prêmios usada para provisões ou reservas técnicas referentes a seguro resgatável,111112616,"Classificar nesse código as rubricas contábeis representativas dos valores da parcela dos prêmios usada para provisões ou reservas técnicas, referente a seguro resgatável.","LC 214/2025 Art. 223, II, e"
tax_111112701,Ativos garantidores vinculados a provisões técnicas,111112701,"Classificar nesse código as rubricas contábeis representativas dos ativos garantidores de provisões técnicas. Os valores tributaveis serão apurados no Evento D-1106 e para apuração da base de cálculo que sofrerá incidência tributária, será feita a proporcionalização do valor das receitas dos prêmios de seguros relativos a não contribuintes do regime regular, em relação ao total das receitas com prêmios de seguros, em atenção à disposição legal.","LC 214/2025 Art. 223, I, b"
tax_111121001,Prêmios recebidos de seguros de pessoas com cobertura por sobrevivência,111121001,Classificar nesse código as rubricas contábeis representativas dos prêmios dos seguros de pessoas com cobertura por sobrevivência.,"LC 214/2025 Art. 224, I, b"
tax_111121002,Encargo do fundo decorrente de estruturação e manutenção,111121002,Classificar nesse código as rubricas contábeis representativas dos valores recebidos relativos a encargo de fundo decorrentes de estruturação e manutenção.,"LC 214/2025 Art. 224, I, c"
tax_111121003,Reversão de provisões ou reserva técnica retida pela entidade como receita,111121003,"Classificar nesse código as rubricas contábeis representativas dos valores de reversão de provisões, que foram deduzidas da base de cálculo quando de sua constituição, ou a reserva técnica retida pela entidade como receita própria.","LC 214/2025 Art. 224, § 1º"
tax_111121004,Receitas financeiras sobre o excedente de ativos garantidores de reservas técnicas,111121004,"Classificar nesse código as rubricas contábeis representativas dos valores das receitas financeiras recebidas, que excederem o limite dos ativos garantidores de reservas técnicas.","LC 214/2025 Art. 224, § 3º, I"
tax_111121005,Valor recebido do exterior (não considerado exportação),111121005,"Classificar nesse código as rubricas contábeis representativas dos valores residuais recebidos, que sejam provenientes de residentes no exterior, mas que não sejam consideradas exportação de serviços, sendo, portanto, tributáveis para o IBS/CBS.","LC 214/2025 Art. 232, § 2º"
tax_111124001,Valores tributados pelo PIS/Cofins - Não tributáveis pela CBS - FG Competência,111124001,"Classificar nesse código as rubricas contábeis representativas valores recebidos, que sejam tributados pelo PIS/COFINS durante o período de transição.","LC 214/2025 Art. 408, § 1º"
tax_111124002,Valores tributados pelo PIS/Cofins - Não tributáveis pela CBS - FG Caixa,111124002,"Classificar nesse código as rubricas contábeis representativas valores recebidos, que sejam tributados pelo PIS/COFINS durante o período de transição.","LC 214/2025 Art. 408, § 3º"
tax_111125001,Exportação de serviços,111125001,"Classificar nesse código as rubricas contábeis representativas valores recebidos, que sejam provenientes de residentes no exterior e atendam os requisitos legais para serem consideradas exportação de serviços. Incluir nesse código os valores relativos a tarifas e outros encargos vinculados aos referidos contratos.",LC 214/2025 Art. 232
tax_111125002,Valores recebidos por atos cooperativos com opção à alíquota zero,111125002,"Classificar nesse código as rubricas contábeis representativas dos valores recebidos de cooperados, optantes pelo regime regular do IBS Arts. 271 e 272 e da CBS, pelas cooperativas optantes pelo regime específico previsto no Arts. 271 e 272 da LC 214/2025.",LC 214/2025
tax_111125003,Demais rendimentos de aplicações financeiras,111125003,Classificar nesse código as rubricas contábeis representativas das demais receitas financeiras recebidas.,"LC 214/2025 Art. 224, § 4º"
tax_111126101,Parcela dos prêmios para constituição de provisões ou reservas técnicas,111126101,Classificar nesse código as rubricas contábeis representativas dos valores utilizados para constituição de provisões ou reservas técnicas.,"LC 214/2025 Art. 224, II, a"
tax_111126102,Valor pago referente a restituições de prêmios,111126102,Classificar nesse código as rubricas contábeis representativas dos valores pagos pela restituição de prêmios de seguros de pessoas com cobertura por sobrevivência.,"LC 214/2025 Art. 224, II, b"
tax_111126103,Valor pago relativo a serviços de intermediação de seguros individualizável a cada prêmio emitido,111126103,"Classificar nesse código as rubricas contábeis representativas dos valores pagos pela intermediação de seguros, que seja individualizável a cada prêmio recebido e comprovados por meio de documento fiscal idôneo, emitido pelo intermediador (corretor de seguros).","LC 214/2025 Art. 224, II, c"
tax_111126104,Valores de indenizações pagas por coberturas de risco em previdência complementar,111126104,"Classificar nesse código as rubricas contábeis representativas dos valores das indenizações pagas por cobertura de risco, correspondentes aos benefícios pagos em operações de previdência complementar.","LC 214/2025 Art. 224, II, d"
tax_111127001,Valores de indenizações pagas por coberturas de risco em seguros de pessoas com cobertura por sobrevivência,111127001,"Classificar nesse código as rubricas contábeis representativas dos valores das indenizações pagas por cobertura de risco, correspondentes aos benefícios pagos em operações de seguros de pessoas com cobertura por sobrevivência.",Ausência de previsão legal para dedução
tax_111127099,Outros valores não dedutíveis,111127099,,
tax_111135001,Valores recebidos de resseguro e retrocessão - Alíquota zero,111135001,Classificar nesse código as rubricas contábeis representativas dos valores recebidos em relação a resseguro e retrocesso sujeitos a alíquota zero.,"LC 214/2025 Art. 223, § 4º"
tax_111250001,Receitas com operações de previdência complementar fechada,111250001,Classificar nesse código todas as rubricas contábeis representativas das receitas das entidades de previdência complementar fechada que atendam ao disposto no usar os Códigos de Tributação relativos à Previdência Complementar Aberta.,"LC 214/2025 Art. 26, IX c/c § 9º Art. 14 do CTN. Em caso de não atendimento,"
tax_111270001,"Despesas vinculadas às operações da entidade de previdência complementar fechada, não vinculadas a documentos fiscais",111270001,Classificar nesse código todas as rubricas contábeis representativas das receitas das entidades de previdência complementar fechada. Em caso de não atendimento ao disposto no de Tributação relativos à Previdência Complementar Aberta.,"LC 214/2025 Art. 26, IX c/c § 9º Art. 14 do CTN, usar os Códigos"
tax_111270002,"Despesas vinculadas às operações da entidade de previdência complementar fechada, acobertadas por documentos fiscais idôneos",111270002,Classificar nesse código todas as rubricas contábeis representativas das despesas das entidades de previdência complementar fechada. Em caso de não atendimento ao disposto no Códigos de Tributação relativos à Previdência Complementar Aberta.,"LC 214/2025 Art. 26, IX c/c § 9º Art. 14 do CTN, usar os"
tax_111290001,Aquisições de bens e serviços,111290001,"Classificar nesse código as rubricas contábeis relativas a aquisições de bens e serviços, devidamente documentadas por documento fiscal idôneo, cujos valores de IBS/CBS não podem ser aproveitados, em razão da não incidência dos tributos nas operações das entidades de Previdência Complementar Fechada.",
tax_111310001,Arrecadação com os títulos de capitalização com identificação do subscritor,111310001,"Classificar nesse código as rubricas contábeis representativas dos valores arrecadados com os títulos de capitalização, que tenham sido comercializados de forma direta, com identificação do subscritor.","LC 214/2025 Art. 225, I, a"
tax_111310002,Arrecadação com os títulos de capitalização sem identificação do subscritor,111310002,"Classificar nesse código as rubricas contábeis representativas dos valores arrecadados com os títulos de capitalização, que tenham sido comercializados de forma presencial, por meio de pontos de vendas, sem identificação dos subscritores, nos termos do órgão regulador.","LC 214/2025 Art. 225, I, a"
tax_111310003,Receitas com prescrição e penalidades,111310003,Classificar nesse código as rubricas contábeis representativas dos valores das receitas auferidas com prescrição de títulos de capitalização vencidos e não resgatados ou penalidades aplicadas.,"LC 214/2025 Art. 225, I, b"
tax_111310004,Reversão de provisões ou reserva técnica retida pela entidade como receita,111310004,"Classificar nesse código as rubricas contábeis representativas dos valores de reversão de provisões, que foram deduzidas da base de cálculo quando de sua constituição, ou a reserva técnica retida pela entidade como receita própria.","LC 214/2025 Art. 225, § 1º"
tax_111310005,Receitas financeiras sobre o excedente de ativos garantidores de reservas técnicas,111310005,"Classificar nesse código as rubricas contábeis representativas dos valores das receitas financeiras recebidas, que excederem o limite dos ativos garantidores de reservas técnicas.","LC 214/2025 Art. 225, § 3º"
tax_111310006,Valor recebido do exterior (não considerado exportação),111310006,"Classificar nesse código as rubricas contábeis representativas dos valores residuais recebidos, que sejam provenientes de residentes no exterior, mas que não sejam consideradas exportação de serviços, sendo, portanto, tributáveis para o IBS/CBS.","LC 214/2025 Art. 232, § 2º"
tax_111340001,Valores tributados pelo PIS/Cofins - Não tributáveis pela CBS - FG Competência,111340001,"Classificar nesse código as rubricas contábeis representativas valores recebidos, que sejam tributados pelo PIS/COFINS durante o período de transição.","LC 214/2025 Art. 408, § 1º"
tax_111340002,Valores tributados pelo PIS/Cofins - Não tributáveis pela CBS - FG Caixa,111340002,"Classificar nesse código as rubricas contábeis representativas valores recebidos, que sejam tributados pelo PIS/COFINS durante o período de transição.","LC 214/2025 Art. 408, § 3º"
tax_111350001,Exportação de serviços,111350001,"Classificar nesse código as rubricas contábeis representativas valores recebidos, que sejam provenientes de residentes no exterior e atendam os requisitos legais para serem consideradas exportação de serviços. Incluir nesse código os valores relativos a tarifas e outros encargos vinculados aos referidos contratos.",LC 214/2025 Art. 232
tax_111350002,Rendimentos de aplicações de recursos destinados ao pagamento de resgates de títulos e sorteios,111350002,Classificar nesse código as rubricas contábeis representativas das receitas financeiras recebidas auferidas sobre recursos destinados ao pagamento de resgastes de títulos e sorteios.,"LC 214/2025 Art. 225, § 2º"
tax_111350003,"Receitas financeiras sobre ativos garantidores de reservas técnicas, limitadas ao montante das provisões",111350003,"Classificar nesse código as rubricas contábeis representativas das receitas financeiras recebidas, que não excederem o limite dos ativos garantidores de reservas técnicas.","LC 214/2025 Art. 225, § 3º"
tax_111350004,Demais rendimentos de aplicações financeiras,111350004,Classificar nesse código as rubricas contábeis representativas das demais receitas financeiras recebidas.,"LC 214/2025 Art. 225, § 4º"
tax_111361001,"Parcela das contribuições para constituição de provisões ou reservas técnicas, inclusive sorteios a pagar",111361001,"Classificar nesse código as rubricas contábeis representativas dos valores utilizados para constituição de provisões ou reservas técnicas, inclusive as provisões de sorteios a pagar.","LC 214/2025 Art. 225, II, a"
tax_111361002,Valores pagos por cancelamento e restituições de títulos,111361002,Classificar nesse código as rubricas contábeis representativas dos valores pagos por cancelamentos ou restituições de títulos de capitalização.,"LC 214/2025 Art. 225, II, b"
tax_111361003,Valores pagos relativos a serviços de intermediação na venda de títulos de capitalização,111361003,"Classificar nesse código as rubricas contábeis representativas dos valores pagos pela intermediação na venda de títulos de capitalização, devidamente comprovados por meio de documento fiscal idôneo, emitido pelo intermediador.","LC 214/2025 Art. 225, II, c"
tax_111411001,Valores recebidos da administração pública tributados pelo regime de caixa,111411001,"Classificar nesse código as rubricas contábeis representativas dos valores recebidos da administração pública direta, autárquica ou fundacional, cuja tributação se dá no momento do efetivo recebimento.","LC 214/2025 Art. 10, § 2º"
tax_111421001,Valores recebidos da administração pública tributados pelo regime de caixa,111421001,"Classificar nesse código as rubricas contábeis representativas dos valores recebidos da administração pública direta, autárquica ou fundacional, cuja tributação se dá no momento do efetivo recebimento.","LC 214/2025 Art. 10, § 2º"
tax_111431001,Valores recebidos da administração pública tributados pelo regime de caixa,111431001,"Classificar nesse código as rubricas contábeis representativas dos valores recebidos da administração pública direta, autárquica ou fundacional, cuja tributação se dá no momento do efetivo recebimento.","LC 214/2025 Art. 10, § 2º"
tax_111441001,Valores recebidos da administração pública tributados pelo regime de caixa,111441001,"Classificar nesse código as rubricas contábeis representativas dos valores recebidos da administração pública direta, autárquica ou fundacional, cuja tributação se dá no momento do efetivo recebimento.","LC 214/2025 Art. 10, § 2º"
tax_111510001,Valores recebidos da administração pública tributados pelo regime de caixa,111510001,"Classificar nesse código as rubricas contábeis representativas dos valores recebidos da administração pública direta, autárquica ou fundacional, cuja tributação se dá no momento do efetivo recebimento.","LC 214/2025 Art. 10, § 2º"
tax_111610001,Valores recebidos da administração pública tributados pelo regime de caixa,111610001,"Classificar nesse código as rubricas contábeis representativas dos valores recebidos da administração pública direta, autárquica ou fundacional, cuja tributação se dá no momento do efetivo recebimento.","LC 214/2025 Art. 10, § 2º"
tax_112011001,Tarifas recebidas da administração pública tributadas pelo regime de caixa,112011001,"Classificar nesse código as rubricas contábeis representativas das tarifas bancárias recebidas da administração pública direta, autárquica ou fundacional, cuja tributação se dá no momento do efetivo recebimento.","LC 214/2025 Art. 10, § 2º"
tax_119915001,Base de cálculo negativa do IBS/CBS,119915001,Classificar nesse código as rubricas contábeis que registrarem a base de cálculo negativa do IBS/CBS a ser compensada em períodos posteriores.,LC 214/2025 Art. 301
tax_119915099,Outras contas do ativo circulante,119915099,"Classificar nesse código as demais rubricas contábeis do Ativo Circulante, não classificadas anteriormente.",
tax_119925099,Outras contas do ativo não circulante,119925099,Classificar nesse código outras contas do ativo não circulante.,
tax_219910099,Outras contas do passivo circulante,219910099,Classificar nesse código as rubricas contábeis do Passivo Circulante.,
tax_219920099,Outras contas do passivo não circulante,219920099,Classificar nesse código as rubricas contábeis do Passivo Não Circulante.,
tax_219930099,Outras contas do patrimônio líquido,219930099,Classificar nesse código as rubricas contábeis pertencentes ao grupo do Patrimônio Líquido.,
tax_311011101,Operações de crédito,311011101,"Classificar nesse código as rubricas contábeis representativas das receitas auferidas em operações de crédito. Incluir nesse código as tarifas e comissões que forem contabilizadas pelo método da TJEO – Taxa de Juros Efetiva da Operação, nos termos de regulamentação do","LC 214/2025 Art. 182, I"
tax_311011102,Operações de câmbio,311011102,"Classificar nesse código as rubricas contábeis representativas das receitas auferidas em operações de câmbio, incluindo tarifas cobradas nestas operações.","LC 214/2025 Art. 182, II"
tax_311011103,"Operações com aquisição, negociação e liquidação de TVM",311011103,"Classificar nesse código as rubricas contábeis representativas das receitas relativas à aquisição, negociação e liquidação, assim considerada a diferença entre o valor do ativo e o custo de aquisição nas alienações de títulos e valores mobiliários.","LC 214/2025 Art. 182, III"
tax_311011104,Receitas com títulos de dívida - Sem oferta pública,311011104,Classificar nesse código as rubricas contábeis representativas das receitas auferidas em operações com títulos de dívida sem oferta pública.,"LC 214/2025 Art. 195, caput"
tax_311011105,Recuperação de crédito baixado como prejuízo,311011105,Classificar nesse código as rubricas contábeis representativas das receitas auferidas com recuperação de créditos que tenham sido baixados como prejuízo.,LC 214/2025 Art. 186
tax_311011106,Estorno de encargos financeiros registrados no patrimônio líquido,311011106,Classificar nesse código as rubricas contábeis representativas das receitas auferidas relativas a estorno de encargos financeiros registrados no patrimônio líquido da entidade.,"LC 214/2025 Art. 192, § 3º"
tax_311011107,Excesso de rendimento em função de avaliação a valor justo,311011107,Classificar nesse código as rubricas contábeis representativas das receitas relativas a excesso de rendimentos auferidos em função de registro contábil de avaliação a valor justo.,"LC 214/2025 Art. 192, § 6º"
tax_311011108,Desconto condicional concedido,311011108,"Classificar nesse código as rubricas contábeis representativas dos descontos condicionais concedidos, assim entendidos aqueles que dependem de condição de relacionamento do cliente com a instituição para sua concessão.","LC 214/2025 Art. 12, § 1º, III"
tax_311011109,Receita oriunda do exterior (não considerada exportação),311011109,"Classificar nesse código as rubricas contábeis representativas das receitas com operações de crédito, câmbio ou com TVM, que sejam provenientes de residentes no exterior, mas que não sejam consideradas exportação de serviços, sendo, portanto, tributáveis para o IBS/CBS.","LC 214/2025 Art. 232, § 2º"
tax_311011110,Ajuste para recomposição da receita (custos e despesas TJEO),311011110,"Classificar nesse código as rubricas contábeis representativas dos Res. CMN custos e despesas vinculados a operações de crédito, que forem 4966/2023 registrados contabilmente como dedução das receitas, em obediência às regras instituídas pelo Banco Central do Brasil, para registro com base na TJEO – Taxa de Juros Efetiva da Operação.",Art. 15
tax_311011111,Receitas com derivativos contratados,311011111,Classificar nesse código as rubricas contábeis representativas das receitas com derivativos contratados.,"LC 214/2025 Art. 192, § 7º"
tax_311011112,Tarifas e comissões acessórias,311011112,"Classificar nesse código as rubricas contábeis representativas das receitas auferidas com tarifas e comissões consideradas acessórias à operação principal de crédito, câmbio ou TVM. Incluir nesse código as tarifas que tenham sido contabilizadas de forma segregada, nos termos de regulamentação específica do Banco Central do Brasil. Por exemplo, tarifa de avaliação de crédito, embora seja considerada acessória à operação de crédito, tenha sido contabilizada no grupo de 717 – Receita de Serviços do COSIF.","LC 214/2025 Art. 7º, II"
tax_311011201,Títulos de dívida objeto de oferta pública,311011201,Classificar nesse código as rubricas contábeis representativas das receitas auferidas com títulos de dívida objeto de oferta pública na forma regulamentada pela CVM.,"LC 214/2025 Art. 195, § 1º"
tax_311011202,Títulos de dívida objeto de oferta pública - Fundo de investimento exclusivo,311011202,"Classificar nesse código as rubricas contábeis representativas das receitas auferidas com títulos de dívida objeto de oferta pública detidos por meio de fundo de investimento exclusivo, cuja carteira seja composta por, no mínimo, 95% (noventa e cinco por cento) desses títulos.","LC 214/2025 Art. 195, § 2º"
tax_311011601,Receitas tributáveis pelo PIS/Cofins - Não tributáveis pela CBS - FG Competência,311011601,"Classificar nesse código as rubricas contábeis representativas valores recebidos, que sejam tributados pelo PIS/COFINS durante o período de transição.","LC 214/2025 Art. 408, § 1º"
tax_311011602,Receitas tributáveis pelo PIS/Cofins - Não tributáveis pela CBS - FG Caixa,311011602,"Classificar nesse código as rubricas contábeis representativas valores recebidos, que sejam tributados pelo PIS/COFINS durante o período de transição.","LC 214/2025 Art. 408, § 3º"
tax_311011701,Serviços prestados à administração pública tributados pelo regime de caixa,311011701,"Classificar nesse código as rubricas contábeis representativas das receitas auferidas, praticadas com a administração pública direta, autárquica ou fundacional, cuja tributação se dará no momento do efetivo recebimento.","LC 214/2025 Art. 10, § 2º"
tax_311011702,Variação positiva a valor justo em TVM,311011702,"Classificar nesse código as receitas com variações positivas de Títulos e Valores Mobiliários, que são registradas contabilmente por competência, mas tributáveis quando da realização do ativo.","LC 214/2025 Art. 192, § 6º"
tax_311011801,Exportação de serviços,311011801,Classificar nesse código as rubricas contábeis representativas receitas que sejam provenientes de residentes no exterior e atendam os requisitos legais para serem consideradas exportação de serviços. Incluir nesse código os valores relativos a tarifas e outros encargos vinculados aos referidos contratos.,LC 214/2025 Art. 232
tax_311011802,Receitas com operações sujeitas a alíquota zero do regime de cooperativas,311011802,"Classificar nesse código as rubricas contábeis representativas das receitas auferidas com cooperados, pelas cooperativas optantes pelo regime específico previsto no Arts. 271 e 272 da LC 214/2025.","LC 214/2025 Art. 192, § 8º"
tax_311011803,Reversão de provisão,311011803,"Classificar nesse código as rubricas contábeis representativas das reversões de provisões que não tinham sido usadas como dedução da base cálculo, quando de sua constituição.",LC 214/2025 Art. 186
tax_311011804,Recuperação de crédito baixado como prejuízo,311011804,Classificar nesse código as rubricas contábeis representativas das receitas auferidas com recuperação de créditos que tenham sido baixados como prejuízo.,LC 214/2025 Art. 186
tax_311011805,Desconto incondicional,311011805,"Classificar nesse código as rubricas contábeis representativas dos descontos incondicionais concedidos, assim entendidos aqueles que não dependem de condição de relacionamento do cliente com a instituição para sua concessão.","LC 214/2025 Art. 12, § 2º, III"
tax_311012101,"Serviços de custódia, corretagem, distribuição e outras formas de intermediação de TVM",311012101,"Classificar nesse código as rubricas contábeis representativas das receitas auferidas com serviços de custódia, corretagem, distribuição e outras formas de intermediação de TVM.","LC 214/2025 Art. 182, III"
tax_311012102,Demais tarifas e comissões não acessórias,311012102,"Classificar nesse código as rubricas contábeis representativas das receitas auferidas com tarifas e comissões consideradas não acessórias à operação principal, relacionadas a operações de crédito, câmbio e TVM.",Dec. 12955/2026 Art. 269 Art. 269
tax_311012601,Receitas tributáveis pelo PIS/Cofins - Não tributáveis pela CBS - FG Competência,311012601,"Classificar nesse código as rubricas contábeis representativas valores recebidos, que sejam tributados pelo PIS/COFINS durante o período de transição.","LC 214/2025 Art. 408, § 1º"
tax_311012602,Receitas tributáveis pelo PIS/Cofins - Não tributáveis pela CBS - FG Caixa,311012602,"Classificar nesse código as rubricas contábeis representativas valores recebidos, que sejam tributados pelo PIS/COFINS durante o período de transição.","LC 214/2025 Art. 408, § 3º"
tax_311012701,Serviços prestados à administração pública tributados pelo regime de caixa,311012701,"Classificar nesse código as rubricas contábeis representativas das receitas auferidas, praticadas com a administração pública direta, autárquica ou fundacional, cuja tributação se dará no momento do efetivo recebimento.","LC 214/2025 Art. 10, § 2º"
tax_311012801,Exportação de serviços,311012801,Classificar nesse código as rubricas contábeis representativas receitas que sejam provenientes de residentes no exterior e atendam os requisitos legais para serem consideradas exportação de serviços. Incluir nesse código os valores relativos a tarifas e outros encargos vinculados aos referidos contratos.,LC 214/2025 Art. 232
tax_311012802,Receitas com operações sujeitas a alíquota zero do regime de cooperativas,311012802,"Classificar nesse código as rubricas contábeis representativas das receitas auferidas com cooperados, optantes pelo regime regular do Arts. 271 e 272 IBS e da CBS, pelas cooperativas optantes pelo regime específico previsto no Arts. 271 e 272 da LC 214/2025.",LC 214/2025
tax_311021111,Securitização - Patrimônio Separado - Desconto aplicado - Contratos em moeda nacional,311021111,"Classificar nesse código as rubricas contábeis representativas do valor do desconto aplicado em operações de faturização, em contratos firmados em moeda nacional.","LC 214/2025 Art. 193, § 1º"
tax_311021112,Securitização - Patrimônio Separado - Desconto aplicado - Contratos em moeda estrangeira,311021112,"Classificar nesse código as rubricas contábeis representativas do valor do desconto aplicado em operações de faturização, em contratos firmados em moeda estrangeira.","LC 214/2025 Art. 193, § 1º"
tax_311021113,Valor recebido do exterior (não considerado exportação),311021113,"Classificar nesse código as rubricas contábeis representativas dos valores residuais recebidos, que sejam provenientes de residentes no exterior, mas que não sejam consideradas exportação de serviços, sendo, portanto, tributáveis para o IBS/CBS.","LC 214/2025 Art. 232, § 2º"
tax_311021161,Valores tributados pelo PIS/Cofins - Não tributáveis pela CBS - FG Competência,311021161,"Classificar nesse código as rubricas contábeis representativas valores recebidos, que sejam tributados pelo PIS/COFINS durante o período de transição.","LC 214/2025 Art. 408, § 1º"
tax_311021162,Valores tributados pelo PIS/Cofins - Não tributáveis pela CBS - FG Caixa,311021162,"Classificar nesse código as rubricas contábeis representativas valores recebidos, que sejam tributados pelo PIS/COFINS durante o período de transição.","LC 214/2025 Art. 408, § 3º"
tax_311021181,Exportação de serviços,311021181,"Classificar nesse código as rubricas contábeis representativas valores recebidos, que sejam provenientes de residentes no exterior e atendam os requisitos legais para serem consideradas exportação de serviços. Incluir nesse código os valores relativos a tarifas e outros encargos vinculados aos referidos contratos.",LC 214/2025 Art. 232
tax_311022701,Receitas reconhecidas por competência e tributadas por caixa,311022701,"Classificar nesse código as rubricas contábeis representativas das receitas auferidas por competência, mas tributadas por regime de caixa.",
tax_311037001,Receitas reconhecidas por competência e tributadas por caixa,311037001,"Classificar nesse código as rubricas contábeis representativas das receitas auferidas por competência, mas tributadas por regime de caixa.",
tax_311047001,Receitas reconhecidas por competência e tributadas por caixa,311047001,"Classificar nesse código as rubricas contábeis representativas das receitas auferidas por competência, mas tributadas por regime de caixa.",
tax_311057001,Receitas reconhecidas por competência e tributadas por caixa,311057001,"Classificar nesse código as rubricas contábeis representativas das receitas auferidas por competência, mas tributadas por regime de caixa.",
tax_311061101,Taxa de administração e gestão - Serviços prestados ao fundo de investimento,311061101,Classificar nesse código as rubricas contábeis representativas das receitas auferidas relativas a taxas de administração ou de gestão para serviços prestados aos fundos de investimento.,LC 214/2025 Art. 207
tax_311061601,Receitas tributáveis pelo PIS/Cofins - Não tributáveis pela CBS - FG Competência,311061601,"Classificar nesse código as rubricas contábeis representativas valores recebidos, que sejam tributados pelo PIS/COFINS durante o período de transição.","LC 214/2025 Art. 408, § 1º"
tax_311061602,Receitas tributáveis pelo PIS/Cofins - Não tributáveis pela CBS - FG Caixa,311061602,"Classificar nesse código as rubricas contábeis representativas valores recebidos, que sejam tributados pelo PIS/COFINS durante o período de transição.","LC 214/2025 Art. 408, § 3º"
tax_311061701,Serviços prestados à administração pública tributados pelo regime de caixa,311061701,"Classificar nesse código as rubricas contábeis representativas das receitas auferidas, praticadas com a administração pública direta, autárquica ou fundacional, cuja tributação se dará no momento do efetivo recebimento.","LC 214/2025 Art. 10, § 2º"
tax_311061801,Exportação de serviços,311061801,Classificar nesse código as rubricas contábeis representativas receitas que sejam provenientes de residentes no exterior e atendam os requisitos legais para serem consideradas exportação de serviços. Incluir nesse código os valores relativos a tarifas e outros encargos vinculados aos referidos contratos.,LC 214/2025 Art. 232
tax_311061802,Receitas com operações sujeitas a alíquota zero do regime de cooperativas,311061802,"Classificar nesse código as rubricas contábeis representativas das receitas auferidas com cooperados, optantes pelo regime regular do IBS e da CBS, pelas cooperativas optantes pelo regime específico previsto no Arts. 271 e 272 da LC 214/2025.","LC 214/2025 Art. 192, § 8º"
tax_311062101,Taxa de administração e gestão - Serviços prestados ao investidor,311062101,Classificar nesse código as rubricas contábeis representativas das receitas auferidas relativas a taxas de administração ou de gestão para serviços prestados aos investidores.,LC 214/2025 Art. 211
tax_311062601,Receitas tributáveis pelo PIS/Cofins - Não tributáveis pela CBS - FG Competência,311062601,"Classificar nesse código as rubricas contábeis representativas valores recebidos, que sejam tributados pelo PIS/COFINS durante o período de transição.","LC 214/2025 Art. 408, § 1º"
tax_311062602,Receitas tributáveis pelo PIS/Cofins - Não tributáveis pela CBS - FG Caixa,311062602,"Classificar nesse código as rubricas contábeis representativas valores recebidos, que sejam tributados pelo PIS/COFINS durante o período de transição.","LC 214/2025 Art. 408, § 3º"
tax_311062701,Serviços prestados à administração pública tributados pelo regime de caixa,311062701,"Classificar nesse código as rubricas contábeis representativas das receitas auferidas, praticadas com a administração pública direta, autárquica ou fundacional, cuja tributação se dará no momento do efetivo recebimento.","LC 214/2025 Art. 10, § 2º"
tax_311062801,Exportação de serviços,311062801,Classificar nesse código as rubricas contábeis representativas receitas que sejam provenientes de residentes no exterior e atendam os requisitos legais para serem consideradas exportação de serviços. Incluir nesse código os valores relativos a tarifas e outros encargos vinculados aos referidos contratos.,LC 214/2025 Art. 232
tax_311062802,Receitas com operações sujeitas a alíquota zero do regime de cooperativas,311062802,"Classificar nesse código as rubricas contábeis representativas das receitas auferidas com cooperados, optantes pelo regime regular do IBS e da CBS, pelas cooperativas optantes pelo regime específico previsto no Arts. 271 e 272 da LC 214/2025.","LC 214/2025 Art. 192, § 8º"
tax_311071101,Tarifas e comissões cobradas por serviços prestados ao FGTS,311071101,Classificar nesse código as rubricas contábeis representativas das receitas auferidas com tarifas ou comissões relativas aos serviços prestados ao FGTS.,LC 214/2025 Art. 212
tax_311071102,Serviços de administração ou gestão de fundos,311071102,Classificar nesse código as rubricas contábeis representativas das receitas auferidas relativas a taxas de administração ou gestão para serviços prestados ao FGTS.,LC 214/2025 Art. 207
tax_311071601,Receitas tributáveis pelo PIS/Cofins - Não tributáveis pela CBS - FG Competência,311071601,"Classificar nesse código as rubricas contábeis representativas valores recebidos, que sejam tributados pelo PIS/COFINS durante o período de transição.","LC 214/2025 Art. 408, § 1º"
tax_311071602,Receitas tributáveis pelo PIS/Cofins - Não tributáveis pela CBS - FG Caixa,311071602,"Classificar nesse código as rubricas contábeis representativas valores recebidos, que sejam tributados pelo PIS/COFINS durante o período de transição.","LC 214/2025 Art. 408, § 3º"
tax_311071801,Serviços prestados como agente operador do FGTS - Alíquota zero,311071801,"Classificar nesse código as rubricas contábeis representativas das receitas relativas a serviços prestados ao FGTS, pelo agente operador do fundo.","LC 214/2025 Art. 212, § 3º, I"
tax_311071802,Serviços de administração e operacionalização prestados a Fundos garantidores de políticas públicas,311071802,"Classificar nesse código as rubricas contábeis representativas das receitas relativas a serviços prestados aos fundos garantidores de políticas públicas, pertencente a único ente federativo.","LC 214/2025 Art. 213, § 1º"
tax_311072101,Operações de crédito,311072101,"Classificar nesse código as rubricas contábeis representativas das receitas auferidas em operações de crédito, com recursos do FGTS. Incluir nesse código as tarifas e comissões que forem contabilizadas pelo método da TJEO – Taxa de Juros Efetiva da Operação, nos termos da regulamentação específica do Banco Central do Brasil.","LC 214/2025 Art. 182, I"
tax_311072102,Recuperação de crédito baixado como prejuízo,311072102,"Classificar nesse código as rubricas contábeis representativas das receitas auferidas com recuperação de créditos que tenham sido baixados como prejuízo, em operações com recursos do FGTS.",LC 214/2025 Art. 186
tax_311072103,Estorno de encargos financeiros registrados no patrimônio líquido,311072103,"Classificar nesse código as rubricas contábeis representativas das receitas auferidas relativas a estorno de encargos financeiros registrados no patrimônio líquido da entidade, em operações com recursos do FGTS.","LC 214/2025 Art. 192, § 3º"
tax_311072104,Excesso de rendimento em função de avaliação a valor justo,311072104,"Classificar nesse código as rubricas contábeis representativas das receitas relativas a excesso de rendimentos auferidos em função de registro contábil de avaliação a valor justo, em operações com recursos do FGTS.","LC 214/2025 Art. 192, § 6º"
tax_311072105,Receitas com derivativos contratados,311072105,"Classificar nesse código as rubricas contábeis representativas das receitas com derivativos contratados, em operações com recursos do","LC 214/2025 Art. 192, § 7º"
tax_311072106,Desconto condicional concedido,311072106,"Classificar nesse código as rubricas contábeis representativas dos descontos condicionais concedidos, assim entendidos aqueles que dependem de condição de relacionamento do cliente com a instituição para sua concessão.","LC 214/2025 Art. 12, § 1º, III"
tax_311072107,Ajuste para recomposição da receita (custos e despesas TJEO),311072107,"Classificar nesse código as rubricas contábeis representativas dos Res. CMN custos e despesas vinculados a operações de crédito, que forem 4966/2023 registrados contabilmente como dedução das receitas, em obediência às regras instituídas pelo Banco Central do Brasil, para registro com base na TJEO – Taxa de Juros Efetiva da Operação.",Art. 15
tax_311072108,Tarifas e comissões acessórias,311072108,"Classificar nesse código as rubricas contábeis representativas das receitas auferidas com tarifas e comissões consideradas acessórias à operação principal de crédito com recursos do FGTS, mas que tenham sido contabilizadas de forma segregada, nos termos de regulamentação específica do Banco Central do Brasil. Por exemplo, tarifa de avaliação de crédito, embora seja considerada acessória à operação de crédito, tenha sido contabilizada no grupo de 717 – Receita de Serviços do COSIF.","LC 214/2025 Art. 7º, II"
tax_311072601,Receitas tributáveis pelo PIS/Cofins - Não tributáveis pela CBS - FG Competência,311072601,"Classificar nesse código as rubricas contábeis representativas valores recebidos, que sejam tributados pelo PIS/COFINS durante o período de transição.","LC 214/2025 Art. 408, § 1º"
tax_311072602,Receitas tributáveis pelo PIS/Cofins - Não tributáveis pela CBS - FG Caixa,311072602,"Classificar nesse código as rubricas contábeis representativas valores recebidos, que sejam tributados pelo PIS/COFINS durante o período de transição.","LC 214/2025 Art. 408, § 3º"
tax_311072801,Exportação de serviços,311072801,Classificar nesse código as rubricas contábeis representativas receitas que sejam provenientes de residentes no exterior e atendam os requisitos legais para serem consideradas exportação de serviços. Incluir nesse código os valores relativos a tarifas e outros encargos vinculados aos referidos contratos.,LC 214/2025 Art. 232
tax_311072802,Receitas com operações sujeitas a alíquota zero do regime de cooperativas,311072802,"Classificar nesse código as rubricas contábeis representativas das receitas auferidas com cooperados, optantes pelo regime regular do IBS e da CBS, pelas cooperativas optantes pelo regime específico previsto no Arts. 271 e 272 da LC 214/2025.","LC 214/2025 Art. 192, § 8º"
tax_311073801,Serviços prestados por fundos garantidores e executores de políticas públicas,311073801,"Classificar nesse código as rubricas contábeis representativas das receitas dos fundos garantidores e executores de políticas públicas, inclusive habitação e desenvolvimento regional.",LC 214/2025 Art. 213
tax_311087001,Receitas reconhecidas por competência e tributadas por caixa,311087001,"Classificar nesse código as rubricas contábeis representativas das receitas auferidas por competência, mas tributadas por regime de caixa.",
tax_311091001,Valor dos pontos emitidos,311091001,Classificar nesse código as rubricas contábeis representativas das receitas auferidas com pontos emitidos nos programas de fidelidade.,"LC 214/2025 Art. 219-A, I"
tax_311096001,Receitas tributáveis pelo PIS/Cofins - Não tributáveis pela CBS - FG Competência,311096001,"Classificar nesse código as rubricas contábeis representativas valores recebidos, que sejam tributados pelo PIS/COFINS durante o período de transição.","LC 214/2025 Art. 408, § 1º"
tax_311096002,Receitas tributáveis pelo PIS/Cofins - Não tributáveis pela CBS - FG Caixa,311096002,"Classificar nesse código as rubricas contábeis representativas valores recebidos, que sejam tributados pelo PIS/COFINS durante o período de transição.","LC 214/2025 Art. 408, § 3º"
tax_311097001,Serviços prestados à administração pública tributados pelo regime de caixa,311097001,"Classificar nesse código as rubricas contábeis representativas das receitas auferidas, praticadas com a administração pública direta, autárquica ou fundacional, cuja tributação se dará no momento do efetivo recebimento.","LC 214/2025 Art. 10, § 2º"
tax_311098001,Exportação de serviços,311098001,Classificar nesse código as rubricas contábeis representativas receitas que sejam provenientes de residentes no exterior e atendam os requisitos legais para serem consideradas exportação de serviços. Incluir nesse código os valores relativos a tarifas e outros encargos vinculados aos referidos contratos.,LC 214/2025 Art. 232
tax_311098002,Receitas com operações sujeitas a alíquota zero do regime de cooperativas,311098002,"Classificar nesse código as rubricas contábeis representativas das receitas auferidas com cooperados, optantes pelo regime regular do IBS e da CBS, pelas cooperativas optantes pelo regime específico previsto no Arts. 271 e 272 da LC 214/2025.","LC 214/2025 Art. 192, § 8º"
tax_311098003,Receita reconhecida para fins contábeis,311098003,"Classificar nesse código as rubricas contábeis representativas das receitas registradas para fins contábeis, mas tributadas por meio das contas patrimoniais.",
tax_311101001,"Serviços prestados por administradoras de mercados organizados, infraestruturas de mercado e depositárias centrais",311101001,"Classificar nesse código as rubricas contábeis representativas das receitas auferidas com serviços prestados por administradoras de mercados organizados, infraestruturas de Mercado e Depositárias Centrais.",LC 214/2025 Art. 220
tax_311106001,Receitas tributáveis pelo PIS/Cofins - Não tributáveis pela CBS - FG Competência,311106001,"Classificar nesse código as rubricas contábeis representativas valores recebidos, que sejam tributados pelo PIS/COFINS durante o período de transição.","LC 214/2025 Art. 408, § 1º"
tax_311106002,Receitas tributáveis pelo PIS/Cofins - Não tributáveis pela CBS - FG Caixa,311106002,"Classificar nesse código as rubricas contábeis representativas valores recebidos, que sejam tributados pelo PIS/COFINS durante o período de transição.","LC 214/2025 Art. 408, § 3º"
tax_311107001,Serviços prestados à administração pública tributados pelo regime de caixa,311107001,"Classificar nesse código as rubricas contábeis representativas das receitas auferidas, praticadas com a administração pública direta, autárquica ou fundacional, cuja tributação se dará no momento do efetivo recebimento.","LC 214/2025 Art. 10, § 2º"
tax_311108001,Exportação de serviços,311108001,Classificar nesse código as rubricas contábeis representativas receitas que sejam provenientes de residentes no exterior e atendam os requisitos legais para serem consideradas exportação de serviços. Incluir nesse código os valores relativos a tarifas e outros encargos vinculados aos referidos contratos.,LC 214/2025 Art. 232
tax_311117001,Receitas reconhecidas por competência e tributadas por caixa,311117001,"Classificar nesse código as rubricas contábeis representativas das receitas auferidas por competência, mas tributadas por regime de caixa.",
tax_311127001,Receitas reconhecidas por competência e tributadas por caixa,311127001,"Classificar nesse código as rubricas contábeis representativas das receitas auferidas por competência, mas tributadas por regime de caixa.",
tax_311137001,Receitas reconhecidas por competência e tributadas por caixa,311137001,"Classificar nesse código as rubricas contábeis representativas das receitas auferidas por competência, mas tributadas por regime de caixa.",
tax_311141101,Comissões auferidas com a intermediação,311141101,"Classificar nesse código as rubricas contábeis representativas das receitas auferidas com serviços de intermediação na venda de cotas de consórcios, prestados por instituições financeiras, que são obrigadas à entrega da DeRE.",LC 214/2025 Art. 206
tax_311141601,Receitas tributáveis pelo PIS/Cofins - Não tributáveis pela CBS - FG Competência,311141601,"Classificar nesse código as rubricas contábeis representativas valores recebidos, que sejam tributados pelo PIS/COFINS durante o período de transição.","LC 214/2025 Art. 408, § 1º"
tax_311141602,Receitas tributáveis pelo PIS/Cofins - Não tributáveis pela CBS - FG Caixa,311141602,"Classificar nesse código as rubricas contábeis representativas valores recebidos, que sejam tributados pelo PIS/COFINS durante o período de transição.","LC 214/2025 Art. 408, § 3º"
tax_311141701,Serviços prestados à administração pública tributados pelo regime de caixa,311141701,"Classificar nesse código as rubricas contábeis representativas das receitas auferidas, praticadas com a administração pública direta, autárquica ou fundacional, cuja tributação se dará no momento do efetivo recebimento.","LC 214/2025 Art. 10, § 2º"
tax_311141801,Exportação de serviços,311141801,Classificar nesse código as rubricas contábeis representativas receitas que sejam provenientes de residentes no exterior e atendam os requisitos legais para serem consideradas exportação de serviços. Incluir nesse código os valores relativos a tarifas e outros encargos vinculados aos referidos contratos.,LC 214/2025 Art. 232
tax_311141802,Receitas com operações sujeitas a alíquota zero do regime de cooperativas,311141802,"Classificar nesse código as rubricas contábeis representativas das receitas auferidas com cooperados, optantes pelo regime regular do IBS e da CBS, pelas cooperativas optantes pelo regime específico previsto no Arts. 271 e 272 da LC 214/2025.","LC 214/2025 Art. 192, § 8º"
tax_311142101,Comissões auferidas com a intermediação,311142101,"Classificar nesse código as rubricas contábeis representativas das receitas auferidas com serviços de intermediação na venda de seguros ou resseguros, prestados por instituições financeiras, que são obrigadas à entrega da DeRE.",LC 214/2025 Art. 228
tax_311142601,Receitas tributáveis pelo PIS/Cofins - Não tributáveis pela CBS - FG Competência,311142601,"Classificar nesse código as rubricas contábeis representativas valores recebidos, que sejam tributados pelo PIS/COFINS durante o período de transição.","LC 214/2025 Art. 408, § 1º"
tax_311142602,Receitas tributáveis pelo PIS/Cofins - Não tributáveis pela CBS - FG Caixa,311142602,"Classificar nesse código as rubricas contábeis representativas valores recebidos, que sejam tributados pelo PIS/COFINS durante o período de transição.","LC 214/2025 Art. 408, § 3º"
tax_311142701,Serviços prestados à administração pública tributados pelo regime de caixa,311142701,"Classificar nesse código as rubricas contábeis representativas das receitas auferidas, praticadas com a administração pública direta, autárquica ou fundacional, cuja tributação se dará no momento do efetivo recebimento.","LC 214/2025 Art. 10, § 2º"
tax_311142801,Exportação de serviços,311142801,Classificar nesse código as rubricas contábeis representativas receitas que sejam provenientes de residentes no exterior e atendam os requisitos legais para serem consideradas exportação de serviços. Incluir nesse código os valores relativos a tarifas e outros encargos vinculados aos referidos contratos.,LC 214/2025 Art. 232
tax_311142802,Receitas com operações sujeitas a alíquota zero do regime de cooperativas,311142802,"Classificar nesse código as rubricas contábeis representativas das receitas auferidas com cooperados, optantes pelo regime regular do IBS e da CBS, pelas cooperativas optantes pelo regime específico previsto no Arts. 271 e 272 da LC 214/2025.","LC 214/2025 Art. 192, § 8º"
tax_311143101,Comissões auferidas com a intermediação,311143101,"Classificar nesse código as rubricas contábeis representativas das receitas auferidas com serviços de intermediação na venda de títulos de capitalização, prestados por instituições financeiras, que são obrigadas à entrega da DeRE.",LC 214/2025 Art. 228
tax_311143601,Receitas tributáveis pelo PIS/Cofins - Não tributáveis pela CBS - FG Competência,311143601,"Classificar nesse código as rubricas contábeis representativas valores recebidos, que sejam tributados pelo PIS/COFINS durante o período de transição.","LC 214/2025 Art. 408, § 1º"
tax_311143602,Receitas tributáveis pelo PIS/Cofins - Não tributáveis pela CBS - FG Caixa,311143602,"Classificar nesse código as rubricas contábeis representativas valores recebidos, que sejam tributados pelo PIS/COFINS durante o período de transição.","LC 214/2025 Art. 408, § 3º"
tax_311143701,Serviços prestados à administração pública tributados pelo regime de caixa,311143701,"Classificar nesse código as rubricas contábeis representativas das receitas auferidas, praticadas com a administração pública direta, autárquica ou fundacional, cuja tributação se dará no momento do efetivo recebimento.","LC 214/2025 Art. 10, § 2º"
tax_311143801,Exportação de serviços,311143801,Classificar nesse código as rubricas contábeis representativas receitas que sejam provenientes de residentes no exterior e atendam os requisitos legais para serem consideradas exportação de serviços. Incluir nesse código os valores relativos a tarifas e outros encargos vinculados aos referidos contratos.,LC 214/2025 Art. 232
tax_311143802,Receitas com operações sujeitas a alíquota zero do regime de cooperativas,311143802,"Classificar nesse código as rubricas contábeis representativas das receitas auferidas com cooperados, optantes pelo regime regular do IBS e da CBS, pelas cooperativas optantes pelo regime específico previsto no Arts. 271 e 272 da LC 214/2025.","LC 214/2025 Art. 192, § 8º"
tax_311144101,Comissões auferidas com a intermediação,311144101,"Classificar nesse código as rubricas contábeis representativas das receitas auferidas com serviços de intermediação na venda de previdência complementar, prestados por instituições financeiras, que são obrigadas à entrega da DeRE.",LC 214/2025 Art. 228
tax_311144601,Receitas tributáveis pelo PIS/Cofins - Não tributáveis pela CBS - FG Competência,311144601,"Classificar nesse código as rubricas contábeis representativas valores recebidos, que sejam tributados pelo PIS/COFINS durante o período de transição.","LC 214/2025 Art. 408, § 1º"
tax_311144602,Receitas tributáveis pelo PIS/Cofins - Não tributáveis pela CBS - FG Caixa,311144602,"Classificar nesse código as rubricas contábeis representativas valores recebidos, que sejam tributados pelo PIS/COFINS durante o período de transição.","LC 214/2025 Art. 408, § 3º"
tax_311144701,Serviços prestados à administração pública tributados pelo regime de caixa,311144701,"Classificar nesse código as rubricas contábeis representativas das receitas auferidas, praticadas com a administração pública direta, autárquica ou fundacional, cuja tributação se dará no momento do efetivo recebimento.","LC 214/2025 Art. 10, § 2º"
tax_311144801,Exportação de serviços,311144801,Classificar nesse código as rubricas contábeis representativas receitas que sejam provenientes de residentes no exterior e atendam os requisitos legais para serem consideradas exportação de serviços. Incluir nesse código os valores relativos a tarifas e outros encargos vinculados aos referidos contratos.,LC 214/2025 Art. 232
tax_311144802,Receitas com operações sujeitas a alíquota zero do regime de cooperativas,311144802,"Classificar nesse código as rubricas contábeis representativas das receitas auferidas com cooperados, optantes pelo regime regular do IBS e da CBS, pelas cooperativas optantes pelo regime específico previsto no Arts. 271 e 272 da LC 214/2025.","LC 214/2025 Art. 192, § 8º"
tax_311151001,Receita com serviços remunerados por tarifa ou comissão,311151001,Classificar nesse código as rubricas contábeis representativas das receitas auferidas com tarifas ou comissões cobradas em operações de ativos virtuais.,"LC 214/2025 Art. 229, caput"
tax_311151002,Receita oriunda do exterior (não considerada exportação),311151002,"Classificar nesse código as rubricas contábeis representativas das receitas com operações de securitização ou faturização, que sejam provenientes de residentes no exterior, mas que não sejam consideradas exportação de serviços, sendo, portanto, tributáveis para o IBS/CBS.","LC 214/2025 Art. 232, § 2º"
tax_311156001,Receitas tributáveis pelo PIS/Cofins - Não tributáveis pela CBS - FG Competência,311156001,"Classificar nesse código as rubricas contábeis representativas valores recebidos, que sejam tributados pelo PIS/COFINS durante o período de transição.","LC 214/2025 Art. 408, § 1º"
tax_311156002,Receitas tributáveis pelo PIS/Cofins - Não tributáveis pela CBS - FG Caixa,311156002,"Classificar nesse código as rubricas contábeis representativas valores recebidos, que sejam tributados pelo PIS/COFINS durante o período de transição.","LC 214/2025 Art. 408, § 3º"
tax_311157001,Serviços prestados à administração pública tributados pelo regime de caixa,311157001,"Classificar nesse código as rubricas contábeis representativas das receitas auferidas, praticadas com a administração pública direta, autárquica ou fundacional, cuja tributação se dará no momento do efetivo recebimento.","LC 214/2025 Art. 10, § 2º"
tax_311158001,Exportação de serviços,311158001,Classificar nesse código as rubricas contábeis representativas receitas que sejam provenientes de residentes no exterior e atendam os requisitos legais para serem consideradas exportação de serviços. Incluir nesse código os valores relativos a tarifas e outros encargos vinculados aos referidos contratos.,LC 214/2025 Art. 232
tax_311158002,Receitas com operações sujeitas a alíquota zero do regime de cooperativas,311158002,"Classificar nesse código as rubricas contábeis representativas das receitas auferidas com cooperados, optantes pelo regime regular do IBS e da CBS, pelas cooperativas optantes pelo regime específico previsto no Arts. 271 e 272 da LC 214/2025.","LC 214/2025 Art. 192, § 8º"
tax_311161001,Receitas com operações de proteção patrimonial mutualista,311161001,Classificar nesse código as rubricas contábeis representativas das receitas auferidas nos serviços de proteção mutualista.,"LC 214/2025 Art. 182, XVII"
tax_311166001,Receitas tributáveis pelo PIS/Cofins - Não tributáveis pela CBS - FG Competência,311166001,"Classificar nesse código as rubricas contábeis representativas valores recebidos, que sejam tributados pelo PIS/COFINS durante o período de transição.","LC 214/2025 Art. 408, § 1º"
tax_311166002,Receitas tributáveis pelo PIS/Cofins - Não tributáveis pela CBS - FG Caixa,311166002,"Classificar nesse código as rubricas contábeis representativas valores recebidos, que sejam tributados pelo PIS/COFINS durante o período de transição.","LC 214/2025 Art. 408, § 3º"
tax_311167001,Serviços prestados à administração pública tributados pelo regime de caixa,311167001,"Classificar nesse código as rubricas contábeis representativas das receitas auferidas, praticadas com a administração pública direta, autárquica ou fundacional, cuja tributação se dará no momento do efetivo recebimento.","LC 214/2025 Art. 10, § 2º"
tax_311168001,Exportação de serviços,311168001,Classificar nesse código as rubricas contábeis representativas receitas que sejam provenientes de residentes no exterior e atendam os requisitos legais para serem consideradas exportação de serviços. Incluir nesse código os valores relativos a tarifas e outros encargos vinculados aos referidos contratos.,LC 214/2025 Art. 232
tax_311168002,Receitas com operações sujeitas a alíquota zero do regime de cooperativas,311168002,"Classificar nesse código as rubricas contábeis representativas das receitas auferidas com cooperados, optantes pelo regime regular do IBS e da CBS, pelas cooperativas optantes pelo regime específico previsto no Arts. 271 e 272 da LC 214/2025.","LC 214/2025 Art. 192, § 8º"
tax_311988099,Outras receitas não tributáveis,311988099,"Classificar nesse código as rubricas contábeis representativas de outras receitas auferidas que não sejam tributáveis pelo IBS/CBS. Por exemplo, receitas financeiras quando não incluídas expressamente na base de cálculo; receita com doação recebida; etc, nos termos da legislação.",LC 214/2025 Art. 6º
tax_312110001,Tarifas cobradas em operações tipicamente bancárias,312110001,Classificar nesse código as rubricas contábeis representativas das receitas auferidas com tarifas e comissões prestados exclusivamente por instituições financeiras bancárias.,LC 214/2025 Art. 184
tax_312110002,Tarifas cobradas pelos emissores de cartões,312110002,"Classificar nesse código as rubricas contábeis representativas das receitas relativas a tarifas cobradas pelos bancos ou instituições de pagamento, emissores dos portadores dos cartões, que ficam sujeitas às regras gerais de tributação do IBS/CBS.","LC 214/2025 Art. 214, § 2º"
tax_312110003,"Tarifa cobrada pela administração do benefício de vale alimentação, vale refeição e vale transporte",312110003,Classificar nesse código as rubricas contábeis referentes à tarifa de administração do beneficio nas operações de arranjos de pagamento.,"LC 214/2025 Art. 214, § 1º"
tax_312160001,Receitas tributáveis pelo PIS/Cofins - Não tributáveis pela CBS - FG Competência,312160001,"Classificar nesse código as rubricas contábeis representativas valores recebidos, que sejam tributados pelo PIS/COFINS durante o período de transição.","LC 214/2025 Art. 408, § 1º"
tax_312160002,Receitas tributáveis pelo PIS/Cofins - Não tributáveis pela CBS - FG Caixa,312160002,"Classificar nesse código as rubricas contábeis representativas valores recebidos, que sejam tributados pelo PIS/COFINS durante o período de transição.","LC 214/2025 Art. 408, § 3º"
tax_312180001,Exportação de serviços,312180001,Classificar nesse código as rubricas contábeis representativas receitas que sejam provenientes de residentes no exterior e atendam os requisitos legais para serem consideradas exportação de serviços. Incluir nesse código os valores relativos a tarifas e outros encargos vinculados aos referidos contratos.,LC 214/2025 Art. 232
tax_312180002,Receitas com operações sujeitas a alíquota zero do regime de cooperativas,312180002,"Classificar nesse código as rubricas contábeis representativas das receitas auferidas com cooperados, optantes pelo regime regular do IBS e da CBS, pelas cooperativas optantes pelo regime específico previsto no Arts. 271 e 272 da LC 214/2025.","LC 214/2025 Art. 192, § 8º"
tax_312200099,Outras receitas amparadas por documentos fiscais,312200099,"Classificar nesse código as rubricas contábeis representativas das receitas, que ficam sujeitas às regras gerais de tributação do IBS/CBS, cuja comprovação se dê pela emissão de documento fiscal.",
tax_319100001,Receitas com alienação de bens imóveis que tenham sido objeto de garantia,319100001,"Classificar nesse código as rubricas contábeis representativas das receitas auferidas com alienação de bens imóveis, que tenham sido objeto de garantia, cuja propriedade tenha sido transmitida para pagamento de dívidas.",LC 214/2025 Art. 200
tax_319100002,Receitas com alienação de outros bens imóveis,319100002,Classificar nesse código as rubricas contábeis representativas das receitas auferidas com alienação de outros bens móveis ou imóveis.,
tax_319100099,Outras receitas amparadas por documentos fiscais,319100099,Classificar nesse código outros valores tributáveis.,LC 214/2025
tax_411011101,Despesas de câmbio,411011101,Classificar nesse código as despesas com operações de câmbio.,"LC 214/2025 Art. 192, II"
tax_411011102,Despesas financeiras resultantes de perdas em operações com TVM,411011102,"Classificar nesse código as despesas com perdas em operações com Títulos e Valores Mobiliários, inclusive os ajustes negativos a valor justo.","LC 214/2025 Art. 192, III"
tax_411011103,Encargos financeiros ainda que registrados no patrimônio líquido,411011103,Classificar nesse código as despesas com encargos financeiros ainda que tenham sido registrados em contas do patrimônio líquido.,"LC 214/2025 Art. 192, IV"
tax_411011104,Perdas incorridas nas operações de crédito,411011104,"Classificar nesse código as despesas com perdas no recebimento de operações de crédito e perdas na cessão de créditos ou na concessão de descontos, desde que realizadas a valor de mercado e obedecidas as regras de dedutibilidade da legislação do Imposto de Renda.","LC 214/2025 Art. 192, V"
tax_411011105,"Despesa com correspondente bancário vinculada aos serviços de crédito, câmbio e TVM",411011105,"Classificar nesse código as despesas com correspondentes bancários, desde que vinculados aos serviços de crédito, câmbio e TVM, devidamente comprovados por meio de documento fiscal idôneo, emitidos pelos prestadores do serviço.","LC 214/2025 Art. 192, VI"
tax_411011106,Despesas com derivativos contratados,411011106,Classificar nesse código as rubricas contábeis representativas das despesas com derivativos contratados.,"LC 214/2025 Art. 192, § 7º"
tax_411011201,Despesa de captação de recursos,411011201,"Classificar nesse código as despesas com captação de recursos. No caso de banco múltiplos, o sistema fará um rateio dessas despesas entre as atividades que tiverem previsão de dedução da referida despesa, nos termos do Art. 202 da LC 214/2025.","LC 214/2025 Art. 192, I"
tax_411011601,PIS/Cofins incidente sobre a operação,411011601,Classificar nesse código as rubricas contábeis representativas dos valores do PIS e da Cofins incidentes sobre as operações.,"LC 214/2025 Art. 12, § 2º, V"
tax_411011602,ISSQN incidente sobre a operação,411011602,Classificar nesse código as despesas com ISSQN incidentes sobre as operações.,"LC 214/2025 Art. 12, § 2º, V"
tax_411011701,Variação negativa a valor justo em TVM,411011701,"Classificar nesse código as despesas com variações negativas de Títulos e Valores Mobiliários, que são registradas contabilmente por competência, mas dedutíveis quando da realização do ativo ou passivo.","LC 214/2025 Art. 192, § 6º"
tax_411011899,Outras despesas não dedutíveis,411011899,Classificar nesse código as rubricas contábeis relativas a outras despesas não dedutíveis da base de cálculo do IBS/CBS.,
tax_411012101,Despesas com assessor de investimento e consultor TVM,411012101,"Classificar nesse código as despesas com assessor de investimento, consultor de Títulos e Valores Mobiliários, devidamente comprovados por meio de documento fiscal idôneo, individualizável a cada operação.","LC 214/2025 Art. 192, VI"
tax_411012601,PIS/Cofins incidente sobre a operação,411012601,Classificar nesse código as rubricas contábeis representativas dos valores do PIS e da Cofins incidentes sobre as operações.,"LC 214/2025 Art. 12, § 2º, V"
tax_411012602,ISSQN incidente sobre a operação,411012602,Classificar nesse código as despesas com ISSQN incidentes sobre as operações.,"LC 214/2025 Art. 12, § 2º, V"
tax_411012899,Outras despesas não dedutíveis,411012899,Classificar nesse código as rubricas contábeis relativas a outras despesas não dedutíveis da base de cálculo do IBS/CBS.,
tax_411021111,Despesas de securitização,411021111,"Classificar nesse código as rubricas contábeis representativas das despesas com securitização, consistindo na emissão, distribuição, custódia, escrituração, registro, preparação e formalização de documentos, administração do patrimônio separado e atuação de agentes fiduciários, de cobrança e de classificação de risco, desde que esses serviços não tenham sido prestados por empregados ou administradores da empresa. Essas despesas devem ser acobertadas por documento fiscal idôneo, emitido pelo prestador do serviço.","LC 214/2025 Art. 193, § 1º, II"
tax_411021112,Perdas incorridas nos recebimentos de créditos e na concessão de descontos,411021112,"Classificar nesse código as rubricas contábeis representativas das despesas com perdas incorridas no recebimento de créditos e as perdas na cessão destes créditos e na concessão de descontos, desde que sejam realizados a valor de mercado.","LC 214/2025 Art. 193, § 2º"
tax_411021121,Despesa de captação de recursos,411021121,"Classificar nesse código as rubricas contábeis representativas das despesas com captação de recursos. Esse código deve ser utilizado somente por empresas exclusivamente securitizados ou faturizadoras. No caso de bancos múltiplos, com carteira de securitização ou faturização, utilizar o código relativo à despesa de captação do grupo de Crédito, Câmbio e TVM, para que seja usado como dedução o rateio dessa despesa.","LC 214/2025 Art. 193, § 1º, I"
tax_411021161,PIS/Cofins incidente sobre a operação,411021161,Classificar nesse código as rubricas contábeis representativas dos valores do PIS e da Cofins incidentes sobre as operações.,"LC 214/2025 Art. 12, § 2º, V"
tax_411021189,Outras despesas não dedutíveis,411021189,Classificar nesse código as rubricas contábeis relativas a outras despesas não dedutíveis da base de cálculo do IBS/CBS.,
tax_411021211,Despesas de securitização,411021211,"Classificar nesse código as rubricas contábeis representativas das despesas com securitização, consistindo na emissão, distribuição, custódia, escrituração, registro, preparação e formalização de documentos, administração do patrimônio separado e atuação de agentes fiduciários, de cobrança e de classificação de risco, desde que esses serviços não tenham sido prestados por empregados ou administradores da empresa. Essas despesas devem ser acobertadas por documento fiscal idôneo, emitido pelo prestador do serviço.","LC 214/2025 Art. 193, § 1º, II"
tax_411021261,PIS/Cofins incidente sobre a operação,411021261,Classificar nesse código as rubricas contábeis representativas dos valores do PIS e da Cofins incidentes sobre as operações.,"LC 214/2025 Art. 12, § 2º, V"
tax_411021289,Outras despesas não dedutíveis,411021289,Classificar nesse código as rubricas contábeis relativas a outras despesas não dedutíveis da base de cálculo do IBS/CBS.,
tax_411022161,PIS/Cofins incidente sobre a operação,411022161,Classificar nesse código as rubricas contábeis representativas dos valores do PIS e da Cofins incidentes sobre as operações.,"LC 214/2025 Art. 12, § 2º, V"
tax_411022171,Despesas reconhecidas por competência e dedutíveis por caixa,411022171,"Classificar nesse código as rubricas contábeis relativas ao registro das despesas por regime de competência, mas que serão dedutíveis da base de cálculo do IBS/CBS pelo regime de caixa.",
tax_411022189,Outras despesas não dedutíveis,411022189,Classificar nesse código as rubricas contábeis relativas a outras despesas não dedutíveis da base de cálculo do IBS/CBS.,
tax_411022261,PIS/Cofins incidente sobre a operação,411022261,Classificar nesse código as rubricas contábeis representativas dos valores do PIS e da Cofins incidentes sobre as operações.,"LC 214/2025 Art. 12, § 2º, V"
tax_411022271,Despesas reconhecidas por competência e dedutíveis por caixa,411022271,"Classificar nesse código as rubricas contábeis relativas ao registro das despesas por regime de competência, mas que serão dedutíveis da base de cálculo do IBS/CBS pelo regime de caixa.",
tax_411022289,Outras despesas não dedutíveis,411022289,Classificar nesse código as rubricas contábeis relativas a outras despesas não dedutíveis da base de cálculo do IBS/CBS.,
tax_411031161,PIS/Cofins incidente sobre a operação,411031161,Classificar nesse código as rubricas contábeis representativas dos valores do PIS e da Cofins incidentes sobre as operações.,"LC 214/2025 Art. 12, § 2º, V"
tax_411031162,ISSQN incidente sobre a operação,411031162,Classificar nesse código as despesas com ISSQN incidentes sobre as operações.,"LC 214/2025 Art. 12, § 2º, V"
tax_411031211,Despesas de arrendamento comprovadas com documentos fiscais,411031211,"Classificar nesse código as rubricas contábeis representativas dos valores das despesas com arrendamento mercantil operacional, oriunda de operações realizadas com pessoas físicas ou jurídicas não contribuintes do IBS e da CBS do Regime Regular, comprovadas mediante a emissão de documentos fiscais.","LC 214/2025 Art. 201, II, b"
tax_411031212,Despesas de arrendamento comprovadas com registro contábil,411031212,"Classificar nesse código as rubricas contábeis representativas dos valores das despesas com arrendamento mercantil operacional, oriunda de operações realizadas com pessoas físicas ou jurídicas não contribuintes do IBS e da CBS do Regime Regular, comprovadas mediante registro contábil, como depreciação do bem.","LC 214/2025 Art. 201, II, b"
tax_411031261,PIS/Cofins incidente sobre a operação,411031261,Classificar nesse código as rubricas contábeis representativas dos valores do PIS e da Cofins incidentes sobre as operações.,"LC 214/2025 Art. 12, § 2º, V"
tax_411031262,ISSQN incidente sobre a operação,411031262,Classificar nesse código as despesas com ISSQN incidentes sobre as operações.,"LC 214/2025 Art. 12, § 2º, V"
tax_411031281,Valor dos bens imóveis adquiridos para fins de arrendamento,411031281,"Classificar nesse código as rubricas contábeis onde estão registrados os bens imóveis adquiridos para fins de arrendamento mercantil operacional, comprovados mediante emissão de documento fiscal ou não (no caso de aquisição de pessoa física).",LC 214/2025 Art. 303
tax_411031361,PIS/Cofins incidente sobre a operação,411031361,Classificar nesse código as rubricas contábeis representativas dos valores do PIS e da Cofins incidentes sobre as operações.,"LC 214/2025 Art. 12, § 2º, V"
tax_411031362,ISSQN incidente sobre a operação,411031362,Classificar nesse código as despesas com ISSQN incidentes sobre as operações.,"LC 214/2025 Art. 12, § 2º, V"
tax_411031411,Despesas de arrendamento comprovadas com documentos fiscais,411031411,"Classificar nesse código as rubricas contábeis representativas dos valores das despesas com arrendamento mercantil operacional, oriunda de operações realizadas com pessoas físicas ou jurídicas não contribuintes do IBS e da CBS do Regime Regular, comprovadas mediante a emissão de documentos fiscais.","LC 214/2025 Art. 201, II, b"
tax_411031412,Despesas de arrendamento comprovadas com registro contábil,411031412,"Classificar nesse código as rubricas contábeis representativas dos valores das despesas com arrendamento mercantil operacional, oriunda de operações realizadas com pessoas físicas ou jurídicas não contribuintes do IBS e da CBS do Regime Regular, comprovadas mediante registro contábil, como depreciação do bem.","LC 214/2025 Art. 201, II, b"
tax_411031461,PIS/Cofins incidente sobre a operação,411031461,Classificar nesse código as rubricas contábeis representativas dos valores do PIS e da Cofins incidentes sobre as operações.,"LC 214/2025 Art. 12, § 2º, V"
tax_411031462,ISSQN incidente sobre a operação,411031462,Classificar nesse código as despesas com ISSQN incidentes sobre as operações.,"LC 214/2025 Art. 12, § 2º, V"
tax_411031481,Valor dos bens móveis adquiridos para fins de arrendamento,411031481,"Classificar nesse código as rubricas contábeis onde estão registrados os bens móveis adquiridos para fins de arrendamento mercantil operacional, comprovados mediante emissão de documento fiscal.",LC 214/2025 Art. 303
tax_411032161,PIS/Cofins incidente sobre a operação,411032161,Classificar nesse código as rubricas contábeis representativas dos valores do PIS e da Cofins incidentes sobre as operações.,"LC 214/2025 Art. 12, § 2º, V"
tax_411032162,ISSQN incidente sobre a operação,411032162,Classificar nesse código as despesas com ISSQN incidentes sobre as operações.,"LC 214/2025 Art. 12, § 2º, V"
tax_411032181,Despesas de arrendamento em operações realizadas com contribuintes do IBS/CBS,411032181,"Classificar nesse código as rubricas contábeis representativas dos valores das despesas com arrendamento mercantil operacional relativo a bens imóveis, oriunda de operações realizadas pessoas físicas ou jurídicas contribuintes do IBS e da CBS do Regime Regular.","LC 214/2025 Art. 201, II, b"
tax_411032261,PIS/Cofins incidente sobre a operação,411032261,Classificar nesse código as rubricas contábeis representativas dos valores do PIS e da Cofins incidentes sobre as operações.,"LC 214/2025 Art. 12, § 2º, V"
tax_411032262,ISSQN incidente sobre a operação,411032262,Classificar nesse código as despesas com ISSQN incidentes sobre as operações.,"LC 214/2025 Art. 12, § 2º, V"
tax_411032289,Outras despesas não dedutíveis,411032289,"Classificar nesse código as rubricas contábeis representativas dos valores das despesas com arrendamento mercantil operacional relativo a bens imóveis, oriunda de operações realizadas com não contribuintes do IBS e da CBS do Regime Regular.","LC 214/2025 Art. 201, II, b"
tax_411032361,PIS/Cofins incidente sobre a operação,411032361,Classificar nesse código as rubricas contábeis representativas dos valores do PIS e da Cofins incidentes sobre as operações.,"LC 214/2025 Art. 12, § 2º, V"
tax_411032362,ISSQN incidente sobre a operação,411032362,Classificar nesse código as despesas com ISSQN incidentes sobre as operações.,"LC 214/2025 Art. 12, § 2º, V"
tax_411032411,Despesas de arrendamento comprovadas com documentos fiscais,411032411,"Classificar nesse código as rubricas contábeis representativas dos valores das despesas com arrendamento mercantil operacional, oriunda de operações realizadas com pessoas físicas ou jurídicas não contribuintes do IBS e da CBS do Regime Regular, comprovadas mediante a emissão de documentos fiscais.","LC 214/2025 Art. 201, II, b"
tax_411032412,Despesas de arrendamento comprovadas com registro contábil,411032412,"Classificar nesse código as rubricas contábeis representativas dos valores das despesas com arrendamento mercantil operacional, oriunda de operações realizadas com pessoas físicas ou jurídicas não contribuintes do IBS e da CBS do Regime Regular, comprovadas mediante registro contábil, como depreciação do bem.","LC 214/2025 Art. 201, II, b"
tax_411032461,PIS/Cofins incidente sobre a operação,411032461,Classificar nesse código as rubricas contábeis representativas dos valores do PIS e da Cofins incidentes sobre as operações.,"LC 214/2025 Art. 12, § 2º, V"
tax_411032462,ISSQN incidente sobre a operação,411032462,Classificar nesse código as despesas com ISSQN incidentes sobre as operações.,"LC 214/2025 Art. 12, § 2º, V"
tax_411032481,Valor dos bens móveis adquiridos para fins de arrendamento,411032481,"Classificar nesse código as rubricas contábeis onde estão registrados os bens móveis adquiridos para fins de arrendamento mercantil operacional, comprovados mediante emissão de documento fiscal.",LC 214/2025 Art. 303
tax_411037001,Despesas reconhecidas por competência e dedutíveis por caixa,411037001,"Classificar nesse código as rubricas contábeis relativas ao registro das despesas por regime de competência, mas que serão dedutíveis da base de cálculo do IBS/CBS pelo regime de caixa.",
tax_411038099,Outras despesas não dedutíveis,411038099,Classificar nesse código as rubricas contábeis relativas a outras despesas não dedutíveis da base de cálculo do IBS/CBS.,
tax_411041161,PIS/Cofins incidente sobre a operação,411041161,Classificar nesse código as rubricas contábeis representativas dos valores do PIS e da Cofins incidentes sobre as operações.,"LC 214/2025 Art. 12, § 2º, V"
tax_411041162,ISSQN incidente sobre a operação,411041162,Classificar nesse código as despesas com ISSQN incidentes sobre as operações.,"LC 214/2025 Art. 12, § 2º, V"
tax_411041211,Despesa de captação de recursos,411041211,"Classificar nesse código as rubricas contábeis representativas dos valores pagos para captação interna de recursos. Esse código deve ser utilizado somente por empresas exclusivamente arrendadoras, em relação às receitas obtidas com contribuintes do IBS e da CBS do Regime Regular. Observações: 1. Ao final de cada competência a empresa deve fazer o cálculo do rateio das despesas de captação, na proporção das receitas tributáveis obtidas com contribuintes e com não contribuintes do IBS e da CBS, nos termos da legislação aplicável. 2. No caso de bancos múltiplos, com carteira de arrendamento, utilizar o código de Despesa de Captação relativo ao serviços de Crédito, Câmbio e TVM, para que seja feito o rateio proporcional a cada atividade.","LC 214/2025 Art. 201, II, a"
tax_411041261,PIS/Cofins incidente sobre a operação,411041261,Classificar nesse código as rubricas contábeis representativas dos valores do PIS e da Cofins incidentes sobre as operações.,"LC 214/2025 Art. 12, § 2º, V"
tax_411041262,ISSQN incidente sobre a operação,411041262,Classificar nesse código as despesas com ISSQN incidentes sobre as operações.,"LC 214/2025 Art. 12, § 2º, V"
tax_411042161,PIS/Cofins incidente sobre a operação,411042161,Classificar nesse código as rubricas contábeis representativas dos valores do PIS e da Cofins incidentes sobre as operações.,"LC 214/2025 Art. 12, § 2º, V"
tax_411042162,ISSQN incidente sobre a operação,411042162,Classificar nesse código as despesas com ISSQN incidentes sobre as operações.,"LC 214/2025 Art. 12, § 2º, V"
tax_411042261,PIS/Cofins incidente sobre a operação,411042261,Classificar nesse código as rubricas contábeis representativas dos valores do PIS e da Cofins incidentes sobre as operações.,"LC 214/2025 Art. 12, § 2º, V"
tax_411042262,ISSQN incidente sobre a operação,411042262,Classificar nesse código as despesas com ISSQN incidentes sobre as operações.,"LC 214/2025 Art. 12, § 2º, V"
tax_411047001,Despesas reconhecidas por competência e dedutíveis por caixa,411047001,"Classificar nesse código as rubricas contábeis relativas ao registro das despesas por regime de competência, mas que serão dedutíveis da base de cálculo do IBS/CBS pelo regime de caixa.",
tax_411048099,Outras despesas não dedutíveis,411048099,Classificar nesse código as rubricas contábeis relativas a outras despesas não dedutíveis da base de cálculo do IBS/CBS.,
tax_411051101,"Despesas com intermediação de consórcio, individualizável a cada cota de consórcio",411051101,"Classificar nesse código as rubricas contábeis representativas dos valores pagos pela intermediação na venda de cotas de consórcio, individualizável a cada cota de consórcio e devidamente comprovado por meio de documento fiscal idôneo, emitido pelo intermediador.","LC 214/2025 Art. 204, § 1º"
tax_411056001,PIS/Cofins incidente sobre a operação,411056001,Classificar nesse código as rubricas contábeis representativas dos valores do PIS e da Cofins incidentes sobre as operações.,"LC 214/2025 Art. 12, § 2º, V"
tax_411056002,ISSQN incidente sobre a operação,411056002,Classificar nesse código as despesas com ISSQN incidentes sobre as operações.,"LC 214/2025 Art. 12, § 2º, V"
tax_411057001,Despesas reconhecidas por competência e dedutíveis por caixa,411057001,"Classificar nesse código as rubricas contábeis relativas ao registro das despesas por regime de competência, mas que serão dedutíveis da base de cálculo do IBS/CBS pelo regime de caixa.",
tax_411058001,Valor pago relativo a serviços de intermediação não individualizável a cada cota de consórcio,411058001,"Classificar nesse código as rubricas contábeis representativas dos valores pagos a corretores de consórcio, mas que não sejam vinculados ao valor da cota de consórcio. Por exemplo: Valores pagos por atingimento de metas de vendas. Nessa hipótese o contribuinte poderá se creditar do valor constante no documento fiscal.","Dec. 12955/2026 Art. 299, § 3º Art. 299, § 3º"
tax_411058099,Outras despesas não dedutíveis,411058099,Classificar nesse código as rubricas contábeis relativas a outras despesas não dedutíveis da base de cálculo do IBS/CBS.,
tax_411061601,PIS/Cofins incidente sobre a operação,411061601,Classificar nesse código as rubricas contábeis representativas dos valores do PIS e da Cofins incidentes sobre as operações.,"LC 214/2025 Art. 12, § 2º, V"
tax_411061602,ISSQN incidente sobre a operação,411061602,Classificar nesse código as despesas com ISSQN incidentes sobre as operações.,"LC 214/2025 Art. 12, § 2º, V"
tax_411061899,Outras despesas não dedutíveis,411061899,Classificar nesse código as rubricas contábeis relativas a outras despesas não dedutíveis da base de cálculo do IBS/CBS.,
tax_411062601,PIS/Cofins incidente sobre a operação,411062601,Classificar nesse código as rubricas contábeis representativas dos valores do PIS e da Cofins incidentes sobre as operações.,"LC 214/2025 Art. 12, § 2º, V"
tax_411062602,ISSQN incidente sobre a operação,411062602,Classificar nesse código as despesas com ISSQN incidentes sobre as operações.,"LC 214/2025 Art. 12, § 2º, V"
tax_411062899,Outras despesas não dedutíveis,411062899,Classificar nesse código as rubricas contábeis relativas a outras despesas não dedutíveis da base de cálculo do IBS/CBS.,
tax_411071601,PIS/Cofins incidente sobre a operação,411071601,Classificar nesse código as rubricas contábeis representativas dos valores do PIS e da Cofins incidentes sobre as operações.,"LC 214/2025 Art. 12, § 2º, V"
tax_411071602,ISSQN incidente sobre a operação,411071602,Classificar nesse código as despesas com ISSQN incidentes sobre as operações.,"LC 214/2025 Art. 12, § 2º, V"
tax_411071899,Outras despesas não dedutíveis,411071899,Classificar nesse código as rubricas contábeis relativas a outras despesas não dedutíveis da base de cálculo do IBS/CBS.,
tax_411072101,Encargos financeiros ainda que registrados no patrimônio líquido,411072101,Classificar nesse código as despesas com encargos financeiros ainda que tenham sido registrados em contas do patrimônio líquido.,"LC 214/2025 Art. 192, IV"
tax_411072102,Perdas incorridas nas operações de crédito,411072102,"Classificar nesse código as despesas com perdas no recebimento de operações de crédito e perdas na cessão de créditos ou na concessão de descontos, desde que realizadas a valor de mercado e obedecidas as regras de dedutibilidade da legislação do Imposto de Renda.","LC 214/2025 Art. 192, V"
tax_411072103,Despesas com derivativos contratados,411072103,Classificar nesse código as rubricas contábeis representativas das despesas com derivativos contratados.,"LC 214/2025 Art. 192, § 7º"
tax_411072201,Despesa de captação de recursos,411072201,Classificar nesse código as rubricas contábeis representativas das despesas com captação de recursos do FGTS.,"LC 214/2025 Art. 192, I"
tax_411072601,PIS/Cofins incidente sobre a operação,411072601,Classificar nesse código as rubricas contábeis representativas dos valores do PIS e da Cofins incidentes sobre as operações.,"LC 214/2025 Art. 12, § 2º, V"
tax_411072602,ISSQN incidente sobre a operação,411072602,Classificar nesse código as despesas com ISSQN incidentes sobre as operações.,"LC 214/2025 Art. 12, § 2º, V"
tax_411072899,Outras despesas não dedutíveis,411072899,Classificar nesse código as rubricas contábeis relativas a outras despesas não dedutíveis da base de cálculo do IBS/CBS.,
tax_411073899,Outras despesas não dedutíveis,411073899,Classificar nesse código as rubricas contábeis relativas a outras despesas não dedutíveis da base de cálculo do IBS/CBS.,
tax_411081161,PIS/Cofins incidente sobre a operação,411081161,Classificar nesse código as rubricas contábeis representativas dos valores do PIS e da Cofins incidentes sobre as operações.,"LC 214/2025 Art. 12, § 2º, V"
tax_411081162,ISSQN incidente sobre a operação,411081162,Classificar nesse código as despesas com ISSQN incidentes sobre as operações.,"LC 214/2025 Art. 12, § 2º, V"
tax_411081171,Despesas reconhecidas por competência e dedutíveis por caixa,411081171,"Classificar nesse código as rubricas contábeis relativas ao registro das despesas por regime de competência, mas que serão dedutíveis da base de cálculo do IBS/CBS pelo regime de caixa.",
tax_411081189,Outras despesas não dedutíveis,411081189,Classificar nesse código as rubricas contábeis relativas a outras despesas não dedutíveis da base de cálculo do IBS/CBS.,
tax_411081261,PIS/Cofins incidente sobre a operação,411081261,Classificar nesse código as rubricas contábeis representativas dos valores do PIS e da Cofins incidentes sobre as operações.,"LC 214/2025 Art. 12, § 2º, V"
tax_411081262,ISSQN incidente sobre a operação,411081262,Classificar nesse código as despesas com ISSQN incidentes sobre as operações.,"LC 214/2025 Art. 12, § 2º, V"
tax_411081271,Despesas reconhecidas por competência e dedutíveis por caixa,411081271,"Classificar nesse código as rubricas contábeis relativas ao registro das despesas por regime de competência, mas que serão dedutíveis da base de cálculo do IBS/CBS pelo regime de caixa.",
tax_411081289,Outras despesas não dedutíveis,411081289,Classificar nesse código as rubricas contábeis relativas a outras despesas não dedutíveis da base de cálculo do IBS/CBS.,
tax_411081361,PIS/Cofins incidente sobre a operação,411081361,Classificar nesse código as rubricas contábeis representativas dos valores do PIS e da Cofins incidentes sobre as operações.,"LC 214/2025 Art. 12, § 2º, V"
tax_411081362,ISSQN incidente sobre a operação,411081362,Classificar nesse código as despesas com ISSQN incidentes sobre as operações.,"LC 214/2025 Art. 12, § 2º, V"
tax_411081371,Despesas reconhecidas por competência e dedutíveis por caixa,411081371,"Classificar nesse código as rubricas contábeis relativas ao registro das despesas por regime de competência, mas que serão dedutíveis da base de cálculo do IBS/CBS pelo regime de caixa.",
tax_411081389,Outras despesas não dedutíveis,411081389,Classificar nesse código as rubricas contábeis relativas a outras despesas não dedutíveis da base de cálculo do IBS/CBS.,
tax_411082161,PIS/Cofins incidente sobre a operação,411082161,Classificar nesse código as rubricas contábeis representativas dos valores do PIS e da Cofins incidentes sobre as operações.,"LC 214/2025 Art. 12, § 2º, V"
tax_411082162,ISSQN incidente sobre a operação,411082162,Classificar nesse código as despesas com ISSQN incidentes sobre as operações.,"LC 214/2025 Art. 12, § 2º, V"
tax_411082171,Despesas reconhecidas por competência e dedutíveis por caixa,411082171,"Classificar nesse código as rubricas contábeis relativas ao registro das despesas por regime de competência, mas que serão dedutíveis da base de cálculo do IBS/CBS pelo regime de caixa.",
tax_411082189,Outras despesas não dedutíveis,411082189,Classificar nesse código as rubricas contábeis relativas a outras despesas não dedutíveis da base de cálculo do IBS/CBS.,
tax_411082261,PIS/Cofins incidente sobre a operação,411082261,Classificar nesse código as rubricas contábeis representativas dos valores do PIS e da Cofins incidentes sobre as operações.,"LC 214/2025 Art. 12, § 2º, V"
tax_411082262,ISSQN incidente sobre a operação,411082262,Classificar nesse código as despesas com ISSQN incidentes sobre as operações.,"LC 214/2025 Art. 12, § 2º, V"
tax_411082271,Despesas reconhecidas por competência e dedutíveis por caixa,411082271,"Classificar nesse código as rubricas contábeis relativas ao registro das despesas por regime de competência, mas que serão dedutíveis da base de cálculo do IBS/CBS pelo regime de caixa.",
tax_411082289,Outras despesas não dedutíveis,411082289,Classificar nesse código as rubricas contábeis relativas a outras despesas não dedutíveis da base de cálculo do IBS/CBS.,
tax_411082361,PIS/Cofins incidente sobre a operação,411082361,Classificar nesse código as rubricas contábeis representativas dos valores do PIS e da Cofins incidentes sobre as operações.,"LC 214/2025 Art. 12, § 2º, V"
tax_411082362,ISSQN incidente sobre a operação,411082362,Classificar nesse código as despesas com ISSQN incidentes sobre as operações.,"LC 214/2025 Art. 12, § 2º, V"
tax_411082371,Despesas reconhecidas por competência e dedutíveis por caixa,411082371,"Classificar nesse código as rubricas contábeis relativas ao registro das despesas por regime de competência, mas que serão dedutíveis da base de cálculo do IBS/CBS pelo regime de caixa.",
tax_411082389,Outras despesas não dedutíveis,411082389,Classificar nesse código as rubricas contábeis relativas a outras despesas não dedutíveis da base de cálculo do IBS/CBS.,
tax_411083161,PIS/Cofins incidente sobre a operação,411083161,Classificar nesse código as rubricas contábeis representativas dos valores do PIS e da Cofins incidentes sobre as operações.,"LC 214/2025 Art. 12, § 2º, V"
tax_411083162,ISSQN incidente sobre a operação,411083162,Classificar nesse código as despesas com ISSQN incidentes sobre as operações.,"LC 214/2025 Art. 12, § 2º, V"
tax_411083171,Despesas reconhecidas por competência e dedutíveis por caixa,411083171,"Classificar nesse código as rubricas contábeis relativas ao registro das despesas por regime de competência, mas que serão dedutíveis da base de cálculo do IBS/CBS pelo regime de caixa.",
tax_411083189,Outras despesas não dedutíveis,411083189,Classificar nesse código as rubricas contábeis relativas a outras despesas não dedutíveis da base de cálculo do IBS/CBS.,
tax_411083261,PIS/Cofins incidente sobre a operação,411083261,Classificar nesse código as rubricas contábeis representativas dos valores do PIS e da Cofins incidentes sobre as operações.,"LC 214/2025 Art. 12, § 2º, V"
tax_411083262,ISSQN incidente sobre a operação,411083262,Classificar nesse código as despesas com ISSQN incidentes sobre as operações.,"LC 214/2025 Art. 12, § 2º, V"
tax_411083271,Despesas reconhecidas por competência e dedutíveis por caixa,411083271,"Classificar nesse código as rubricas contábeis relativas ao registro das despesas por regime de competência, mas que serão dedutíveis da base de cálculo do IBS/CBS pelo regime de caixa.",
tax_411083289,Outras despesas não dedutíveis,411083289,Classificar nesse código as rubricas contábeis relativas a outras despesas não dedutíveis da base de cálculo do IBS/CBS.,
tax_411091001,Valor dos pontos pagos no resgate,411091001,Classificar nesse código as rubricas contábeis representativas dos valores pagos pelos pontos utilizados.,"LC 214/2025 Art. 219-A, I"
tax_411091002,"Valor ressarcido por pontos não utilizados, computados como receita",411091002,"Classificar nesse código as rubricas contábeis representativas dos pontos não utilizados pelos parceiros adquirentes, que foram oferecidos à tributação no momento da emissão, e que tenham sido devolvidos à administradora do programa de fidelidade.","LC 214/2025 Art. 219-A, I"
tax_411096001,PIS/Cofins incidente sobre a operação,411096001,Classificar nesse código as rubricas contábeis representativas dos valores do PIS e da Cofins incidentes sobre as operações.,"LC 214/2025 Art. 12, § 2º, V"
tax_411096002,ISSQN incidente sobre a operação,411096002,Classificar nesse código as despesas com ISSQN incidentes sobre as operações.,"LC 214/2025 Art. 12, § 2º, V"
tax_411098099,Outras despesas não dedutíveis,411098099,Classificar nesse código as rubricas contábeis relativas a outras despesas não dedutíveis da base de cálculo do IBS/CBS.,
tax_411106001,PIS/Cofins incidente sobre a operação,411106001,Classificar nesse código as rubricas contábeis representativas dos valores do PIS e da Cofins incidentes sobre as operações.,"LC 214/2025 Art. 12, § 2º, V"
tax_411106002,ISSQN incidente sobre a operação,411106002,Classificar nesse código as despesas com ISSQN incidentes sobre as operações.,"LC 214/2025 Art. 12, § 2º, V"
tax_411108099,Outras despesas não dedutíveis,411108099,Classificar nesse código as rubricas contábeis relativas a outras despesas não dedutíveis da base de cálculo do IBS/CBS.,
tax_411111161,PIS/Cofins incidente sobre a operação,411111161,Classificar nesse código as rubricas contábeis representativas dos valores do PIS e da Cofins incidentes sobre as operações.,"LC 214/2025 Art. 12, § 2º, V"
tax_411111162,ISSQN incidente sobre a operação,411111162,Classificar nesse código as despesas com ISSQN incidentes sobre as operações.,"LC 214/2025 Art. 12, § 2º, V"
tax_411111261,PIS/Cofins incidente sobre a operação,411111261,Classificar nesse código as rubricas contábeis representativas dos valores do PIS e da Cofins incidentes sobre as operações.,"LC 214/2025 Art. 12, § 2º, V"
tax_411111262,ISSQN incidente sobre a operação,411111262,Classificar nesse código as despesas com ISSQN incidentes sobre as operações.,"LC 214/2025 Art. 12, § 2º, V"
tax_411112601,PIS/Cofins incidente sobre a operação,411112601,Classificar nesse código as rubricas contábeis representativas dos valores do PIS e da Cofins incidentes sobre as operações.,"LC 214/2025 Art. 12, § 2º, V"
tax_411112602,ISSQN incidente sobre a operação,411112602,Classificar nesse código as despesas com ISSQN incidentes sobre as operações.,"LC 214/2025 Art. 12, § 2º, V"
tax_411113701,Despesas reconhecidas por competência e dedutíveis por caixa,411113701,"Classificar nesse código as rubricas contábeis relativas ao registro das despesas por regime de competência, mas que serão dedutíveis da base de cálculo do IBS/CBS pelo regime de caixa.",
tax_411113899,Outras despesas não dedutíveis,411113899,Classificar nesse código as rubricas contábeis relativas a outras despesas não dedutíveis da base de cálculo do IBS/CBS.,
tax_411121601,PIS/Cofins incidente sobre a operação,411121601,Classificar nesse código as rubricas contábeis representativas dos valores do PIS e da Cofins incidentes sobre as operações.,"LC 214/2025 Art. 12, § 2º, V"
tax_411121602,ISSQN incidente sobre a operação,411121602,Classificar nesse código as despesas com ISSQN incidentes sobre as operações.,"LC 214/2025 Art. 12, § 2º, V"
tax_411121701,Despesas reconhecidas por competência e dedutíveis por caixa,411121701,"Classificar nesse código as rubricas contábeis relativas ao registro das despesas por regime de competência, mas que serão dedutíveis da base de cálculo do IBS/CBS pelo regime de caixa.",
tax_411121899,Outras despesas não dedutíveis,411121899,Classificar nesse código as rubricas contábeis relativas a outras despesas não dedutíveis da base de cálculo do IBS/CBS.,
tax_411122899,Outras despesas não dedutíveis,411122899,Classificar nesse código as rubricas contábeis relativas a outras despesas não dedutíveis da base de cálculo do IBS/CBS.,
tax_411136001,PIS/Cofins incidente sobre a operação,411136001,Classificar nesse código as rubricas contábeis representativas dos valores do PIS e da Cofins incidentes sobre as operações.,"LC 214/2025 Art. 12, § 2º, V"
tax_411136002,ISSQN incidente sobre a operação,411136002,Classificar nesse código as despesas com ISSQN incidentes sobre as operações.,"LC 214/2025 Art. 12, § 2º, V"
tax_411137001,Despesas reconhecidas por competência e dedutíveis por caixa,411137001,"Classificar nesse código as rubricas contábeis relativas ao registro das despesas por regime de competência, mas que serão dedutíveis da base de cálculo do IBS/CBS pelo regime de caixa.",
tax_411138099,Outras despesas não dedutíveis,411138099,Classificar nesse código as rubricas contábeis relativas a outras despesas não dedutíveis da base de cálculo do IBS/CBS.,
tax_411141601,PIS/Cofins incidente sobre a operação,411141601,Classificar nesse código as rubricas contábeis representativas dos valores do PIS e da Cofins incidentes sobre as operações.,"LC 214/2025 Art. 12, § 2º, V"
tax_411141602,ISSQN incidente sobre a operação,411141602,Classificar nesse código as despesas com ISSQN incidentes sobre as operações.,"LC 214/2025 Art. 12, § 2º, V"
tax_411141899,Outras despesas não dedutíveis,411141899,Classificar nesse código as rubricas contábeis relativas a outras despesas não dedutíveis da base de cálculo do IBS/CBS.,
tax_411142601,PIS/Cofins incidente sobre a operação,411142601,Classificar nesse código as rubricas contábeis representativas dos valores do PIS e da Cofins incidentes sobre as operações.,"LC 214/2025 Art. 12, § 2º, V"
tax_411142602,ISSQN incidente sobre a operação,411142602,Classificar nesse código as despesas com ISSQN incidentes sobre as operações.,"LC 214/2025 Art. 12, § 2º, V"
tax_411142899,Outras despesas não dedutíveis,411142899,Classificar nesse código as rubricas contábeis relativas a outras despesas não dedutíveis da base de cálculo do IBS/CBS.,
tax_411143601,PIS/Cofins incidente sobre a operação,411143601,Classificar nesse código as rubricas contábeis representativas dos valores do PIS e da Cofins incidentes sobre as operações.,"LC 214/2025 Art. 12, § 2º, V"
tax_411143602,ISSQN incidente sobre a operação,411143602,Classificar nesse código as despesas com ISSQN incidentes sobre as operações.,"LC 214/2025 Art. 12, § 2º, V"
tax_411143899,Outras despesas não dedutíveis,411143899,Classificar nesse código as rubricas contábeis relativas a outras despesas não dedutíveis da base de cálculo do IBS/CBS.,
tax_411144601,PIS/Cofins incidente sobre a operação,411144601,Classificar nesse código as rubricas contábeis representativas dos valores do PIS e da Cofins incidentes sobre as operações.,"LC 214/2025 Art. 12, § 2º, V"
tax_411144602,ISSQN incidente sobre a operação,411144602,Classificar nesse código as despesas com ISSQN incidentes sobre as operações.,"LC 214/2025 Art. 12, § 2º, V"
tax_411144899,Outras despesas não dedutíveis,411144899,Classificar nesse código as rubricas contábeis relativas a outras despesas não dedutíveis da base de cálculo do IBS/CBS.,
tax_411156001,PIS/Cofins incidente sobre a operação,411156001,Classificar nesse código as rubricas contábeis representativas dos valores do PIS e da Cofins incidentes sobre as operações.,"LC 214/2025 Art. 12, § 2º, V"
tax_411156002,ISSQN incidente sobre a operação,411156002,Classificar nesse código as despesas com ISSQN incidentes sobre as operações.,"LC 214/2025 Art. 12, § 2º, V"
tax_411158099,Outras despesas não dedutíveis,411158099,Classificar nesse código as rubricas contábeis relativas a outras despesas não dedutíveis da base de cálculo do IBS/CBS.,
tax_411166001,PIS/Cofins incidente sobre a operação,411166001,Classificar nesse código as rubricas contábeis representativas dos valores do PIS e da Cofins incidentes sobre as operações.,"LC 214/2025 Art. 12, § 2º, V"
tax_411166002,ISSQN incidente sobre a operação,411166002,Classificar nesse código as despesas com ISSQN incidentes sobre as operações.,"LC 214/2025 Art. 12, § 2º, V"
tax_411168099,Outras despesas não dedutíveis,411168099,Classificar nesse código as rubricas contábeis relativas a outras despesas não dedutíveis da base de cálculo do IBS/CBS.,
tax_411998001,"Despesa de captação de cooperativas com recursos próprios, de cooperados ou recursos públicos",411998001,"Classificar nesse código as despesas com captação de recursos junto a cooperados, ou com recursos públicos ou, ainda, recursos próprios, no caso das cooperativas de crédito ou bancos cooperativos, optantes pelo regime específico do operações com cooperados do regime regular do IBS/CBS.","LC 214/2025 Art. 192, § 8º Art. 271 da LC 214/2025, aplicados em"
tax_411998002,Provisão para perdas,411998002,Classificar nesse código as despesas com provisão para perdas.,LC 214/2025 Art. 186
tax_411998003,Crédito baixado como prejuízo,411998003,Classificar nesse código as despesas com créditos baixados como prejuízo.,LC 214/2025 Art. 186
tax_411998004,Despesas administrativas,411998004,Classificar nesse código as despesas administrativas.,LC 214/2025 Art. 187
tax_411998005,Despesa já deduzida anteriormente,411998005,Classificar nesse código as despesas já deduzidas anteriormente.,LC 214/2025 Art. 302
tax_411998006,"Despesa com correspondente bancário não vinculada a serviços de crédito, câmbio e TVM",411998006,"Classificar nesse código as despesas com correspondentes bancários, não vinculados aos serviços de crédito, câmbio e TVM, devidamente comprovados por meio de documento fiscal idôneo, emitidos pelos prestadores do serviço. Nesse caso, o contribuinte pode aproveitar crédito do IBS e CBS sobre o serviço.","LC 214/2025 Art. 192, VI"
tax_411998099,Outras despesas não dedutíveis,411998099,Classificar nesse código as rubricas contábeis relativas a outras despesas não dedutíveis da base de cálculo do IBS/CBS.,
tax_412160001,PIS/Cofins incidente sobre a operação,412160001,Classificar nesse código as rubricas contábeis representativas dos valores do PIS e da Cofins incidentes sobre as operações.,"LC 214/2025 Art. 12, § 2º, V"
tax_412160002,ISSQN incidente sobre a operação,412160002,Classificar nesse código as despesas com ISSQN incidentes sobre as operações.,"LC 214/2025 Art. 12, § 2º, V"
tax_412180099,Outras despesas não dedutíveis,412180099,Classificar nesse código as rubricas contábeis relativas a outras despesas não dedutíveis da base de cálculo do IBS/CBS.,
tax_419800099,Outras despesas não dedutíveis,419800099,Classificar nesse código as rubricas contábeis relativas a outras despesas não dedutíveis da base de cálculo do IBS/CBS.,
tax_120110001,Prêmios ou contraprestações recebidas - Seguros ou planos individuais,120110001,Classificar nesse código as rubricas contábeis representativas dos valores recebidos por prêmios ou contraprestações em planos individuais.,"LC 214/2025 Art. 235, I, a"
tax_120110002,Prêmios ou contraprestações recebidas - Seguros ou planos coletivos sem estipulantes,120110002,Classificar nesse código as rubricas contábeis representativas dos valores recebidos por prêmios ou contraprestações em planos coletivos sem a interveniência de estipulantes.,"LC 214/2025 Art. 235, I, a"
tax_120110003,Prêmios ou contraprestações recebidas - Seguros ou planos coletivos com estipulantes,120110003,Classificar nesse código as rubricas contábeis representativas dos valores recebidos por prêmios ou contraprestações em planos coletivos com a interveniência de estipulantes.,"LC 214/2025 Art. 235, I, a"
tax_120110004,Prêmios ou contraprestações recebidas - Corresponsabilidade assumida,120110004,Classificar nesse código as rubricas contábeis representativas dos valores recebidos por prêmios ou contraprestações em razão de corresponsabilidade assumida.,"LC 214/2025 Art. 235, I, a"
tax_120110005,Prêmios ou contraprestações recebidas - Contratos sem individualização do valor por titular,120110005,Classificar nesse código as rubricas contábeis representativas dos valores recebidos por prêmios ou contraprestações em contratos sem a individualização do valor prêmio ou contraprestação por beneficiário titular.,"LC 214/2025 Art. 239, § 1º"
tax_120110006,Taxas de administração recebidas,120110006,Classificar nesse código as rubricas contábeis representativas dos valores de taxas de administração recebidas.,"LC 214/2025 Art. 235, I, b"
tax_120110007,Valores recebidos de outras entidades do setor,120110007,Classificar nesse código as rubricas contábeis representativas dos valores recebidos de outras entidades do setor de planos de assistência à saúde.,"LC 214/2025 Art. 235, I, b"
tax_120130001,Aplicações financeiras sobre reservas técnicas,120130001,"Classificar nesse código as rubricas contábeis representativas das aplicações financeiras vinculadas a reservas técnicas, nos termos de regulamento da ANS, sejam elas pertencentes ao Ativo Circulante ou Não Circulante.","LC 214/2025 Art. 235, § 4º, I"
tax_120140001,Valores tributados pelo PIS/Cofins - Não tributáveis pela CBS - FG Competência,120140001,"Classificar nesse código as rubricas contábeis representativas valores recebidos, que sejam tributados pelo PIS/COFINS durante o período de transição.","LC 214/2025 Art. 408, § 1º"
tax_120140002,Valores tributados pelo PIS/Cofins - Não tributáveis pela CBS - FG Caixa,120140002,"Classificar nesse código as rubricas contábeis representativas valores recebidos, que sejam tributados pelo PIS/COFINS durante o período de transição.","LC 214/2025 Art. 408, § 3º"
tax_120150001,Exportação de serviços,120150001,"Classificar nesse código as rubricas contábeis representativas valores recebidos, que sejam provenientes de residentes no exterior e atendam os requisitos legais para serem consideradas exportação de serviços. Incluir nesse código os valores relativos a tarifas e outros encargos vinculados aos referidos contratos.","Dec. 12955/2026 Art. 341, caput Art. 341, caput"
tax_120161001,Indenizações pagas ao beneficiário do plano ou seguro saúde correspondentes a eventos ocorridos,120161001,"Classificar nesse código as rubricas contábeis representativas dos valores das indenizações pagas aos usuários dos planos ou seguro saúde, referentes a eventos ocorridos, referentes ao total dos custos assistenciais, decorrente da utilização da cobertura pelos beneficiários dos planos ou seguro saúde. Incluir nesse código tanto os pagamentos de despesas pagas à vista (escrituradas diretamente nas contas de resultado), quanto as que forem pagos após o encerramento da competência (registradas no passivo circulante).","LC 214/2025 Art. 235, II, a"
tax_120161002,Indenizações pagas a terceiros correspondentes a eventos ocorridos,120161002,"Classificar nesse código as rubricas contábeis representativas dos valores das indenizações pagas a terceiros, devidamente comprovadas por meio de documento fiscal idôneo, emitido pelo prestador do serviço, referentes a eventos ocorridos, referentes ao total dos custos assistenciais, decorrente da utilização da cobertura pelos beneficiários. Incluir nesse código tanto os pagamentos de despesas pagas à vista (escrituradas diretamente nas contas de resultado), quanto as que forem pagos após o encerramento da competência (registradas no passivo circulante).","LC 214/2025 Art. 235, II, a"
tax_120161003,Indenizações pagas ao SUS por assistência aos seus conveniados,120161003,"Classificar nesse código as rubricas contábeis representativas dos valores das indenizações pagas a SUS - Sistema Único de Saúde, referentes a eventos ocorridos, referentes ao total dos custos assistenciais, decorrente da utilização da cobertura pelos beneficiários. Incluir nesse código tanto os pagamentos de despesas pagas à vista (escrituradas diretamente nas contas de resultado), quanto as que forem pagos após o encerramento da competência (registradas no passivo circulante).","LC 214/2025 Art. 235, II, a"
tax_120161004,Valores pagos por corresponsabilidade cedida,120161004,"Classificar nesse código as rubricas contábeis representativas dos valores pagos por corresponsabilidade cedida. Incluir nesse código tanto os pagamentos de despesas pagas à vista (escrituradas diretamente nas contas de resultado), quanto as que forem pagos após o encerramento da competência (registradas no passivo circulante).","LC 214/2025 Art. 235, II, a"
tax_120161005,Restituições de prêmios ou contraprestações,120161005,"Classificar nesse código as rubricas contábeis representativas dos valores das restituições de prêmios ou contraprestações pagas aos titulares dos planos ou seguro saúde. Incluir nesse código tanto os pagamentos de despesas pagas à vista (escrituradas diretamente nas contas de resultado), quanto as que forem pagos após o encerramento da competência (registradas no passivo circulante).","LC 214/2025 Art. 235, II, b"
tax_120161006,Valores pagos pela intermediação de seguros ou planos de saúde,120161006,"Classificar nesse código as rubricas contábeis representativas dos valores pagos pela intermediação na venda de planos ou seguro saúde, devidamente comprovado por documento fiscal idôneo, emitido pelo intermediador. Incluir nesse código tanto os pagamentos de despesas pagas à vista (escrituradas diretamente nas contas de resultado), quanto as que forem pagos após o encerramento da competência (registradas no passivo circulante).","LC 214/2025 Art. 235, II, c"
tax_120161007,Taxa de administração paga às administradoras de benefícios,120161007,"Classificar nesse código as rubricas contábeis representativas dos valores de taxa de administração paga à administradora de benefícios. Incluir nesse código tanto os pagamentos de despesas pagas à vista (escrituradas diretamente nas contas de resultado), quanto as que forem pagos após o encerramento da competência (registradas no passivo circulante).","LC 214/2025 Art. 235, II, d"
tax_120161099,Outros valores pagos às demais entidades,120161099,"Classificar nesse código as rubricas contábeis representativas dos outros valores pagos às demais entidades do setor de planos de assistência à saúde. Incluir nesse código tanto os pagamentos de despesas pagas à vista (escrituradas diretamente nas contas de resultado), quanto as que forem pagos após o encerramento da competência (registradas no passivo circulante).","LC 214/2025 Art. 235, II, d"
tax_120180001,Valores pagos vinculados a contratos de exportação,120180001,Classificar nesse código as demais rubricas contábeis relativas a despesas vinculadas a contratos de exportação de serviços.,"Dec. 12955/2026 Art. 341, § 1º Res. CGIBS 6/2026 Art. 341, § 1º"
tax_120180002,Valores pagos por atos cooperativos com opção à alíquota zero,120180002,"Classificar nesse código as rubricas contábeis representativas dos valores pagos a cooperados, pelas cooperativas optantes pelo regime Arts. 271 e 272 específico previsto no Arts. 271 e 272 da LC 214/2025.",LC 214/2025
tax_120210001,Prêmios ou contraprestações recebidas - Seguros ou planos individuais,120210001,Classificar nesse código as rubricas contábeis representativas dos valores recebidos por prêmios ou contraprestações em planos individuais.,"LC 214/2025 Art. 235, I, a"
tax_120210002,Prêmios ou contraprestações recebidas - Seguros ou planos coletivos sem estipulantes,120210002,Classificar nesse código as rubricas contábeis representativas dos valores recebidos por prêmios ou contraprestações em planos coletivos sem a interveniência de estipulantes.,"LC 214/2025 Art. 235, I, a"
tax_120210003,Prêmios ou contraprestações recebidas - Seguros ou planos coletivos com estipulantes,120210003,Classificar nesse código as rubricas contábeis representativas dos valores recebidos por prêmios ou contraprestações em planos coletivos com a interveniência de estipulantes.,"LC 214/2025 Art. 235, I, a"
tax_120210004,Prêmios ou contraprestações recebidas - Corresponsabilidade assumida,120210004,Classificar nesse código as rubricas contábeis representativas dos valores recebidos por prêmios ou contraprestações em razão de corresponsabilidade assumida.,"LC 214/2025 Art. 235, I, a"
tax_120210005,Prêmios ou contraprestações recebidas - Contratos sem individualização do valor por titular,120210005,Classificar nesse código as rubricas contábeis representativas dos valores recebidos por prêmios ou contraprestações em contratos sem a individualização do valor prêmio ou contraprestação por beneficiário titular.,"LC 214/2025 Art. 239, § 1º"
tax_120210006,Taxas de administração recebidas,120210006,Classificar nesse código as rubricas contábeis representativas dos valores de taxas de administração recebidas.,"LC 214/2025 Art. 235, I, b"
tax_120210007,Valores recebidos de outras entidades do setor,120210007,Classificar nesse código as rubricas contábeis representativas dos valores recebidos de outras entidades do setor de planos de assistência à saúde.,"LC 214/2025 Art. 235, I, b"
tax_120230001,Aplicações financeiras sobre reservas técnicas,120230001,"Classificar nesse código as rubricas contábeis representativas das aplicações financeiras vinculadas a reservas técnicas, nos termos de regulamento da ANS, sejam elas pertencentes ao Ativo Circulante ou Não Circulante.","LC 214/2025 Art. 235, § 4º, I"
tax_120240001,Valores tributados pelo PIS/Cofins - Não tributáveis pela CBS - FG Competência,120240001,"Classificar nesse código as rubricas contábeis representativas valores recebidos, que sejam tributados pelo PIS/COFINS durante o período de transição.","LC 214/2025 Art. 408, § 1º"
tax_120240002,Valores tributados pelo PIS/Cofins - Não tributáveis pela CBS - FG Caixa,120240002,"Classificar nesse código as rubricas contábeis representativas valores recebidos, que sejam tributados pelo PIS/COFINS durante o período de transição.","LC 214/2025 Art. 408, § 3º"
tax_120250001,Exportação de serviços,120250001,"Classificar nesse código as rubricas contábeis representativas valores recebidos, que sejam provenientes de residentes no exterior e atendam os requisitos legais para serem consideradas exportação de serviços. Incluir nesse código os valores relativos a tarifas e outros encargos vinculados aos referidos contratos.","Dec. 12955/2026 Art. 341, caput Art. 341, caput"
tax_120261001,Indenizações pagas ao beneficiário do plano ou seguro saúde correspondentes a eventos ocorridos,120261001,"Classificar nesse código as rubricas contábeis representativas dos valores das indenizações pagas aos usuários dos planos ou seguro saúde, referentes a eventos ocorridos, referentes ao total dos custos assistenciais, decorrente da utilização da cobertura pelos beneficiários dos planos ou seguro saúde. Incluir nesse código tanto os pagamentos de despesas pagas à vista (escrituradas diretamente nas contas de resultado), quanto as que forem pagos após o encerramento da competência (registradas no passivo circulante).","LC 214/2025 Art. 235, II, a"
tax_120261002,Indenizações pagas a terceiros correspondentes a eventos ocorridos,120261002,"Classificar nesse código as rubricas contábeis representativas dos valores das indenizações pagas a terceiros, devidamente comprovadas por meio de documento fiscal idôneo, emitido pelo prestador do serviço, referentes a eventos ocorridos, referentes ao total dos custos assistenciais, decorrente da utilização da cobertura pelos beneficiários. Incluir nesse código tanto os pagamentos de despesas pagas à vista (escrituradas diretamente nas contas de resultado), quanto as que forem pagos após o encerramento da competência (registradas no passivo circulante).","LC 214/2025 Art. 235, II, a"
tax_120261003,Valores pagos por corresponsabilidade cedida,120261003,"Classificar nesse código as rubricas contábeis representativas dos valores pagos por corresponsabilidade cedida. Incluir nesse código tanto os pagamentos de despesas pagas à vista (escrituradas diretamente nas contas de resultado), quanto as que forem pagos após o encerramento da competência (registradas no passivo circulante).","LC 214/2025 Art. 235, II, a"
tax_120261004,Restituições de prêmios ou contraprestações,120261004,"Classificar nesse código as rubricas contábeis representativas dos valores das restituições de prêmios ou contraprestações pagas aos titulares dos planos ou seguro saúde. Incluir nesse código tanto os pagamentos de despesas pagas à vista (escrituradas diretamente nas contas de resultado), quanto as que forem pagos após o encerramento da competência (registradas no passivo circulante).","LC 214/2025 Art. 235, II, b"
tax_120261005,Valores pagos pela intermediação de seguros ou planos de saúde,120261005,"Classificar nesse código as rubricas contábeis representativas dos valores pagos pela intermediação na venda de planos ou seguro saúde, devidamente comprovado por documento fiscal idôneo, emitido pelo intermediador. Incluir nesse código tanto os pagamentos de despesas pagas à vista (escrituradas diretamente nas contas de resultado), quanto as que forem pagos após o encerramento da competência (registradas no passivo circulante).","LC 214/2025 Art. 235, II, c"
tax_120261006,Taxa de administração paga às administradoras de benefícios,120261006,"Classificar nesse código as rubricas contábeis representativas dos valores de taxa de administração paga à administradora de benefícios. Incluir nesse código tanto os pagamentos de despesas pagas à vista (escrituradas diretamente nas contas de resultado), quanto as que forem pagos após o encerramento da competência (registradas no passivo circulante).","LC 214/2025 Art. 235, II, d"
tax_120261099,Outros valores pagos às demais entidades,120261099,"Classificar nesse código as rubricas contábeis representativas dos outros valores pagos às demais entidades do setor de planos de assistência à saúde. Incluir nesse código tanto os pagamentos de despesas pagas à vista (escrituradas diretamente nas contas de resultado), quanto as que forem pagos após o encerramento da competência (registradas no passivo circulante).","LC 214/2025 Art. 235, II, d"
tax_120280001,Valores pagos vinculados a contratos de exportação,120280001,Classificar nesse código as demais rubricas contábeis relativas a despesas vinculadas a contratos de exportação de serviços.,"Dec. 12955/2026 Art. 341, § 1º Res. CGIBS 6/2026 Art. 341, § 1º"
tax_120280002,Valores pagos por atos cooperativos com opção à alíquota zero,120280002,"Classificar nesse código as rubricas contábeis representativas dos valores pagos a cooperados, pelas cooperativas optantes pelo regime Arts. 271 e 272 específico previsto no Arts. 271 e 272 da LC 214/2025.",LC 214/2025
tax_120310001,Prêmios ou contraprestações recebidas - Seguros ou planos individuais,120310001,Classificar nesse código as rubricas contábeis representativas dos valores recebidos por prêmios ou contraprestações em planos individuais.,"LC 214/2025 Art. 235, I, a"
tax_120310002,Prêmios ou contraprestações recebidas - Seguros ou planos coletivos sem estipulantes,120310002,Classificar nesse código as rubricas contábeis representativas dos valores recebidos por prêmios ou contraprestações em planos coletivos sem a interveniência de estipulantes.,"LC 214/2025 Art. 235, I, a"
tax_120310003,Prêmios ou contraprestações recebidas - Seguros ou planos coletivos com estipulantes,120310003,Classificar nesse código as rubricas contábeis representativas dos valores recebidos por prêmios ou contraprestações em planos coletivos com a interveniência de estipulantes.,"LC 214/2025 Art. 235, I, a"
tax_120310004,Prêmios ou contraprestações recebidas - Corresponsabilidade assumida,120310004,Classificar nesse código as rubricas contábeis representativas dos valores recebidos por prêmios ou contraprestações em razão de corresponsabilidade assumida.,"LC 214/2025 Art. 235, I, a"
tax_120310005,Prêmios ou contraprestações recebidas - Contratos sem individualização do valor por titular,120310005,Classificar nesse código as rubricas contábeis representativas dos valores recebidos por prêmios ou contraprestações em contratos sem a individualização do valor prêmio ou contraprestação por beneficiário titular.,"LC 214/2025 Art. 239, § 1º"
tax_120310006,Taxas de administração recebidas,120310006,Classificar nesse código as rubricas contábeis representativas dos valores de taxas de administração recebidas.,"LC 214/2025 Art. 235, I, b"
tax_120310007,Valores recebidos de outras entidades do setor,120310007,Classificar nesse código as rubricas contábeis representativas dos valores recebidos de outras entidades do setor de planos de assistência à saúde.,"LC 214/2025 Art. 235, I, b"
tax_120330001,Aplicações financeiras sobre reservas técnicas,120330001,"Classificar nesse código as rubricas contábeis representativas das aplicações financeiras vinculadas a reservas técnicas, nos termos de regulamento da ANS, sejam elas pertencentes ao Ativo Circulante ou Não Circulante.","LC 214/2025 Art. 235, § 4º, I"
tax_120340001,Valores tributados pelo PIS/Cofins - Não tributáveis pela CBS - FG Competência,120340001,"Classificar nesse código as rubricas contábeis representativas valores recebidos, que sejam tributados pelo PIS/COFINS durante o período de transição.","LC 214/2025 Art. 408, § 1º"
tax_120340002,Valores tributados pelo PIS/Cofins - Não tributáveis pela CBS - FG Caixa,120340002,"Classificar nesse código as rubricas contábeis representativas valores recebidos, que sejam tributados pelo PIS/COFINS durante o período de transição.","LC 214/2025 Art. 408, § 3º"
tax_120350001,Exportação de serviços,120350001,"Classificar nesse código as rubricas contábeis representativas valores recebidos, que sejam provenientes de residentes no exterior e atendam os requisitos legais para serem consideradas exportação de serviços. Incluir nesse código os valores relativos a tarifas e outros encargos vinculados aos referidos contratos.","Dec. 12955/2026 Art. 341, caput Art. 341, caput"
tax_120361001,Indenizações pagas ao beneficiário do plano ou seguro saúde correspondentes a eventos ocorridos,120361001,"Classificar nesse código as rubricas contábeis representativas dos valores das indenizações pagas aos usuários dos planos ou seguro saúde, referentes a eventos ocorridos, referentes ao total dos custos assistenciais, decorrente da utilização da cobertura pelos beneficiários dos planos ou seguro saúde. Incluir nesse código tanto os pagamentos de despesas pagas à vista (escrituradas diretamente nas contas de resultado), quanto as que forem pagos após o encerramento da competência (registradas no passivo circulante).","LC 214/2025 Art. 235, II, a"
tax_120361002,Indenizações pagas a terceiros correspondentes a eventos ocorridos,120361002,"Classificar nesse código as rubricas contábeis representativas dos valores das indenizações pagas a terceiros, devidamente comprovadas por meio de documento fiscal idôneo, emitido pelo prestador do serviço, referentes a eventos ocorridos, referentes ao total dos custos assistenciais, decorrente da utilização da cobertura pelos beneficiários. Incluir nesse código tanto os pagamentos de despesas pagas à vista (escrituradas diretamente nas contas de resultado), quanto as que forem pagos após o encerramento da competência (registradas no passivo circulante).","LC 214/2025 Art. 235, II, a"
tax_120361003,Valores pagos por corresponsabilidade cedida,120361003,"Classificar nesse código as rubricas contábeis representativas dos valores pagos por corresponsabilidade cedida. Incluir nesse código tanto os pagamentos de despesas pagas à vista (escrituradas diretamente nas contas de resultado), quanto as que forem pagos após o encerramento da competência (registradas no passivo circulante).","LC 214/2025 Art. 235, II, a"
tax_120361004,Restituições de prêmios ou contraprestações,120361004,"Classificar nesse código as rubricas contábeis representativas dos valores das restituições de prêmios ou contraprestações pagas aos titulares dos planos ou seguro saúde. Incluir nesse código tanto os pagamentos de despesas pagas à vista (escrituradas diretamente nas contas de resultado), quanto as que forem pagos após o encerramento da competência (registradas no passivo circulante).","LC 214/2025 Art. 235, II, b"
tax_120361005,Valores pagos pela intermediação de seguros ou planos de saúde,120361005,"Classificar nesse código as rubricas contábeis representativas dos valores pagos pela intermediação na venda de planos ou seguro saúde, devidamente comprovado por documento fiscal idôneo, emitido pelo intermediador. Incluir nesse código tanto os pagamentos de despesas pagas à vista (escrituradas diretamente nas contas de resultado), quanto as que forem pagos após o encerramento da competência (registradas no passivo circulante).","LC 214/2025 Art. 235, II, c"
tax_120361006,Taxa de administração paga às administradoras de benefícios,120361006,"Classificar nesse código as rubricas contábeis representativas dos valores de taxa de administração paga à administradora de benefícios. Incluir nesse código tanto os pagamentos de despesas pagas à vista (escrituradas diretamente nas contas de resultado), quanto as que forem pagos após o encerramento da competência (registradas no passivo circulante).","LC 214/2025 Art. 235, II, d"
tax_120361099,Outros valores pagos às demais entidades,120361099,"Classificar nesse código as rubricas contábeis representativas dos outros valores pagos às demais entidades do setor de planos de assistência à saúde. Incluir nesse código tanto os pagamentos de despesas pagas à vista (escrituradas diretamente nas contas de resultado), quanto as que forem pagos após o encerramento da competência (registradas no passivo circulante).","LC 214/2025 Art. 235, II, d"
tax_120380001,Valores pagos vinculados a contratos de exportação,120380001,Classificar nesse código as demais rubricas contábeis relativas a despesas vinculadas a contratos de exportação de serviços.,"Dec. 12955/2026 Art. 341, § 1º Res. CGIBS 6/2026 Art. 341, § 1º"
tax_120380002,Valores pagos por atos cooperativos com opção à alíquota zero,120380002,"Classificar nesse código as rubricas contábeis representativas dos valores pagos a cooperados, pelas cooperativas optantes pelo regime Arts. 271 e 272 específico previsto no Arts. 271 e 272 da LC 214/2025.",LC 214/2025
tax_120410001,Prêmios ou contraprestações recebidas - Contratos individuais,120410001,Classificar nesse código as rubricas contábeis representativas dos valores recebidos por prêmios ou contraprestações em planos individuais.,"LC 214/2025 Art. 235, I, a"
tax_120410099,Outros valores recebidos,120410099,Classificar nesse código as rubricas contábeis relativas a outros valores recebidos.,"LC 214/2025 Art. 235, I"
tax_120420001,Aquisições de bens e serviços,120420001,"Classificar nesse código as rubricas contábeis relativas a aquisições de bens e serviços, devidamente documentadas por documento fiscal idôneo, cujos valores de IBS/CBS não podem ser aproveitados, em razão da não incidência dos tributos nas operações dos planos de saúde de autogestão.",
tax_120510001,Comissões recebidas pela administração dos Planos de Assistência à Saúde,120510001,Classificar nesse código as rubricas contábeis representativas dos valores recebidos por prêmios ou contraprestações em planos individuais.,"LC 214/2025 Art. 235, I"
tax_120540001,Valores tributados pelo PIS/Cofins - Não tributáveis pela CBS - FG Competência,120540001,"Classificar nesse código as rubricas contábeis representativas valores recebidos, que sejam tributados pelo PIS/COFINS durante o período de transição.","LC 214/2025 Art. 408, § 1º"
tax_120540002,Valores tributados pelo PIS/Cofins - Não tributáveis pela CBS - FG Caixa,120540002,"Classificar nesse código as rubricas contábeis representativas valores recebidos, que sejam tributados pelo PIS/COFINS durante o período de transição.","LC 214/2025 Art. 408, § 3º"
tax_120550001,Exportação de serviços,120550001,"Classificar nesse código as rubricas contábeis representativas valores recebidos, que sejam provenientes de residentes no exterior e atendam os requisitos legais para serem consideradas exportação de serviços. Incluir nesse código os valores relativos a tarifas e outros encargos vinculados aos referidos contratos.","Dec. 12955/2026 Art. 341, caput Art. 341, caput"
tax_129915001,Base de cálculo negativa do IBS/CBS,129915001,Classificar nesse código as rubricas contábeis que registrarem a base de cálculo negativa do IBS/CBS a ser compensada em períodos posteriores.,LC 214/2025 Art. 301
tax_129915099,Outras contas do ativo circulante,129915099,Classificar nesse código outras contas do ativo circulante.,
tax_129925099,Outras contas do ativo não circulante,129925099,Classificar nesse código outras contas do ativo não circulante.,
tax_220110001,Provisões técnicas lastreadas em ativo garantidor,220110001,"Classificar nesse código as rubricas contábeis que representam as provisões técnicas lastreadas em ativo garantidor, nos termos da legislação própria da ANS. Incluir nesse código tanto as rubricas do Passivo Circulante, quanto as do Passivo Não Circulante.","LC 214/2025 Art. 235, § 4º, II"
tax_220110002,Provisões técnicas não lastreadas em ativo garantidor,220110002,"Classificar nesse código as rubricas contábeis que representam as provisões técnicas não lastreadas em ativo garantidor, nos termos da legislação própria da ANS. Incluir nesse código tanto as rubricas do Passivo Circulante, quanto as do Passivo Não Circulante.",
tax_220210001,Provisões técnicas lastreadas em ativo garantidor,220210001,"Classificar nesse código as rubricas contábeis que representam as provisões técnicas lastreadas em ativo garantidor, nos termos da legislação própria da ANS. Incluir nesse código tanto as rubricas do Passivo Circulante, quanto as do Passivo Não Circulante.","LC 214/2025 Art. 235, § 4º, II"
tax_220210002,Provisões técnicas não lastreadas em ativo garantidor,220210002,"Classificar nesse código as rubricas contábeis que representam as provisões técnicas não lastreadas em ativo garantidor, nos termos da legislação própria da ANS. Incluir nesse código tanto as rubricas do Passivo Circulante, quanto as do Passivo Não Circulante.",
tax_220310001,Provisões técnicas lastreadas em ativo garantidor,220310001,"Classificar nesse código as rubricas contábeis que representam as provisões técnicas lastreadas em ativo garantidor, nos termos da legislação própria da ANS. Incluir nesse código tanto as rubricas do Passivo Circulante, quanto as do Passivo Não Circulante.","LC 214/2025 Art. 235, § 4º, II"
tax_220310002,Provisões técnicas não lastreadas em ativo garantidor,220310002,"Classificar nesse código as rubricas contábeis que representam as provisões técnicas não lastreadas em ativo garantidor, nos termos da legislação própria da ANS. Incluir nesse código tanto as rubricas do Passivo Circulante, quanto as do Passivo Não Circulante.",
tax_220410001,Contraprestações recebidas relativas a planos de saúde de autogestão,220410001,"Classificar nesse código as rubricas contábeis representativas das receitas recebidas em razão dos planos de saúde na modalidade autogestão, caso registradas contabilmente como redução dos 9º desembolsos e desde que atendidos os requisitos do Em caso de descumprimento, os planos de autogestão deverão utilizar os códigos de tributação dos planos de saúde em geral.","LC 214/2025 Art. 26, VIII c/c § Art. 14 do CTN."
tax_220420001,"Desembolsos com planos de saúde de autogestão, não vinculados a documentos fiscais",220420001,"Classificar nesse código as rubricas contábeis representativas das despesas pagas em razão dos planos de saúde na modalidade autogestão, não vinculados a documentos fiscais, por exemplo, 9º despesas com pessoal. Em caso de descumprimento dos requisitos do de tributação dos planos de saúde em geral.","LC 214/2025 Art. 26, VIII c/c § Art. 14 do CTN, os planos de autogestão deverão utilizados os códigos"
tax_220420002,"Desembolsos com planos de saúde de autogestão, vinculados a documentos fiscais",220420002,"Classificar nesse código as rubricas contábeis representativas das despesas pagas em razão dos planos de saúde na modalidade autogestão, vinculados a documentos fiscais. Em caso de 9º descumprimento dos requisitos do autogestão deverão utilizados os códigos de tributação dos planos de saúde em geral.","LC 214/2025 Art. 26, VIII c/c § Art. 14 do CTN, os planos de"
tax_229910099,Outras contas do passivo circulante,229910099,Classificar nesse código outras contas do passivo circulante.,
tax_229920099,Outras contas do passivo não circulante,229920099,Classificar nesse código outras contas do passivo não circulante.,
tax_229930099,Outras contas do patrimônio líquido,229930099,Classificar nesse código as demais rubricas contábeis do Patrimônio Líquido nos planos de saúde de autogestão.,
tax_321017001,Receitas reconhecidas por competência e tributadas por caixa,321017001,"Classificar nesse código as rubricas contábeis representativas das receitas auferidas por competência, mas tributadas por regime de caixa.",
tax_321027001,Receitas reconhecidas por competência e tributadas por caixa,321027001,"Classificar nesse código as rubricas contábeis representativas das receitas auferidas por competência, mas tributadas por regime de caixa.",
tax_321037001,Receitas reconhecidas por competência e tributadas por caixa,321037001,"Classificar nesse código as rubricas contábeis representativas das receitas auferidas por competência, mas tributadas por regime de caixa.",
tax_321047001,Receitas reconhecidas por competência e tributadas por caixa,321047001,"Classificar nesse código as rubricas contábeis representativas das receitas auferidas por competência, mas tributadas por regime de caixa.",
tax_321057001,Receitas reconhecidas por competência e tributadas por caixa,321057001,"Classificar nesse código as rubricas contábeis representativas das receitas auferidas por competência, mas tributadas por regime de caixa.",
tax_322100099,Outras receitas amparadas por documentos fiscais,322100099,"Classificar nesse código as rubricas contábeis representativas das receitas, que ficam sujeitas às regras gerais de tributação do IBS/CBS, cuja comprovação se dê pela emissão de documento fiscal.",
tax_329100099,Outras receitas amparadas por documentos fiscais,329100099,"Classificar nesse código as rubricas contábeis representativas das receitas, que ficam sujeitas às regras gerais de tributação do IBS/CBS, cuja comprovação se dê pela emissão de documento fiscal.",LC 214/2025
tax_421016001,PIS/Cofins incidente sobre a operação,421016001,Classificar nesse código as rubricas contábeis representativas dos valores do PIS e da Cofins incidentes sobre as operações.,"LC 214/2025 Art. 12, § 2º, V"
tax_421016002,ISSQN incidente sobre a operação,421016002,Classificar nesse código as despesas com ISSQN incidentes sobre as operações.,"LC 214/2025 Art. 12, § 2º, V"
tax_421017001,Despesas reconhecidas por competência e dedutíveis por caixa,421017001,"Classificar nesse código as rubricas contábeis relativas ao registro das despesas por regime de competência, mas que serão dedutíveis da base de cálculo do IBS/CBS pelo regime de caixa.",
tax_421018001,Despesas gerais,421018001,Classificar nesse código outras despesas não dedutíveis.,
tax_421026001,PIS/Cofins incidente sobre a operação,421026001,Classificar nesse código as rubricas contábeis representativas dos valores do PIS e da Cofins incidentes sobre as operações.,"LC 214/2025 Art. 12, § 2º, V"
tax_421026002,ISSQN incidente sobre a operação,421026002,Classificar nesse código as despesas com ISSQN incidentes sobre as operações.,"LC 214/2025 Art. 12, § 2º, V"
tax_421027001,Despesas reconhecidas por competência e dedutíveis por caixa,421027001,"Classificar nesse código as rubricas contábeis relativas ao registro das despesas por regime de competência, mas que serão dedutíveis da base de cálculo do IBS/CBS pelo regime de caixa.",
tax_421028001,Despesas gerais,421028001,Classificar nesse código outras despesas não dedutíveis.,
tax_421036001,PIS/Cofins incidente sobre a operação,421036001,Classificar nesse código as rubricas contábeis representativas dos valores do PIS e da Cofins incidentes sobre as operações.,"LC 214/2025 Art. 12, § 2º, V"
tax_421036002,ISSQN incidente sobre a operação,421036002,Classificar nesse código as despesas com ISSQN incidentes sobre as operações.,"LC 214/2025 Art. 12, § 2º, V"
tax_421037001,Despesas reconhecidas por competência e dedutíveis por caixa,421037001,"Classificar nesse código as rubricas contábeis relativas ao registro das despesas por regime de competência, mas que serão dedutíveis da base de cálculo do IBS/CBS pelo regime de caixa.",
tax_421038001,Despesas gerais,421038001,Classificar nesse código outras despesas não dedutíveis.,
tax_421048001,Despesas gerais,421048001,Classificar nesse código as demais rubricas contábeis relativas a despesas em geral não vinculadas à atividade principal dos planos de saúde de autogestão.,
tax_421056001,PIS/Cofins incidente sobre a operação,421056001,Classificar nesse código as rubricas contábeis representativas dos valores do PIS e da Cofins incidentes sobre as operações.,"LC 214/2025 Art. 12, § 2º, V"
tax_421056002,ISSQN incidente sobre a operação,421056002,Classificar nesse código as despesas com ISSQN incidentes sobre as operações.,"LC 214/2025 Art. 12, § 2º, V"
tax_421057001,Despesas reconhecidas por competência e dedutíveis por caixa,421057001,"Classificar nesse código as rubricas contábeis relativas ao registro das despesas por regime de competência, mas que serão dedutíveis da base de cálculo do IBS/CBS pelo regime de caixa.",
tax_421058001,Despesas gerais,421058001,Classificar nesse código outras despesas não dedutíveis.,
tax_422180099,Outras despesas não dedutíveis,422180099,Classificar nesse código as rubricas contábeis relativas a outras despesas não dedutíveis da base de cálculo do IBS/CBS.,
tax_429800099,Outras despesas não dedutíveis,429800099,Classificar nesse código as rubricas contábeis relativas a outras despesas não dedutíveis da base de cálculo do IBS/CBS.,
tax_130110001,Valores de apostas esportivas,130110001,"Classificar nesse código os valores das apostas esportivas efetuadas independentemente do encerramento do evento ao qual estão Arts. 244 e 245, vinculadas.",LC 214/2025
tax_130110002,Valores de apostas de turfe,130110002,"Classificar nesse código os valores das apostas de turfe efetuadas independentemente do encerramento do evento ao qual estão Arts. 244 e 245, vinculadas.",LC 214/2025
tax_130110003,Valores relativos a modalidades lotéricas,130110003,"Classificar nesse código os valores das apostas efetuadas relativos a modalidades lotéricas independentemente do encerramento do Arts. 244 e 245, evento ao qual estão vinculadas.",LC 214/2025
tax_130110004,Valores relativos a jogos online (iGaming),130110004,"Classificar nesse código os valores das apostas efetuadas relativos a jogos online (iGaming) independentemente do encerramento do Arts. 244 e 245, evento ao qual estão vinculadas.",LC 214/2025
tax_130110005,Valores relativos a fantasy sport,130110005,"Classificar nesse código os valores relativos a fantasy sport independentemente do encerramento do evento ao qual estão Arts. 244 e 245, vinculados.",LC 214/2025
tax_130110006,Valores relativos a sweepstakes,130110006,"Classificar nesse código os valores das apostas de sweepstakes efetuadas independentemente do encerramento do evento ao qual Arts. 244 e 245, estão vinculadas.",LC 214/2025
tax_130110007,Valores relativos a outras modalidades de apostas,130110007,"Classificar nesse código os valores relativos a outras modalidades de apostas efetuadas independentemente do encerramento do evento ao Arts. 244 e 245, qual estão vinculadas.",LC 214/2025
tax_130110008,Valores relativos a apostas decorrentes de recompensas ou vantagens oferecidas pelo fornecedor,130110008,"Classificar nesse código os valores relativos a apostas efetuadas decorrentes de recompensas ou vantagens oferecidas pelo fornecedor Arts. 244 e 245, sujeito ao regime específico de concursos de prognósticos caput independentemente do encerramento do evento ao qual estão vinculadas.",LC 214/2025
tax_130110099,Outros valores decorrentes da atividade de concursos de prognósticos,130110099,"Classificar nesse código outros valores decorrentes da atividade de concursos de prognósticos independentemente do encerramento do Arts. 244 e 245, evento ao qual esteja vinculada.",LC 214/2025
tax_130140001,Valores tributados pelo PIS/Cofins - Não tributáveis pela CBS - FG Competência,130140001,"Classificar nesse código as rubricas contábeis representativas valores recebidos, que sejam tributados pelo PIS/COFINS durante o período de transição.","LC 214/2025 Art. 408, § 1º"
tax_130140002,Valores tributados pelo PIS/Cofins - Não tributáveis pela CBS - FG Caixa,130140002,"Classificar nesse código as rubricas contábeis representativas valores recebidos, que sejam tributados pelo PIS/COFINS durante o período de transição.","LC 214/2025 Art. 408, § 3º"
tax_130150001,Valores recebidos decorrentes de operações de exportação,130150001,Classificar nesse código valores recebidos e outras receitas próprias da entidade decorrentes da atividade de concursos de prognósticos provenientes de operações de exportação.,"LC 214/2025 Art. 250, caput"
tax_130150099,Outros valores não tributáveis,130150099,Classificar nesse código outros valores não tributáveis.,LC 214/2025
tax_130161001,Premiações pagas em apostas esportivas,130161001,Classificar nesse código as premiações pagas decorrentes de apostas esportivas.,"LC 214/2025 Art. 245, I"
tax_130161002,Premiações pagas em apostas de turfe,130161002,Classificar nesse código as premiações pagas decorrentes de apostas de turfe.,"LC 214/2025 Art. 245, I"
tax_130161003,Premiações pagas em modalidades lotéricas,130161003,Classificar nesse código as premiações pagas decorrentes de modalidades lotéricas.,"LC 214/2025 Art. 245, I"
tax_130161004,Premiações pagas em jogos online (iGaming),130161004,Classificar nesse código as premiações pagas decorrentes de jogos online (iGaming).,"LC 214/2025 Art. 245, I"
tax_130161005,Premiações pagas em fantasy sport,130161005,Classificar nesse código as premiações pagas decorrentes de fantasy sport.,"LC 214/2025 Art. 245, I"
tax_130161006,Premiações pagas em sweepstakes,130161006,Classificar nesse código as premiações pagas decorrentes de sweepstakes.,"LC 214/2025 Art. 245, I"
tax_130161007,Premiações pagas em outras modalidades de apostas,130161007,Classificar nesse código as premiações pagas decorrentes de outras modalidades de apostas.,"LC 214/2025 Art. 245, I"
tax_130161008,"Premiações devidas aos proprietários, criadores e profissionais do turfe, relacionados com os animais classificados em cada páreo, de que trata o art. 12 da Lei nº 7.291, de 19 de dezembro de 1984",130161008,"Classificar nesse código as premiações devidas aos proprietários, criadores e profissionais do turfe, relacionados com os animais classificados em cada páreo, de que trata o art. 12 da Lei nº 7.291, de 19 de dezembro de 1984.","LC 214/2025 Art. 245, I"
tax_130161099,Outras premiações pagas,130161099,Classificar nesse código outras premiações pagas.,"LC 214/2025 Art. 245, I"
tax_130180099,Outros valores não dedutíveis,130180099,Classificar nesse código outros valores não dedutíveis.,LC 214/2025
tax_139915001,Base de cálculo negativa do IBS/CBS,139915001,Classificar nesse código as rubricas contábeis que registrarem a base de cálculo negativa do IBS/CBS a ser compensada em períodos posteriores.,LC 214/2025 Art. 301
tax_139915099,Outras contas do ativo circulante,139915099,Classificar nesse código outras contas do ativo circulante.,
tax_139925099,Outras contas do ativo não circulante,139925099,Classificar nesse código outras contas do ativo não circulante.,
tax_230110001,Valores de apostas esportivas,230110001,"Classificar nesse código os valores das apostas esportivas efetuadas independentemente do encerramento do evento ao qual estão Arts. 244 e 245, vinculadas.",LC 214/2025
tax_230110002,Valores de apostas de turfe,230110002,"Classificar nesse código os valores das apostas de turfe efetuadas independentemente do encerramento do evento ao qual estão Arts. 244 e 245, vinculadas.",LC 214/2025
tax_230110003,Valores relativos a modalidades lotéricas,230110003,"Classificar nesse código os valores das apostas efetuadas relativos a modalidades lotéricas independentemente do encerramento do Arts. 244 e 245, evento ao qual estão vinculadas.",LC 214/2025
tax_230110004,Valores relativos a jogos online (iGaming),230110004,"Classificar nesse código os valores das apostas efetuadas relativos a jogos online (iGaming) independentemente do encerramento do Arts. 244 e 245, evento ao qual estão vinculadas.",LC 214/2025
tax_230110005,Valores relativos a fantasy sport,230110005,"Classificar nesse código os valores relativos a fantasy sport independentemente do encerramento do evento ao qual estão Arts. 244 e 245, vinculados.",LC 214/2025
tax_230110006,Valores relativos a sweepstakes,230110006,"Classificar nesse código os valores das apostas de sweepstakes efetuadas independentemente do encerramento do evento ao qual Arts. 244 e 245, estão vinculadas.",LC 214/2025
tax_230110007,Valores relativos a outras modalidades de apostas,230110007,"Classificar nesse código os valores relativos a outras modalidades de apostas efetuadas independentemente do encerramento do evento ao Arts. 244 e 245, qual estão vinculadas.",LC 214/2025
tax_230110008,Valores relativos a apostas decorrentes de recompensas ou vantagens oferecidas pelo fornecedor,230110008,"Classificar nesse código os valores relativos a apostas efetuadas decorrentes de recompensas ou vantagens oferecidas pelo fornecedor Arts. 244 e 245, sujeito ao regime específico de concursos de prognósticos caput independentemente do encerramento do evento ao qual estão vinculadas.",LC 214/2025
tax_230110099,Outros valores decorrentes da atividade de concursos de prognósticos,230110099,"Classificar nesse código outros valores decorrentes da atividade de concursos de prognósticos independentemente do encerramento do Arts. 244 e 245, evento ao qual esteja vinculada.",LC 214/2025
tax_230140001,Valores tributados pelo PIS/Cofins - Não tributáveis pela CBS - FG Competência,230140001,"Classificar nesse código as rubricas contábeis representativas valores recebidos, que sejam tributados pelo PIS/COFINS durante o período de transição.","LC 214/2025 Art. 408, § 1º"
tax_230140002,Valores tributados pelo PIS/Cofins - Não tributáveis pela CBS - FG Caixa,230140002,"Classificar nesse código as rubricas contábeis representativas valores recebidos, que sejam tributados pelo PIS/COFINS durante o período de transição.","LC 214/2025 Art. 408, § 3º"
tax_230150001,Valores decorrentes de operações de exportação,230150001,Classificar nesse código valores recebidos e outras receitas próprias da entidade decorrentes da atividade de concursos de prognósticos provenientes de operações de exportação.,"LC 214/2025 Art. 250, caput"
tax_230150002,Valores de recompensas ou vantagens não convertidos em produto da arrecadação,230150002,Classificar nesse código valores de recompensas ou vantagens não convertidos em produto da arrecadação e que não são tributados conforme demais dispositivos do regime regular.,LC 214/2025 Art. 245
tax_230150003,Valores recebidos e não convertidos em produto da arrecadação,230150003,"Classificar nesse código valores recebidos de clientes e ainda não convertidos em produto da arrecadação. Por exemplo, valores transferidos para a conta transacional e ainda não apostados.",LC 214/2025 Art. 245
tax_230150099,Outros valores não tributáveis,230150099,Classificar nesse código outros valores não tributáveis.,LC 214/2025
tax_230161001,Destinações obrigatórias por lei a órgão ou fundo público e aos demais beneficiários comprovadas somente com registro contábil,230161001,"Classificar nesse código as despesas com destinações obrigatórias por lei a órgão ou fundo público e aos demais beneficiários, comprovadas somente com registro contábil (sem previsão na legislação para registro em documento fiscal).","LC 214/2025 Art. 245, II"
tax_230161002,Destinações obrigatórias por lei a órgão ou fundo público e aos demais beneficiários comprovadas com documentos fiscais,230161002,"Classificar nesse código as despesas com destinações obrigatórias por lei a órgão ou fundo público e aos demais beneficiários, comprovadas com documentos fiscais.","LC 214/2025 Art. 245, II"
tax_239910099,Outras contas do passivo circulante,239910099,Classificar nesse código outras contas do passivo circulante.,
tax_239920099,Outras contas do passivo não circulante,239920099,Classificar nesse código outras contas do passivo não circulante.,
tax_239930099,Outras contas do patrimônio líquido,239930099,Classificar nesse código outras contas do patrimônio líquido.,
tax_331100001,Receitas de apostas esportivas,331100001,"Classificar nesse código os valores das apostas esportivas efetuadas independentemente do encerramento do evento ao qual estão Arts. 244 e 245, vinculadas.",LC 214/2025
tax_331100002,Receitas de apostas de turfe,331100002,"Classificar nesse código os valores das apostas de turfe efetuadas independentemente do encerramento do evento ao qual estão Arts. 244 e 245, vinculadas.",LC 214/2025
tax_331100003,Receitas relativas a modalidades lotéricas,331100003,"Classificar nesse código os valores das apostas efetuadas relativos a modalidades lotéricas independentemente do encerramento do Arts. 244 e 245, evento ao qual estão vinculadas.",LC 214/2025
tax_331100004,Receitas relativas a jogos online (iGaming),331100004,"Classificar nesse código os valores das apostas efetuadas relativos a jogos online (iGaming) independentemente do encerramento do Arts. 244 e 245, evento ao qual estão vinculadas.",LC 214/2025
tax_331100005,Receitas relativas a fantasy sport,331100005,"Classificar nesse código os valores relativos a fantasy sport independentemente do encerramento do evento ao qual estão Arts. 244 e 245, vinculados.",LC 214/2025
tax_331100006,Receitas relativas a sweepstakes,331100006,"Classificar nesse código os valores das apostas de sweepstakes efetuadas independentemente do encerramento do evento ao qual Arts. 244 e 245, estão vinculadas.",LC 214/2025
tax_331100007,Receitas relativas a outras modalidades de apostas,331100007,"Classificar nesse código os valores relativos a outras modalidades de apostas efetuadas independentemente do encerramento do evento ao Arts. 244 e 245, qual estão vinculadas.",LC 214/2025
tax_331100008,Receitas decorrentes de recompensas ou vantagens oferecidas,331100008,"Classificar nesse código os valores relativos a apostas efetuadas decorrentes de recompensas ou vantagens oferecidas pelo fornecedor Arts. 244 e 245, sujeito ao regime específico de concursos de prognósticos caput independentemente do encerramento do evento ao qual estão vinculadas.",LC 214/2025
tax_331100099,Outras receitas decorrentes da atividade de concursos de prognósticos,331100099,"Classificar nesse código outros valores decorrentes da atividade de concursos de prognósticos independentemente do encerramento do Arts. 244 e 245, evento ao qual esteja vinculada.",LC 214/2025
tax_331200001,"Receita tributada no momento da realização da aposta, registrada em contas do ativo",331200001,Classificar nesse código receita tributável quando da realização dos respectivos valores em contas do ativo.,
tax_331200002,"Receita tributada no momento da realização da aposta, registrada em contas do passivo",331200002,Classificar nesse código receita tributável quando da realização dos respectivos valores em contas do passivo.,
tax_331600001,Receitas tributáveis pelo PIS/Cofins - Não tributáveis pela CBS - FG Competência,331600001,"Classificar nesse código as rubricas contábeis representativas valores recebidos, que sejam tributados pelo PIS/COFINS durante o período de transição.","LC 214/2025 Art. 408, § 1º"
tax_331600002,Receitas tributáveis pelo PIS/Cofins - Não tributáveis pela CBS - FG Caixa,331600002,"Classificar nesse código as rubricas contábeis representativas valores recebidos, que sejam tributados pelo PIS/COFINS durante o período de transição.","LC 214/2025 Art. 408, § 3º"
tax_331800001,Receitas decorrentes de operações de exportação,331800001,Classificar nesse código valores recebidos e outras receitas próprias da entidade decorrentes da atividade de concursos de prognósticos provenientes de operações de exportação.,"LC 214/2025 Art. 250, caput"
tax_331800099,Outras receitas não tributáveis,331800099,"Classificar nesse código outros valores de operações imunes, isentas, com não incidência ou outras modalidades de não tributação.",LC 214/2025
tax_332100099,Outras receitas amparadas por documentos fiscais,332100099,Classificar nesse código valores tributáveis pelo regime regular e não sujeitos a regimes específicos.,LC 214/2025
tax_339100001,Receitas decorrentes de operações de exportação,339100001,Classificar nesse código valores não decorrentes da atividade de concursos de prognósticos e provenientes de operações de exportação.,LC 214/2025
tax_339100002,Receitas decorrentes da conta de reserva técnica,339100002,Classificar nesse código valores decorrentes da conta de reserva técnica.,"LC 214/2025 Art. 6º, V"
tax_339100099,Outras receitas amparadas por documentos fiscais,339100099,Classificar nesse código outros valores tributáveis.,LC 214/2025
tax_431300001,Destinações obrigatórias por lei a órgão ou fundo público e aos demais beneficiários comprovadas somente com registro contábil,431300001,"Classificar nesse código as despesas com destinações obrigatórias por lei a órgão ou fundo público e aos demais beneficiários, comprovadas somente com registro contábil (sem previsão na legislação para registro em documento fiscal).","LC 214/2025 Art. 245, II"
tax_431300002,Destinações obrigatórias por lei a órgão ou fundo público e aos demais beneficiários comprovadas com documentos fiscais,431300002,"Classificar nesse código as despesas com destinações obrigatórias por lei a órgão ou fundo público e aos demais beneficiários, comprovadas com documentos fiscais.","LC 214/2025 Art. 245, II"
tax_431600001,PIS/Cofins incidente sobre a operação,431600001,Classificar nesse código as rubricas contábeis representativas dos valores do PIS e da Cofins incidentes sobre as operações.,"LC 214/2025 Art. 12, § 2º, V"
tax_431600002,ISSQN incidente sobre a operação,431600002,Classificar nesse código as despesas com ISSQN incidentes sobre as operações.,"LC 214/2025 Art. 12, § 2º, V"
tax_431710001,Despesas com premiações pagas em apostas esportivas,431710001,Classificar nesse código as despesas com premiações pagas em apostas esportivas. Nota: A efetiva dedução na base de cálculo é processada pelo sistema exclusivamente a partir dos valores vinculados às contas de ativo. A correspondente escrituração nas contas de despesa é obrigatória para a consistência contábil.,"LC 214/2025 Art. 245, I"
tax_431710002,Despesas com premiações pagas em apostas de turfe,431710002,Classificar nesse código as despesas com premiações pagas em apostas de turfe. Nota: A efetiva dedução na base de cálculo é processada pelo sistema exclusivamente a partir dos valores vinculados às contas de ativo. A correspondente escrituração nas contas de despesa é obrigatória para a consistência contábil.,"LC 214/2025 Art. 245, I"
tax_431710003,Despesas com premiações pagas em modalidades lotéricas,431710003,Classificar nesse código as despesas com premiações pagas em modalidades lotéricas. Nota: A efetiva dedução na base de cálculo é processada pelo sistema exclusivamente a partir dos valores vinculados às contas de ativo. A correspondente escrituração nas contas de despesa é obrigatória para a consistência contábil.,"LC 214/2025 Art. 245, I"
tax_431710004,Despesas com premiações pagas em jogos online (iGaming),431710004,Classificar nesse código as despesas com premiações pagas em jogos online (iGaming). Nota: A efetiva dedução na base de cálculo é processada pelo sistema exclusivamente a partir dos valores vinculados às contas de ativo. A correspondente escrituração nas contas de despesa é obrigatória para a consistência contábil.,"LC 214/2025 Art. 245, I"
tax_431710005,Despesas com premiações pagas em fantasy sport,431710005,Classificar nesse código as despesas com premiações pagas em fantasy sport. Nota: A efetiva dedução na base de cálculo é processada pelo sistema exclusivamente a partir dos valores vinculados às contas de ativo. A correspondente escrituração nas contas de despesa é obrigatória para a consistência contábil.,"LC 214/2025 Art. 245, I"
tax_431710006,Despesas com premiações pagas em sweepstakes,431710006,Classificar nesse código as despesas com premiações pagas em sweepstakes. Nota: A efetiva dedução na base de cálculo é processada pelo sistema exclusivamente a partir dos valores vinculados às contas de ativo. A correspondente escrituração nas contas de despesa é obrigatória para a consistência contábil.,"LC 214/2025 Art. 245, I"
tax_431710007,Despesas com premiações pagas em outras modalidades de apostas,431710007,Classificar nesse código as despesas com premiações pagas em outras modalidades de apostas. Nota: A efetiva dedução na base de cálculo é processada pelo sistema exclusivamente a partir dos valores vinculados às contas de ativo. A correspondente escrituração nas contas de despesa é obrigatória para a consistência contábil.,"LC 214/2025 Art. 245, I"
tax_431710008,"Despesas com premiações devidas aos proprietários, criadores e profissionais do turfe, relacionados com os animais classificados em cada páreo, de que trata o art. 12 da Lei nº 7.291, de 19 de dezembro de 1984",431710008,"Classificar nesse código as premiações devidas aos proprietários, criadores e profissionais do turfe, relacionados com os animais classificados em cada páreo, de que trata o art. 12 da Lei nº 7.291, de 19 de dezembro de 1984. Nota: A efetiva dedução na base de cálculo é processada pelo sistema exclusivamente a partir dos valores vinculados às contas de ativo. A correspondente escrituração nas contas de despesa é obrigatória para a consistência contábil.","LC 214/2025 Art. 245, I"
tax_431710009,Despesas com premiações pagas em decorrência de valores classificados como operações de exportação,431710009,Classificar nesse código as despesas com premiação paga em decorrência de valores classificados como operações de exportação.,"LC 214/2025 Art. 250, caput"
tax_431710099,Despesas com outras premiações pagas,431710099,Classificar nesse código as despesas com outras premiações pagas. Nota: A efetiva dedução na base de cálculo é processada pelo sistema exclusivamente a partir dos valores vinculados às contas de ativo. A correspondente escrituração nas contas de despesa é obrigatória para a consistência contábil.,"LC 214/2025 Art. 245, I"
tax_431800001,Despesas com premiações incorridas e não pagas,431800001,Classificar nesse código as despesas com premiação incorrida e não paga.,"LC 214/2025 Art. 245, I"
tax_431800099,Outras despesas não dedutíveis,431800099,Classificar nesse código as rubricas contábeis relativas a outras despesas não dedutíveis da base de cálculo do IBS/CBS.,LC 214/2025
tax_432180099,Outras despesas não dedutíveis,432180099,Classificar nesse código outras despesas não dedutíveis.,
tax_439180099,Outras despesas não dedutíveis,439180099,Classificar nesse código outras despesas não dedutíveis.,
