"id","nature_income_id:id","event_type","tax_type","foreign_taxation","classification_indicator","revenue_code","periodicity","date_start","date_end"
"nature_income_tax_10001_r4010_irpf_ext_nd_047304","l10n_br_reinf.nature_income_10001","R-4010","irpf","True","","047304","daily","2023-09-01",""
"nature_income_tax_10001_r4010_irpf_nac_nd_056114","l10n_br_reinf.nature_income_10001","R-4010","irpf","False","","056114","monthly","2023-09-01",""
"nature_income_tax_10001_r4010_rra_nac_nd_188902","l10n_br_reinf.nature_income_10001","R-4010","rra","False","","188902","monthly","2023-09-01",""
"nature_income_tax_10002_r4010_irpf_ext_nd_047304","l10n_br_reinf.nature_income_10002","R-4010","irpf","True","","047304","daily","2023-09-01",""
"nature_income_tax_10002_r4010_irpf_nac_nd_058807","l10n_br_reinf.nature_income_10002","R-4010","irpf","False","","058807","monthly","2023-09-01",""
"nature_income_tax_10002_r4010_rra_nac_nd_188902","l10n_br_reinf.nature_income_10002","R-4010","rra","False","","188902","monthly","2023-09-01",""
"nature_income_tax_10003_r4010_irpf_ext_nd_047304","l10n_br_reinf.nature_income_10003","R-4010","irpf","True","","047304","daily","2023-09-01",""
"nature_income_tax_10003_r4010_irpf_nac_nd_058807","l10n_br_reinf.nature_income_10003","R-4010","irpf","False","","058807","monthly","2023-09-01",""
"nature_income_tax_10003_r4010_rra_nac_nd_188902","l10n_br_reinf.nature_income_10003","R-4010","rra","False","","188902","monthly","2023-09-01",""
"nature_income_tax_10004_r4010_irpf_ext_nd_047304","l10n_br_reinf.nature_income_10004","R-4010","irpf","True","","047304","daily","2023-09-01",""
"nature_income_tax_10004_r4010_irpf_nac_nd_356202","l10n_br_reinf.nature_income_10004","R-4010","irpf","False","","356202","monthly","2023-09-01",""
"nature_income_tax_10004_r4010_rra_nac_nd_188902","l10n_br_reinf.nature_income_10004","R-4010","rra","False","","188902","monthly","2023-09-01",""
"nature_income_tax_10005_r4010_irpf_ext_nd_047304","l10n_br_reinf.nature_income_10005","R-4010","irpf","True","","047304","daily","2023-09-01",""
"nature_income_tax_10005_r4010_irpf_nac_nd_353302","l10n_br_reinf.nature_income_10005","R-4010","irpf","False","","353302","monthly","2023-09-01",""
"nature_income_tax_10005_r4010_rra_nac_nd_188902","l10n_br_reinf.nature_income_10005","R-4010","rra","False","","188902","monthly","2023-09-01",""
"nature_income_tax_10006_r4010_irpf_ext_nd_047304","l10n_br_reinf.nature_income_10006","R-4010","irpf","True","","047304","daily","2023-09-01",""
"nature_income_tax_10006_r4010_irpf_nac_nd_353302","l10n_br_reinf.nature_income_10006","R-4010","irpf","False","","353302","monthly","2023-09-01",""
"nature_income_tax_10006_r4010_rra_nac_nd_188902","l10n_br_reinf.nature_income_10006","R-4010","rra","False","","188902","monthly","2023-09-01",""
"nature_income_tax_10007_r4010_irpf_ext_nd_061002","l10n_br_reinf.nature_income_10007","R-4010","irpf","True","","061002","monthly","2023-09-01",""
"nature_income_tax_10008_r4010_irpf_ext_nd_047304","l10n_br_reinf.nature_income_10008","R-4010","irpf","True","","047304","daily","2023-09-01",""
"nature_income_tax_10008_r4010_irpf_nac_nd_520001","l10n_br_reinf.nature_income_10008","R-4010","irpf","False","","520001","monthly","2023-09-01",""
"nature_income_tax_10008_r4010_rra_nac_nd_188902","l10n_br_reinf.nature_income_10008","R-4010","rra","False","","188902","monthly","2023-09-01",""
"nature_income_tax_10009_r4010_irpf_ext_nd_047304","l10n_br_reinf.nature_income_10009","R-4010","irpf","True","","047304","daily","2023-09-01",""
"nature_income_tax_10009_r4010_irpf_nac_nd_056114","l10n_br_reinf.nature_income_10009","R-4010","irpf","False","","056114","monthly","2023-09-01",""
"nature_income_tax_10010_r4010_irpf_ext_nd_047304","l10n_br_reinf.nature_income_10010","R-4010","irpf","True","","047304","daily","2023-09-01",""
"nature_income_tax_10010_r4010_irpf_nac_nd_056114","l10n_br_reinf.nature_income_10010","R-4010","irpf","False","","056114","monthly","2023-09-01",""
"nature_income_tax_10010_r4010_rra_nac_nd_188902","l10n_br_reinf.nature_income_10010","R-4010","rra","False","","188902","monthly","2023-09-01",""
"nature_income_tax_10011_r4010_irpf_ext_nd_047305","l10n_br_reinf.nature_income_10011","R-4010","irpf","True","","047305","daily","2025-01-01",""
"nature_income_tax_10011_r4010_irpf_nac_nd_058809","l10n_br_reinf.nature_income_10011","R-4010","irpf","False","","058809","monthly","2025-01-01",""
"nature_income_tax_10011_r4010_rra_nac_nd_188904","l10n_br_reinf.nature_income_10011","R-4010","rra","False","","188904","monthly","2025-01-01",""
"nature_income_tax_11001_r4010_irpf_ext_nd_047304","l10n_br_reinf.nature_income_11001","R-4010","irpf","True","","047304","daily","2023-09-01",""
"nature_income_tax_11001_r4010_irpf_nac_nd_593606","l10n_br_reinf.nature_income_11001","R-4010","irpf","False","","593606","monthly","2023-09-01",""
"nature_income_tax_11001_r4010_rra_nac_nd_188902","l10n_br_reinf.nature_income_11001","R-4010","rra","False","","188902","monthly","2023-09-01",""
"nature_income_tax_11001_r4020_irpj_ext_na_047304","l10n_br_reinf.nature_income_11001","R-4020","irpj","True","na","047304","daily","2023-09-01",""
"nature_income_tax_11001_r4020_irpj_nac_na_593606","l10n_br_reinf.nature_income_11001","R-4020","irpj","False","na","593606","monthly","2023-09-01",""
"nature_income_tax_11002_r4010_irpf_ext_nd_047304","l10n_br_reinf.nature_income_11002","R-4010","irpf","True","","047304","daily","2023-09-01",""
"nature_income_tax_11002_r4010_irpf_nac_nd_592806","l10n_br_reinf.nature_income_11002","R-4010","irpf","False","","592806","monthly","2023-09-01",""
"nature_income_tax_11002_r4010_rra_nac_nd_188902","l10n_br_reinf.nature_income_11002","R-4010","rra","False","","188902","monthly","2023-09-01",""
"nature_income_tax_11002_r4020_irpj_ext_na_047304","l10n_br_reinf.nature_income_11002","R-4020","irpj","True","na","047304","daily","2023-09-01",""
"nature_income_tax_11002_r4020_irpj_nac_na_592806","l10n_br_reinf.nature_income_11002","R-4020","irpj","False","na","592806","monthly","2023-09-01",""
"nature_income_tax_11003_r4010_irpf_ext_nd_047304","l10n_br_reinf.nature_income_11003","R-4010","irpf","True","","047304","daily","2023-09-01",""
"nature_income_tax_11003_r4010_irpf_nac_nd_189501","l10n_br_reinf.nature_income_11003","R-4010","irpf","False","","189501","monthly","2023-09-01",""
"nature_income_tax_11003_r4010_rra_nac_nd_188902","l10n_br_reinf.nature_income_11003","R-4010","rra","False","","188902","monthly","2023-09-01",""
"nature_income_tax_11003_r4020_irpj_ext_na_047304","l10n_br_reinf.nature_income_11003","R-4020","irpj","True","na","047304","daily","2023-09-01",""
"nature_income_tax_11003_r4020_irpj_nac_na_189501","l10n_br_reinf.nature_income_11003","R-4020","irpj","False","na","189501","monthly","2023-09-01",""
"nature_income_tax_11004_r4010_irpf_ext_nd_047304","l10n_br_reinf.nature_income_11004","R-4010","irpf","True","","047304","daily","2023-09-01",""
"nature_income_tax_11004_r4010_irpf_nac_nd_520406","l10n_br_reinf.nature_income_11004","R-4010","irpf","False","","520406","monthly","2023-09-01",""
"nature_income_tax_11004_r4010_rra_nac_nd_188902","l10n_br_reinf.nature_income_11004","R-4010","rra","False","","188902","monthly","2023-09-01",""
"nature_income_tax_11004_r4020_irpj_ext_na_047304","l10n_br_reinf.nature_income_11004","R-4020","irpj","True","na","047304","daily","2023-09-01",""
"nature_income_tax_11004_r4020_irpj_nac_na_520406","l10n_br_reinf.nature_income_11004","R-4020","irpj","False","na","520406","monthly","2023-09-01",""
"nature_income_tax_11005_r4010_irpf_ext_nd_047304","l10n_br_reinf.nature_income_11005","R-4010","irpf","True","","047304","daily","2023-09-01",""
"nature_income_tax_11005_r4010_irpf_nac_nd_690406","l10n_br_reinf.nature_income_11005","R-4010","irpf","False","","690406","monthly","2023-09-01",""
"nature_income_tax_11005_r4010_rra_nac_nd_188902","l10n_br_reinf.nature_income_11005","R-4010","rra","False","","188902","monthly","2023-09-01",""
"nature_income_tax_11005_r4020_irpj_ext_na_047304","l10n_br_reinf.nature_income_11005","R-4020","irpj","True","na","047304","daily","2023-09-01",""
"nature_income_tax_11005_r4020_irpj_nac_na_690406","l10n_br_reinf.nature_income_11005","R-4020","irpj","False","na","690406","monthly","2023-09-01",""
"nature_income_tax_11007_r4010_irpf_ext_nd_047399","l10n_br_reinf.nature_income_11007","R-4010","irpf","True","","047399","daily","2023-09-01",""
"nature_income_tax_11007_r4010_irpf_nac_nd_189599","l10n_br_reinf.nature_income_11007","R-4010","irpf","False","","189599","monthly","2023-09-01",""
"nature_income_tax_11007_r4010_rra_nac_nd_188999","l10n_br_reinf.nature_income_11007","R-4010","rra","False","","188999","monthly","2023-09-01",""
"nature_income_tax_11007_r4020_irpj_ext_na_047399","l10n_br_reinf.nature_income_11007","R-4020","irpj","True","na","047399","daily","2023-09-01",""
"nature_income_tax_11007_r4020_irpj_nac_na_189599","l10n_br_reinf.nature_income_11007","R-4020","irpj","False","na","189599","monthly","2023-09-01",""
"nature_income_tax_11008_r4010_irpf_ext_nd_047399","l10n_br_reinf.nature_income_11008","R-4010","irpf","True","","047399","daily","2025-01-01",""
"nature_income_tax_11008_r4010_irpf_nac_nd_593699","l10n_br_reinf.nature_income_11008","R-4010","irpf","False","","593699","monthly","2025-01-01",""
"nature_income_tax_11008_r4010_rra_nac_nd_188999","l10n_br_reinf.nature_income_11008","R-4010","rra","False","","188999","monthly","2025-01-01",""
"nature_income_tax_11008_r4020_irpj_ext_na_047399","l10n_br_reinf.nature_income_11008","R-4020","irpj","True","na","047399","daily","2025-01-01",""
"nature_income_tax_11008_r4020_irpj_nac_na_593699","l10n_br_reinf.nature_income_11008","R-4020","irpj","False","na","593699","monthly","2025-01-01",""
"nature_income_tax_12001_r4010_irpf_ext_nd_184102","l10n_br_reinf.nature_income_12001","R-4010","irpf","True","","184102","daily","2026-01-01",""
"nature_income_tax_12001_r4010_irpf_nac_nd_184101","l10n_br_reinf.nature_income_12001","R-4010","irpf","False","","184101","monthly","2026-01-01",""
"nature_income_tax_12001_r4020_irpj_ext_na_184102","l10n_br_reinf.nature_income_12001","R-4020","irpj","True","na","184102","daily","2026-01-01",""
"nature_income_tax_12002_r4010_irpf_ext_nd_946601","l10n_br_reinf.nature_income_12002","R-4010","irpf","True","","946601","daily","2023-09-01",""
"nature_income_tax_12002_r4010_irpf_nac_nd_322306","l10n_br_reinf.nature_income_12002","R-4010","irpf","False","","322306","monthly","2023-09-01",""
"nature_income_tax_12003_r4010_irpf_ext_nd_946601","l10n_br_reinf.nature_income_12003","R-4010","irpf","True","","946601","daily","2023-09-01",""
"nature_income_tax_12003_r4010_irpf_nac_nd_322306","l10n_br_reinf.nature_income_12003","R-4010","irpf","False","","322306","monthly","2023-09-01",""
"nature_income_tax_12004_r4010_irpf_ext_nd_946601","l10n_br_reinf.nature_income_12004","R-4010","irpf","True","","946601","daily","2023-09-01",""
"nature_income_tax_12004_r4010_irpf_nac_nd_355601","l10n_br_reinf.nature_income_12004","R-4010","irpf","False","","355601","monthly","2023-09-01",""
"nature_income_tax_12005_r4010_irpf_ext_nd_946601","l10n_br_reinf.nature_income_12005","R-4010","irpf","True","","946601","daily","2023-09-01",""
"nature_income_tax_12005_r4010_irpf_nac_nd_357901","l10n_br_reinf.nature_income_12005","R-4010","irpf","False","","357901","monthly","2023-09-01",""
"nature_income_tax_12006_r4010_irpf_ext_nd_946601","l10n_br_reinf.nature_income_12006","R-4010","irpf","True","","946601","daily","2023-09-01",""
"nature_income_tax_12006_r4010_irpf_nac_nd_357901","l10n_br_reinf.nature_income_12006","R-4010","irpf","False","","357901","monthly","2023-09-01",""
"nature_income_tax_12007_r4010_irpf_ext_nd_946601","l10n_br_reinf.nature_income_12007","R-4010","irpf","True","","946601","daily","2023-09-01",""
"nature_income_tax_12007_r4010_irpf_nac_nd_357901","l10n_br_reinf.nature_income_12007","R-4010","irpf","False","","357901","monthly","2023-09-01",""
"nature_income_tax_12008_r4010_irpf_ext_nd_946601","l10n_br_reinf.nature_income_12008","R-4010","irpf","True","","946601","daily","2023-09-01",""
"nature_income_tax_12008_r4010_irpf_nac_nd_689106","l10n_br_reinf.nature_income_12008","R-4010","irpf","False","","689106","monthly","2023-09-01",""
"nature_income_tax_12009_r4010_irpf_ext_nd_946601","l10n_br_reinf.nature_income_12009","R-4010","irpf","True","","946601","daily","2023-09-01",""
"nature_income_tax_12009_r4010_irpf_nac_nd_354001","l10n_br_reinf.nature_income_12009","R-4010","irpf","False","","354001","monthly","2023-09-01",""
"nature_income_tax_12009_r4010_rra_nac_nd_188902","l10n_br_reinf.nature_income_12009","R-4010","rra","False","","188902","monthly","2023-09-01",""
"nature_income_tax_12010_r4010_irpf_ext_nd_946601","l10n_br_reinf.nature_income_12010","R-4010","irpf","True","","946601","daily","2023-09-01",""
"nature_income_tax_12010_r4010_irpf_nac_nd_354001","l10n_br_reinf.nature_income_12010","R-4010","irpf","False","","354001","monthly","2023-09-01",""
"nature_income_tax_12010_r4010_rra_nac_nd_188902","l10n_br_reinf.nature_income_12010","R-4010","rra","False","","188902","monthly","2023-09-01",""
"nature_income_tax_12011_r4010_irpf_ext_nd_946601","l10n_br_reinf.nature_income_12011","R-4010","irpf","True","","946601","daily","2023-09-01",""
"nature_income_tax_12011_r4010_irpf_nac_nd_354001","l10n_br_reinf.nature_income_12011","R-4010","irpf","False","","354001","monthly","2023-09-01",""
"nature_income_tax_12011_r4010_rra_nac_nd_188902","l10n_br_reinf.nature_income_12011","R-4010","rra","False","","188902","monthly","2023-09-01",""
"nature_income_tax_12012_r4010_irpf_ext_nd_946601","l10n_br_reinf.nature_income_12012","R-4010","irpf","True","","946601","daily","2023-09-01",""
"nature_income_tax_12012_r4010_irpf_nac_nd_556506","l10n_br_reinf.nature_income_12012","R-4010","irpf","False","","556506","monthly","2023-09-01",""
"nature_income_tax_12012_r4010_rra_nac_nd_188902","l10n_br_reinf.nature_income_12012","R-4010","rra","False","","188902","monthly","2023-09-01",""
"nature_income_tax_12013_r4010_irpf_ext_nd_946601","l10n_br_reinf.nature_income_12013","R-4010","irpf","True","","946601","daily","2023-09-01",""
"nature_income_tax_12013_r4010_irpf_nac_nd_556506","l10n_br_reinf.nature_income_12013","R-4010","irpf","False","","556506","monthly","2023-09-01",""
"nature_income_tax_12013_r4010_rra_nac_nd_188902","l10n_br_reinf.nature_income_12013","R-4010","rra","False","","188902","monthly","2023-09-01",""
"nature_income_tax_12014_r4010_irpf_ext_nd_946601","l10n_br_reinf.nature_income_12014","R-4010","irpf","True","","946601","daily","2023-09-01",""
"nature_income_tax_12014_r4010_irpf_nac_nd_556506","l10n_br_reinf.nature_income_12014","R-4010","irpf","False","","556506","monthly","2023-09-01",""
"nature_income_tax_12015_r4010_irpf_ext_nd_946601","l10n_br_reinf.nature_income_12015","R-4010","irpf","True","","946601","daily","2023-09-01",""
"nature_income_tax_12015_r4010_irpf_nac_nd_689106","l10n_br_reinf.nature_income_12015","R-4010","irpf","False","","689106","monthly","2023-09-01",""
"nature_income_tax_12015_r4010_rra_nac_nd_188902","l10n_br_reinf.nature_income_12015","R-4010","rra","False","","188902","monthly","2023-09-01",""
"nature_income_tax_12016_r4010_irpf_ext_nd_945302","l10n_br_reinf.nature_income_12016","R-4010","irpf","True","","945302","ten_day","2023-09-01",""
"nature_income_tax_12016_r4010_irpf_nac_nd_570602","l10n_br_reinf.nature_income_12016","R-4010","irpf","False","","570602","ten_day","2023-09-01",""
"nature_income_tax_12016_r4020_irpj_ext_na_945302","l10n_br_reinf.nature_income_12016","R-4020","irpj","True","na","945302","ten_day","2023-09-01",""
"nature_income_tax_12016_r4020_irpj_nac_na_570602","l10n_br_reinf.nature_income_12016","R-4020","irpj","False","na","570602","ten_day","2023-09-01",""
"nature_income_tax_12017_r4010_irpf_ext_nd_528604","l10n_br_reinf.nature_income_12017","R-4010","irpf","True","","528604","ten_day","2023-09-01",""
"nature_income_tax_12017_r4010_irpf_nac_nd_805302","l10n_br_reinf.nature_income_12017","R-4010","irpf","False","","805302","ten_day","2023-09-01",""
"nature_income_tax_12017_r4020_irpj_ext_na_528604","l10n_br_reinf.nature_income_12017","R-4020","irpj","True","na","528604","ten_day","2023-09-01",""
"nature_income_tax_12017_r4020_irpj_nac_na_342602","l10n_br_reinf.nature_income_12017","R-4020","irpj","False","na","342602","ten_day","2023-09-01",""
"nature_income_tax_12018_r4010_irpf_ext_nd_528604","l10n_br_reinf.nature_income_12018","R-4010","irpf","True","","528604","ten_day","2023-09-01",""
"nature_income_tax_12018_r4010_irpf_nac_nd_805302","l10n_br_reinf.nature_income_12018","R-4010","irpf","False","","805302","ten_day","2023-09-01",""
"nature_income_tax_12018_r4020_irpj_ext_na_528604","l10n_br_reinf.nature_income_12018","R-4020","irpj","True","na","528604","ten_day","2023-09-01",""
"nature_income_tax_12018_r4020_irpj_nac_na_342602","l10n_br_reinf.nature_income_12018","R-4020","irpj","False","na","342602","ten_day","2023-09-01",""
"nature_income_tax_12019_r4010_irpf_ext_nd_528604","l10n_br_reinf.nature_income_12019","R-4010","irpf","True","","528604","ten_day","2023-09-01",""
"nature_income_tax_12019_r4010_irpf_nac_nd_805302","l10n_br_reinf.nature_income_12019","R-4010","irpf","False","","805302","ten_day","2023-09-01",""
"nature_income_tax_12019_r4020_irpj_ext_na_528604","l10n_br_reinf.nature_income_12019","R-4020","irpj","True","na","528604","ten_day","2023-09-01",""
"nature_income_tax_12019_r4020_irpj_nac_na_342602","l10n_br_reinf.nature_income_12019","R-4020","irpj","False","na","342602","ten_day","2023-09-01",""
"nature_income_tax_12020_r4010_irpf_ext_nd_528604","l10n_br_reinf.nature_income_12020","R-4010","irpf","True","","528604","ten_day","2023-09-01",""
"nature_income_tax_12020_r4010_irpf_nac_nd_805302","l10n_br_reinf.nature_income_12020","R-4010","irpf","False","","805302","ten_day","2023-09-01",""
"nature_income_tax_12020_r4020_irpj_ext_na_528604","l10n_br_reinf.nature_income_12020","R-4020","irpj","True","na","528604","ten_day","2023-09-01",""
"nature_income_tax_12020_r4020_irpj_nac_na_342602","l10n_br_reinf.nature_income_12020","R-4020","irpj","False","na","342602","ten_day","2023-09-01",""
"nature_income_tax_12021_r4010_irpf_ext_nd_528604","l10n_br_reinf.nature_income_12021","R-4010","irpf","True","","528604","ten_day","2023-09-01",""
"nature_income_tax_12021_r4010_irpf_nac_nd_805302","l10n_br_reinf.nature_income_12021","R-4010","irpf","False","","805302","ten_day","2023-09-01",""
"nature_income_tax_12021_r4020_irpj_ext_na_528604","l10n_br_reinf.nature_income_12021","R-4020","irpj","True","na","528604","ten_day","2023-09-01",""
"nature_income_tax_12021_r4020_irpj_nac_na_342602","l10n_br_reinf.nature_income_12021","R-4020","irpj","False","na","342602","ten_day","2023-09-01",""
"nature_income_tax_12022_r4010_irpf_ext_nd_528604","l10n_br_reinf.nature_income_12022","R-4010","irpf","True","","528604","ten_day","2023-09-01",""
"nature_income_tax_12022_r4010_irpf_nac_nd_805302","l10n_br_reinf.nature_income_12022","R-4010","irpf","False","","805302","ten_day","2023-09-01",""
"nature_income_tax_12022_r4020_irpj_ext_na_528604","l10n_br_reinf.nature_income_12022","R-4020","irpj","True","na","528604","ten_day","2023-09-01",""
"nature_income_tax_12022_r4020_irpj_nac_na_342602","l10n_br_reinf.nature_income_12022","R-4020","irpj","False","na","342602","ten_day","2023-09-01",""
"nature_income_tax_12023_r4020_irpj_ext_na_528604","l10n_br_reinf.nature_income_12023","R-4020","irpj","True","na","528604","ten_day","2023-09-01",""
"nature_income_tax_12023_r4020_irpj_nac_na_342602","l10n_br_reinf.nature_income_12023","R-4020","irpj","False","na","342602","ten_day","2023-09-01",""
"nature_income_tax_12024_r4010_irpf_ext_nd_528604","l10n_br_reinf.nature_income_12024","R-4010","irpf","True","","528604","ten_day","2023-09-01",""
"nature_income_tax_12024_r4010_irpf_nac_nd_805302","l10n_br_reinf.nature_income_12024","R-4010","irpf","False","","805302","ten_day","2023-09-01",""
"nature_income_tax_12024_r4020_irpj_ext_na_528604","l10n_br_reinf.nature_income_12024","R-4020","irpj","True","na","528604","ten_day","2023-09-01",""
"nature_income_tax_12024_r4020_irpj_nac_na_342602","l10n_br_reinf.nature_income_12024","R-4020","irpj","False","na","342602","ten_day","2023-09-01",""
"nature_income_tax_12025_r4020_irpj_ext_na_528604","l10n_br_reinf.nature_income_12025","R-4020","irpj","True","na","528604","ten_day","2023-09-01",""
"nature_income_tax_12025_r4020_irpj_nac_na_342602","l10n_br_reinf.nature_income_12025","R-4020","irpj","False","na","342602","ten_day","2023-09-01",""
"nature_income_tax_12026_r4010_irpf_ext_nd_528604","l10n_br_reinf.nature_income_12026","R-4010","irpf","True","","528604","ten_day","2023-09-01",""
"nature_income_tax_12026_r4010_irpf_nac_nd_805302","l10n_br_reinf.nature_income_12026","R-4010","irpf","False","","805302","ten_day","2023-09-01",""
"nature_income_tax_12026_r4020_irpj_ext_na_528604","l10n_br_reinf.nature_income_12026","R-4020","irpj","True","na","528604","ten_day","2023-09-01",""
"nature_income_tax_12026_r4020_irpj_nac_na_342602","l10n_br_reinf.nature_income_12026","R-4020","irpj","False","na","342602","ten_day","2023-09-01",""
"nature_income_tax_12027_r4010_irpf_ext_nd_528604","l10n_br_reinf.nature_income_12027","R-4010","irpf","True","","528604","ten_day","2023-09-01",""
"nature_income_tax_12027_r4010_irpf_nac_nd_805302","l10n_br_reinf.nature_income_12027","R-4010","irpf","False","","805302","ten_day","2023-09-01",""
"nature_income_tax_12027_r4020_irpj_ext_na_528604","l10n_br_reinf.nature_income_12027","R-4020","irpj","True","na","528604","ten_day","2023-09-01",""
"nature_income_tax_12027_r4020_irpj_nac_na_342602","l10n_br_reinf.nature_income_12027","R-4020","irpj","False","na","342602","ten_day","2023-09-01",""
"nature_income_tax_12028_r4020_irpj_ext_na_528604","l10n_br_reinf.nature_income_12028","R-4020","irpj","True","na","528604","ten_day","2023-09-01",""
"nature_income_tax_12028_r4020_irpj_nac_na_342602","l10n_br_reinf.nature_income_12028","R-4020","irpj","False","na","342602","ten_day","2023-09-01",""
"nature_income_tax_12029_r4010_irpf_ext_nd_528604","l10n_br_reinf.nature_income_12029","R-4010","irpf","True","","528604","ten_day","2023-09-01",""
"nature_income_tax_12029_r4010_irpf_nac_nd_680002","l10n_br_reinf.nature_income_12029","R-4010","irpf","False","","680002","ten_day","2023-09-01",""
"nature_income_tax_12029_r4020_irpj_ext_na_528604","l10n_br_reinf.nature_income_12029","R-4020","irpj","True","na","528604","ten_day","2023-09-01",""
"nature_income_tax_12029_r4020_irpj_nac_na_680002","l10n_br_reinf.nature_income_12029","R-4020","irpj","False","na","680002","ten_day","2023-09-01",""
"nature_income_tax_12030_r4010_irpf_ext_nd_528604","l10n_br_reinf.nature_income_12030","R-4010","irpf","True","","528604","ten_day","2023-09-01",""
"nature_income_tax_12030_r4010_irpf_nac_nd_680002","l10n_br_reinf.nature_income_12030","R-4010","irpf","False","","680002","ten_day","2023-09-01",""
"nature_income_tax_12030_r4020_irpj_ext_na_528604","l10n_br_reinf.nature_income_12030","R-4020","irpj","True","na","528604","ten_day","2023-09-01",""
"nature_income_tax_12030_r4020_irpj_nac_na_680002","l10n_br_reinf.nature_income_12030","R-4020","irpj","False","na","680002","ten_day","2023-09-01",""
"nature_income_tax_12031_r4010_irpf_ext_nd_528604","l10n_br_reinf.nature_income_12031","R-4010","irpf","True","","528604","ten_day","2023-09-01",""
"nature_income_tax_12031_r4010_irpf_nac_nd_681302","l10n_br_reinf.nature_income_12031","R-4010","irpf","False","","681302","ten_day","2023-09-01",""
"nature_income_tax_12031_r4020_irpj_ext_na_528604","l10n_br_reinf.nature_income_12031","R-4020","irpj","True","na","528604","ten_day","2023-09-01",""
"nature_income_tax_12031_r4020_irpj_nac_na_681302","l10n_br_reinf.nature_income_12031","R-4020","irpj","False","na","681302","ten_day","2023-09-01",""
"nature_income_tax_12032_r4010_irpf_ext_nd_528604","l10n_br_reinf.nature_income_12032","R-4010","irpf","True","","528604","ten_day","2023-09-01",""
"nature_income_tax_12032_r4010_irpf_nac_nd_681302","l10n_br_reinf.nature_income_12032","R-4010","irpf","False","","681302","ten_day","2023-09-01",""
"nature_income_tax_12032_r4020_irpj_ext_na_528604","l10n_br_reinf.nature_income_12032","R-4020","irpj","True","na","528604","ten_day","2023-09-01",""
"nature_income_tax_12032_r4020_irpj_nac_na_681302","l10n_br_reinf.nature_income_12032","R-4020","irpj","False","na","681302","ten_day","2023-09-01",""
"nature_income_tax_12033_r4010_irpf_ext_nd_528604","l10n_br_reinf.nature_income_12033","R-4010","irpf","True","","528604","ten_day","2023-09-01",""
"nature_income_tax_12033_r4010_irpf_nac_nd_681302","l10n_br_reinf.nature_income_12033","R-4010","irpf","False","","681302","ten_day","2023-09-01",""
"nature_income_tax_12033_r4020_irpj_ext_na_528604","l10n_br_reinf.nature_income_12033","R-4020","irpj","True","na","528604","ten_day","2023-09-01",""
"nature_income_tax_12033_r4020_irpj_nac_na_681302","l10n_br_reinf.nature_income_12033","R-4020","irpj","False","na","681302","ten_day","2023-09-01",""
"nature_income_tax_12034_r4010_irpf_ext_nd_528604","l10n_br_reinf.nature_income_12034","R-4010","irpf","True","","528604","ten_day","2023-09-01",""
"nature_income_tax_12034_r4010_irpf_nac_nd_523204","l10n_br_reinf.nature_income_12034","R-4010","irpf","False","","523204","ten_day","2023-09-01",""
"nature_income_tax_12034_r4020_irpj_ext_na_528604","l10n_br_reinf.nature_income_12034","R-4020","irpj","True","na","528604","ten_day","2023-09-01",""
"nature_income_tax_12034_r4020_irpj_nac_na_523204","l10n_br_reinf.nature_income_12034","R-4020","irpj","False","na","523204","ten_day","2023-09-01",""
"nature_income_tax_12035_r4010_irpf_ext_nd_528604","l10n_br_reinf.nature_income_12035","R-4010","irpf","True","","528604","ten_day","2023-09-01",""
"nature_income_tax_12035_r4010_irpf_nac_nd_523204","l10n_br_reinf.nature_income_12035","R-4010","irpf","False","","523204","ten_day","2023-09-01",""
"nature_income_tax_12035_r4020_irpj_ext_na_528604","l10n_br_reinf.nature_income_12035","R-4020","irpj","True","na","528604","ten_day","2023-09-01",""
"nature_income_tax_12035_r4020_irpj_nac_na_523204","l10n_br_reinf.nature_income_12035","R-4020","irpj","False","na","523204","ten_day","2023-09-01",""
"nature_income_tax_12036_r4010_irpf_ext_nd_528604","l10n_br_reinf.nature_income_12036","R-4010","irpf","True","","528604","ten_day","2023-09-01",""
"nature_income_tax_12036_r4010_irpf_nac_nd_523204","l10n_br_reinf.nature_income_12036","R-4010","irpf","False","","523204","ten_day","2023-09-01",""
"nature_income_tax_12036_r4020_irpj_ext_na_528604","l10n_br_reinf.nature_income_12036","R-4020","irpj","True","na","528604","ten_day","2023-09-01",""
"nature_income_tax_12036_r4020_irpj_nac_na_523204","l10n_br_reinf.nature_income_12036","R-4020","irpj","False","na","523204","ten_day","2023-09-01",""
"nature_income_tax_12037_r4010_irpf_ext_nd_528604","l10n_br_reinf.nature_income_12037","R-4010","irpf","True","","528604","ten_day","2023-09-01","2024-05-20"
"nature_income_tax_12037_r4010_irpf_nac_nd_523202","l10n_br_reinf.nature_income_12037","R-4010","irpf","False","","523202","monthly","2023-09-01","2024-05-20"
"nature_income_tax_12037_r4020_irpj_ext_na_528604","l10n_br_reinf.nature_income_12037","R-4020","irpj","True","na","528604","ten_day","2023-09-01","2024-05-20"
"nature_income_tax_12037_r4020_irpj_nac_na_523202","l10n_br_reinf.nature_income_12037","R-4020","irpj","False","na","523202","monthly","2023-09-01","2024-05-20"
"nature_income_tax_12038_r4010_irpf_ext_nd_528604","l10n_br_reinf.nature_income_12038","R-4010","irpf","True","","528604","ten_day","2023-09-01",""
"nature_income_tax_12038_r4010_irpf_nac_nd_523202","l10n_br_reinf.nature_income_12038","R-4010","irpf","False","","523202","monthly","2023-09-01",""
"nature_income_tax_12038_r4020_irpj_ext_na_528604","l10n_br_reinf.nature_income_12038","R-4020","irpj","True","na","528604","ten_day","2023-09-01",""
"nature_income_tax_12038_r4020_irpj_nac_na_523202","l10n_br_reinf.nature_income_12038","R-4020","irpj","False","na","523202","monthly","2023-09-01",""
"nature_income_tax_12039_r4010_irpf_ext_nd_528604","l10n_br_reinf.nature_income_12039","R-4010","irpf","True","","528604","ten_day","2023-09-01","2024-05-20"
"nature_income_tax_12039_r4010_irpf_nac_nd_523202","l10n_br_reinf.nature_income_12039","R-4010","irpf","False","","523202","monthly","2023-09-01","2024-05-20"
"nature_income_tax_12039_r4020_irpj_ext_na_528604","l10n_br_reinf.nature_income_12039","R-4020","irpj","True","na","528604","ten_day","2023-09-01","2024-05-20"
"nature_income_tax_12039_r4020_irpj_nac_na_523202","l10n_br_reinf.nature_income_12039","R-4020","irpj","False","na","523202","monthly","2023-09-01","2024-05-20"
"nature_income_tax_12040_r4010_irpf_ext_nd_528604","l10n_br_reinf.nature_income_12040","R-4010","irpf","True","","528604","ten_day","2023-09-01",""
"nature_income_tax_12040_r4010_irpf_nac_nd_092403","l10n_br_reinf.nature_income_12040","R-4010","irpf","False","","092403","ten_day","2023-09-01",""
"nature_income_tax_12040_r4020_irpj_ext_na_528604","l10n_br_reinf.nature_income_12040","R-4020","irpj","True","na","528604","ten_day","2023-09-01",""
"nature_income_tax_12040_r4020_irpj_nac_na_092403","l10n_br_reinf.nature_income_12040","R-4020","irpj","False","na","092403","ten_day","2023-09-01",""
"nature_income_tax_12041_r4010_irpf_ext_nd_528604","l10n_br_reinf.nature_income_12041","R-4010","irpf","True","","528604","ten_day","2023-09-01",""
"nature_income_tax_12041_r4010_irpf_nac_nd_092403","l10n_br_reinf.nature_income_12041","R-4010","irpf","False","","092403","ten_day","2023-09-01",""
"nature_income_tax_12041_r4020_irpj_ext_na_528604","l10n_br_reinf.nature_income_12041","R-4020","irpj","True","na","528604","ten_day","2023-09-01",""
"nature_income_tax_12041_r4020_irpj_nac_na_092403","l10n_br_reinf.nature_income_12041","R-4020","irpj","False","na","092403","ten_day","2023-09-01",""
"nature_income_tax_12043_r4010_irpf_ext_nd_528604","l10n_br_reinf.nature_income_12043","R-4010","irpf","True","","528604","ten_day","2023-09-01",""
"nature_income_tax_12043_r4010_irpf_nac_nd_502901","l10n_br_reinf.nature_income_12043","R-4010","irpf","False","","502901","ten_day","2023-09-01",""
"nature_income_tax_12043_r4020_irpj_ext_na_528604","l10n_br_reinf.nature_income_12043","R-4020","irpj","True","na","528604","ten_day","2023-09-01",""
"nature_income_tax_12043_r4020_irpj_nac_na_502901","l10n_br_reinf.nature_income_12043","R-4020","irpj","False","na","502901","ten_day","2023-09-01",""
"nature_income_tax_12044_r4010_irpf_ext_nd_528604","l10n_br_reinf.nature_income_12044","R-4010","irpf","True","","528604","ten_day","2024-05-21",""
"nature_income_tax_12044_r4010_irpf_ext_nd_945302","l10n_br_reinf.nature_income_12044","R-4010","irpf","True","","945302","ten_day","2023-09-01","2024-05-20"
"nature_income_tax_12044_r4010_irpf_nac_nd_503501","l10n_br_reinf.nature_income_12044","R-4010","irpf","False","","503501","ten_day","2023-09-01",""
"nature_income_tax_12044_r4020_irpj_ext_na_528604","l10n_br_reinf.nature_income_12044","R-4020","irpj","True","na","528604","ten_day","2024-05-21",""
"nature_income_tax_12044_r4020_irpj_ext_na_945302","l10n_br_reinf.nature_income_12044","R-4020","irpj","True","na","945302","ten_day","2023-09-01","2024-05-20"
"nature_income_tax_12044_r4020_irpj_nac_na_503501","l10n_br_reinf.nature_income_12044","R-4020","irpj","False","na","503501","ten_day","2023-09-01",""
"nature_income_tax_12045_r4010_irpf_ext_nd_528604","l10n_br_reinf.nature_income_12045","R-4010","irpf","True","","528604","ten_day","2023-09-01",""
"nature_income_tax_12045_r4010_irpf_nac_nd_327706","l10n_br_reinf.nature_income_12045","R-4010","irpf","False","","327706","monthly","2023-09-01",""
"nature_income_tax_12045_r4020_irpj_ext_na_528604","l10n_br_reinf.nature_income_12045","R-4020","irpj","True","na","528604","ten_day","2023-09-01",""
"nature_income_tax_12045_r4020_irpj_nac_na_327706","l10n_br_reinf.nature_income_12045","R-4020","irpj","False","na","327706","monthly","2023-09-01",""
"nature_income_tax_12046_r4010_irpf_ext_nd_528604","l10n_br_reinf.nature_income_12046","R-4010","irpf","True","","528604","ten_day","2023-09-01",""
"nature_income_tax_12046_r4010_irpf_nac_nd_527302","l10n_br_reinf.nature_income_12046","R-4010","irpf","False","","527302","ten_day","2023-09-01",""
"nature_income_tax_12046_r4020_irpj_ext_na_528604","l10n_br_reinf.nature_income_12046","R-4020","irpj","True","na","528604","ten_day","2023-09-01",""
"nature_income_tax_12046_r4020_irpj_nac_na_527302","l10n_br_reinf.nature_income_12046","R-4020","irpj","False","na","527302","ten_day","2023-09-01",""
"nature_income_tax_12047_r4010_irpf_ext_nd_846802","l10n_br_reinf.nature_income_12047","R-4010","irpf","True","","846802","ten_day","2023-09-01",""
"nature_income_tax_12047_r4010_irpf_nac_nd_846802","l10n_br_reinf.nature_income_12047","R-4010","irpf","False","","846802","ten_day","2023-09-01",""
"nature_income_tax_12047_r4020_irpj_ext_na_846802","l10n_br_reinf.nature_income_12047","R-4020","irpj","True","na","846802","ten_day","2023-09-01",""
"nature_income_tax_12047_r4020_irpj_nac_na_846802","l10n_br_reinf.nature_income_12047","R-4020","irpj","False","na","846802","ten_day","2023-09-01",""
"nature_income_tax_12048_r4010_irpf_ext_nd_555702","l10n_br_reinf.nature_income_12048","R-4010","irpf","True","","555702","ten_day","2023-09-01",""
"nature_income_tax_12048_r4010_irpf_nac_nd_555702","l10n_br_reinf.nature_income_12048","R-4010","irpf","False","","555702","ten_day","2023-09-01",""
"nature_income_tax_12048_r4020_irpj_ext_na_555702","l10n_br_reinf.nature_income_12048","R-4020","irpj","True","na","555702","ten_day","2023-09-01",""
"nature_income_tax_12048_r4020_irpj_nac_na_555702","l10n_br_reinf.nature_income_12048","R-4020","irpj","False","na","555702","ten_day","2023-09-01",""
"nature_income_tax_12049_r4010_irpf_ext_nd_555702","l10n_br_reinf.nature_income_12049","R-4010","irpf","True","","555702","ten_day","2023-09-01",""
"nature_income_tax_12049_r4010_irpf_nac_nd_555702","l10n_br_reinf.nature_income_12049","R-4010","irpf","False","","555702","ten_day","2023-09-01",""
"nature_income_tax_12049_r4020_irpj_ext_na_555702","l10n_br_reinf.nature_income_12049","R-4020","irpj","True","na","555702","ten_day","2023-09-01",""
"nature_income_tax_12049_r4020_irpj_nac_na_555702","l10n_br_reinf.nature_income_12049","R-4020","irpj","False","na","555702","ten_day","2023-09-01",""
"nature_income_tax_12050_r4010_irpf_ext_nd_555702","l10n_br_reinf.nature_income_12050","R-4010","irpf","True","","555702","ten_day","2023-09-01",""
"nature_income_tax_12050_r4010_irpf_nac_nd_555702","l10n_br_reinf.nature_income_12050","R-4010","irpf","False","","555702","ten_day","2023-09-01",""
"nature_income_tax_12050_r4020_irpj_ext_na_555702","l10n_br_reinf.nature_income_12050","R-4020","irpj","True","na","555702","ten_day","2023-09-01",""
"nature_income_tax_12050_r4020_irpj_nac_na_555702","l10n_br_reinf.nature_income_12050","R-4020","irpj","False","na","555702","ten_day","2023-09-01",""
"nature_income_tax_12051_r4020_irpj_nac_na_369901","l10n_br_reinf.nature_income_12051","R-4020","irpj","False","na","369901","ten_day","2023-09-01",""
"nature_income_tax_12052_r4010_irpf_ext_nd_999999","l10n_br_reinf.nature_income_12052","R-4010","irpf","True","","999999","weekly","2023-09-01",""
"nature_income_tax_12052_r4010_irpf_nac_nd_999999","l10n_br_reinf.nature_income_12052","R-4010","irpf","False","","999999","weekly","2023-09-01",""
"nature_income_tax_12052_r4020_irpj_ext_na_999999","l10n_br_reinf.nature_income_12052","R-4020","irpj","True","na","999999","weekly","2023-09-01",""
"nature_income_tax_12052_r4020_irpj_nac_na_999999","l10n_br_reinf.nature_income_12052","R-4020","irpj","False","na","999999","weekly","2023-09-01",""
"nature_income_tax_12052_r4040_nd_nac_nd_570602","l10n_br_reinf.nature_income_12052","R-4040","","False","","570602","ten_day","2023-09-01",""
"nature_income_tax_12053_r4010_irpf_ext_nd_528604","l10n_br_reinf.nature_income_12053","R-4010","irpf","True","","528604","ten_day","2024-05-21",""
"nature_income_tax_12053_r4010_irpf_nac_nd_523205","l10n_br_reinf.nature_income_12053","R-4010","irpf","False","","523205","ten_day","2024-05-21",""
"nature_income_tax_12053_r4020_irpj_ext_na_528604","l10n_br_reinf.nature_income_12053","R-4020","irpj","True","na","528604","ten_day","2024-05-21",""
"nature_income_tax_12053_r4020_irpj_nac_na_523205","l10n_br_reinf.nature_income_12053","R-4020","irpj","False","na","523205","ten_day","2024-05-21",""
"nature_income_tax_12054_r4010_irpf_ext_nd_528604","l10n_br_reinf.nature_income_12054","R-4010","irpf","True","","528604","ten_day","2024-05-21",""
"nature_income_tax_12054_r4010_irpf_nac_nd_160501","l10n_br_reinf.nature_income_12054","R-4010","irpf","False","","160501","ten_day","2024-05-21",""
"nature_income_tax_12054_r4020_irpj_ext_na_528604","l10n_br_reinf.nature_income_12054","R-4020","irpj","True","na","528604","ten_day","2024-05-21",""
"nature_income_tax_12054_r4020_irpj_nac_na_160501","l10n_br_reinf.nature_income_12054","R-4020","irpj","False","na","160501","ten_day","2024-05-21",""
"nature_income_tax_12055_r4010_irpf_ext_nd_528604","l10n_br_reinf.nature_income_12055","R-4010","irpf","True","","528604","ten_day","2024-05-21",""
"nature_income_tax_12055_r4010_irpf_nac_nd_160502","l10n_br_reinf.nature_income_12055","R-4010","irpf","False","","160502","ten_day","2024-05-21",""
"nature_income_tax_12055_r4020_irpj_ext_na_528604","l10n_br_reinf.nature_income_12055","R-4020","irpj","True","na","528604","ten_day","2024-05-21",""
"nature_income_tax_12055_r4020_irpj_nac_na_160502","l10n_br_reinf.nature_income_12055","R-4020","irpj","False","na","160502","ten_day","2024-05-21",""
"nature_income_tax_12056_r4010_irpf_ext_nd_528604","l10n_br_reinf.nature_income_12056","R-4010","irpf","True","","528604","ten_day","2024-05-21",""
"nature_income_tax_12056_r4010_irpf_nac_nd_160503","l10n_br_reinf.nature_income_12056","R-4010","irpf","False","","160503","ten_day","2024-05-21",""
"nature_income_tax_12056_r4020_irpj_ext_na_528604","l10n_br_reinf.nature_income_12056","R-4020","irpj","True","na","528604","ten_day","2024-05-21",""
"nature_income_tax_12056_r4020_irpj_nac_na_160503","l10n_br_reinf.nature_income_12056","R-4020","irpj","False","na","160503","ten_day","2024-05-21",""
"nature_income_tax_12057_r4010_irpf_ext_nd_528604","l10n_br_reinf.nature_income_12057","R-4010","irpf","True","","528604","ten_day","2024-05-21",""
"nature_income_tax_12057_r4010_irpf_nac_nd_160504","l10n_br_reinf.nature_income_12057","R-4010","irpf","False","","160504","ten_day","2024-05-21",""
"nature_income_tax_12057_r4020_irpj_ext_na_528604","l10n_br_reinf.nature_income_12057","R-4020","irpj","True","na","528604","ten_day","2024-05-21",""
"nature_income_tax_12057_r4020_irpj_nac_na_160504","l10n_br_reinf.nature_income_12057","R-4020","irpj","False","na","160504","ten_day","2024-05-21",""
"nature_income_tax_12058_r4010_irpf_ext_nd_528604","l10n_br_reinf.nature_income_12058","R-4010","irpf","True","","528604","ten_day","2024-05-21",""
"nature_income_tax_12058_r4010_irpf_nac_nd_160505","l10n_br_reinf.nature_income_12058","R-4010","irpf","False","","160505","ten_day","2024-05-21",""
"nature_income_tax_12058_r4020_irpj_ext_na_528604","l10n_br_reinf.nature_income_12058","R-4020","irpj","True","na","528604","ten_day","2024-05-21",""
"nature_income_tax_12058_r4020_irpj_nac_na_160505","l10n_br_reinf.nature_income_12058","R-4020","irpj","False","na","160505","ten_day","2024-05-21",""
"nature_income_tax_12059_r4010_irpf_ext_nd_528604","l10n_br_reinf.nature_income_12059","R-4010","irpf","True","","528604","ten_day","2024-05-21",""
"nature_income_tax_12059_r4010_irpf_nac_nd_160506","l10n_br_reinf.nature_income_12059","R-4010","irpf","False","","160506","ten_day","2024-05-21",""
"nature_income_tax_12059_r4020_irpj_ext_na_528604","l10n_br_reinf.nature_income_12059","R-4020","irpj","True","na","528604","ten_day","2024-05-21",""
"nature_income_tax_12059_r4020_irpj_nac_na_160506","l10n_br_reinf.nature_income_12059","R-4020","irpj","False","na","160506","ten_day","2024-05-21",""
"nature_income_tax_12060_r4010_irpf_ext_nd_528604","l10n_br_reinf.nature_income_12060","R-4010","irpf","True","","528604","ten_day","2024-05-21",""
"nature_income_tax_12060_r4010_irpf_nac_nd_160507","l10n_br_reinf.nature_income_12060","R-4010","irpf","False","","160507","ten_day","2024-05-21",""
"nature_income_tax_12060_r4020_irpj_ext_na_528604","l10n_br_reinf.nature_income_12060","R-4020","irpj","True","na","528604","ten_day","2024-05-21",""
"nature_income_tax_12060_r4020_irpj_nac_na_160507","l10n_br_reinf.nature_income_12060","R-4020","irpj","False","na","160507","ten_day","2024-05-21",""
"nature_income_tax_12061_r4010_irpf_ext_nd_528604","l10n_br_reinf.nature_income_12061","R-4010","irpf","True","","528604","ten_day","2024-05-21",""
"nature_income_tax_12061_r4010_irpf_nac_nd_160508","l10n_br_reinf.nature_income_12061","R-4010","irpf","False","","160508","ten_day","2024-05-21",""
"nature_income_tax_12061_r4020_irpj_ext_na_528604","l10n_br_reinf.nature_income_12061","R-4020","irpj","True","na","528604","ten_day","2024-05-21",""
"nature_income_tax_12061_r4020_irpj_nac_na_160508","l10n_br_reinf.nature_income_12061","R-4020","irpj","False","na","160508","ten_day","2024-05-21",""
"nature_income_tax_12062_r4010_irpf_ext_nd_528604","l10n_br_reinf.nature_income_12062","R-4010","irpf","True","","528604","ten_day","2024-05-21",""
"nature_income_tax_12062_r4010_irpf_nac_nd_503502","l10n_br_reinf.nature_income_12062","R-4010","irpf","False","","503502","ten_day","2024-05-21",""
"nature_income_tax_12062_r4020_irpj_ext_na_528604","l10n_br_reinf.nature_income_12062","R-4020","irpj","True","na","528604","ten_day","2024-05-21",""
"nature_income_tax_12062_r4020_irpj_nac_na_503502","l10n_br_reinf.nature_income_12062","R-4020","irpj","False","na","503502","ten_day","2024-05-21",""
"nature_income_tax_12099_r4010_irpf_ext_nd_528604","l10n_br_reinf.nature_income_12099","R-4010","irpf","True","","528604","ten_day","2023-09-01",""
"nature_income_tax_12099_r4010_irpf_nac_nd_092403","l10n_br_reinf.nature_income_12099","R-4010","irpf","False","","092403","ten_day","2023-09-01",""
"nature_income_tax_12099_r4020_irpj_ext_na_528604","l10n_br_reinf.nature_income_12099","R-4020","irpj","True","na","528604","ten_day","2023-09-01",""
"nature_income_tax_12099_r4020_irpj_nac_na_092403","l10n_br_reinf.nature_income_12099","R-4020","irpj","False","na","092403","ten_day","2023-09-01",""
"nature_income_tax_13001_r4010_irpf_ext_nd_947801","l10n_br_reinf.nature_income_13001","R-4010","irpf","True","","947801","daily","2023-09-01",""
"nature_income_tax_13001_r4010_irpf_nac_nd_320806","l10n_br_reinf.nature_income_13001","R-4010","irpf","False","","320806","monthly","2023-09-01",""
"nature_income_tax_13001_r4010_rra_nac_nd_188902","l10n_br_reinf.nature_income_13001","R-4010","rra","False","","188902","monthly","2023-09-01",""
"nature_income_tax_13001_r4020_irpj_ext_na_947801","l10n_br_reinf.nature_income_13001","R-4020","irpj","True","na","947801","daily","2023-09-01",""
"nature_income_tax_13002_r4010_irpf_ext_nd_947801","l10n_br_reinf.nature_income_13002","R-4010","irpf","True","","947801","daily","2023-09-01",""
"nature_income_tax_13002_r4010_irpf_nac_nd_320806","l10n_br_reinf.nature_income_13002","R-4010","irpf","False","","320806","monthly","2023-09-01",""
"nature_income_tax_13002_r4010_rra_nac_nd_188902","l10n_br_reinf.nature_income_13002","R-4010","rra","False","","188902","monthly","2023-09-01",""
"nature_income_tax_13002_r4020_irpj_ext_na_947801","l10n_br_reinf.nature_income_13002","R-4020","irpj","True","na","947801","daily","2023-09-01",""
"nature_income_tax_13003_r4010_irpf_ext_nd_947801","l10n_br_reinf.nature_income_13003","R-4010","irpf","True","","947801","daily","2023-09-01",""
"nature_income_tax_13003_r4010_irpf_nac_nd_320806","l10n_br_reinf.nature_income_13003","R-4010","irpf","False","","320806","monthly","2023-09-01",""
"nature_income_tax_13003_r4010_rra_nac_nd_188902","l10n_br_reinf.nature_income_13003","R-4010","rra","False","","188902","monthly","2023-09-01",""
"nature_income_tax_13003_r4020_irpj_ext_na_947801","l10n_br_reinf.nature_income_13003","R-4020","irpj","True","na","947801","daily","2023-09-01",""
"nature_income_tax_13004_r4010_irpf_ext_nd_048101","l10n_br_reinf.nature_income_13004","R-4010","irpf","True","","048101","daily","2023-09-01",""
"nature_income_tax_13004_r4010_irpf_nac_nd_320806","l10n_br_reinf.nature_income_13004","R-4010","irpf","False","","320806","monthly","2023-09-01",""
"nature_income_tax_13004_r4010_rra_nac_nd_188902","l10n_br_reinf.nature_income_13004","R-4010","rra","False","","188902","monthly","2023-09-01",""
"nature_income_tax_13004_r4020_irpj_ext_na_048101","l10n_br_reinf.nature_income_13004","R-4020","irpj","True","na","048101","daily","2023-09-01",""
"nature_income_tax_13005_r4010_irpf_ext_nd_947801","l10n_br_reinf.nature_income_13005","R-4010","irpf","True","","947801","daily","2023-09-01",""
"nature_income_tax_13005_r4010_irpf_nac_nd_320806","l10n_br_reinf.nature_income_13005","R-4010","irpf","False","","320806","monthly","2023-09-01",""
"nature_income_tax_13005_r4010_rra_nac_nd_188902","l10n_br_reinf.nature_income_13005","R-4010","rra","False","","188902","monthly","2023-09-01",""
"nature_income_tax_13005_r4020_irpj_ext_na_947801","l10n_br_reinf.nature_income_13005","R-4020","irpj","True","na","947801","daily","2023-09-01",""
"nature_income_tax_13006_r4010_irpf_ext_nd_947801","l10n_br_reinf.nature_income_13006","R-4010","irpf","True","","947801","daily","2023-09-01",""
"nature_income_tax_13006_r4010_irpf_nac_nd_320806","l10n_br_reinf.nature_income_13006","R-4010","irpf","False","","320806","monthly","2023-09-01",""
"nature_income_tax_13006_r4010_rra_nac_nd_188902","l10n_br_reinf.nature_income_13006","R-4010","rra","False","","188902","monthly","2023-09-01",""
"nature_income_tax_13006_r4020_irpj_ext_na_947801","l10n_br_reinf.nature_income_13006","R-4020","irpj","True","na","947801","daily","2023-09-01",""
"nature_income_tax_13007_r4010_irpf_ext_nd_048101","l10n_br_reinf.nature_income_13007","R-4010","irpf","True","","048101","daily","2023-09-01",""
"nature_income_tax_13007_r4010_irpf_nac_nd_320806","l10n_br_reinf.nature_income_13007","R-4010","irpf","False","","320806","monthly","2023-09-01",""
"nature_income_tax_13007_r4010_rra_nac_nd_188902","l10n_br_reinf.nature_income_13007","R-4010","rra","False","","188902","monthly","2023-09-01",""
"nature_income_tax_13007_r4020_irpj_ext_na_048101","l10n_br_reinf.nature_income_13007","R-4020","irpj","True","na","048101","daily","2023-09-01",""
"nature_income_tax_13008_r4010_irpf_ext_nd_942701","l10n_br_reinf.nature_income_13008","R-4010","irpf","True","","942701","daily","2023-09-01",""
"nature_income_tax_13008_r4010_irpf_nac_nd_320806","l10n_br_reinf.nature_income_13008","R-4010","irpf","False","","320806","monthly","2023-09-01",""
"nature_income_tax_13008_r4010_rra_nac_nd_188902","l10n_br_reinf.nature_income_13008","R-4010","rra","False","","188902","monthly","2023-09-01",""
"nature_income_tax_13008_r4020_irpj_ext_na_942701","l10n_br_reinf.nature_income_13008","R-4020","irpj","True","na","942701","daily","2023-09-01",""
"nature_income_tax_13009_r4010_irpf_ext_nd_042201","l10n_br_reinf.nature_income_13009","R-4010","irpf","True","","042201","daily","2023-09-01",""
"nature_income_tax_13009_r4010_irpf_nac_nd_320806","l10n_br_reinf.nature_income_13009","R-4010","irpf","False","","320806","monthly","2023-09-01",""
"nature_income_tax_13009_r4010_rra_nac_nd_188902","l10n_br_reinf.nature_income_13009","R-4010","rra","False","","188902","monthly","2023-09-01",""
"nature_income_tax_13009_r4020_irpj_ext_na_042201","l10n_br_reinf.nature_income_13009","R-4020","irpj","True","na","042201","daily","2023-09-01",""
"nature_income_tax_13010_r4010_irpf_ext_nd_042201","l10n_br_reinf.nature_income_13010","R-4010","irpf","True","","042201","daily","2023-09-01",""
"nature_income_tax_13010_r4010_irpf_nac_nd_058807","l10n_br_reinf.nature_income_13010","R-4010","irpf","False","","058807","monthly","2023-09-01",""
"nature_income_tax_13010_r4010_rra_nac_nd_188902","l10n_br_reinf.nature_income_13010","R-4010","rra","False","","188902","monthly","2023-09-01",""
"nature_income_tax_13010_r4020_irpj_ext_na_042201","l10n_br_reinf.nature_income_13010","R-4020","irpj","True","na","042201","daily","2023-09-01",""
"nature_income_tax_13011_r4010_irpf_ext_nd_042201","l10n_br_reinf.nature_income_13011","R-4010","irpf","True","","042201","daily","2023-09-01",""
"nature_income_tax_13011_r4010_irpf_nac_nd_320806","l10n_br_reinf.nature_income_13011","R-4010","irpf","False","","320806","monthly","2023-09-01",""
"nature_income_tax_13011_r4010_rra_nac_nd_188902","l10n_br_reinf.nature_income_13011","R-4010","rra","False","","188902","monthly","2023-09-01",""
"nature_income_tax_13011_r4020_irpj_ext_na_042201","l10n_br_reinf.nature_income_13011","R-4020","irpj","True","na","042201","daily","2023-09-01",""
"nature_income_tax_13012_r4010_irpf_ext_nd_942701","l10n_br_reinf.nature_income_13012","R-4010","irpf","True","","942701","daily","2023-09-01",""
"nature_income_tax_13012_r4010_irpf_nac_nd_320806","l10n_br_reinf.nature_income_13012","R-4010","irpf","False","","320806","monthly","2023-09-01",""
"nature_income_tax_13012_r4010_rra_nac_nd_188902","l10n_br_reinf.nature_income_13012","R-4010","rra","False","","188902","monthly","2023-09-01",""
"nature_income_tax_13012_r4020_irpj_ext_na_942701","l10n_br_reinf.nature_income_13012","R-4020","irpj","True","na","942701","daily","2023-09-01",""
"nature_income_tax_13013_r4010_irpf_ext_nd_519201","l10n_br_reinf.nature_income_13013","R-4010","irpf","True","","519201","daily","2023-09-01",""
"nature_income_tax_13013_r4010_irpf_nac_nd_320806","l10n_br_reinf.nature_income_13013","R-4010","irpf","False","","320806","monthly","2023-09-01",""
"nature_income_tax_13013_r4010_rra_nac_nd_188902","l10n_br_reinf.nature_income_13013","R-4010","rra","False","","188902","monthly","2023-09-01",""
"nature_income_tax_13013_r4020_irpj_ext_na_519201","l10n_br_reinf.nature_income_13013","R-4020","irpj","True","na","519201","daily","2023-09-01",""
"nature_income_tax_13014_r4010_irpf_ext_nd_942701","l10n_br_reinf.nature_income_13014","R-4010","irpf","True","","942701","daily","2023-09-01",""
"nature_income_tax_13014_r4010_irpf_nac_nd_320806","l10n_br_reinf.nature_income_13014","R-4010","irpf","False","","320806","monthly","2023-09-01",""
"nature_income_tax_13014_r4010_rra_nac_nd_188902","l10n_br_reinf.nature_income_13014","R-4010","rra","False","","188902","monthly","2023-09-01",""
"nature_income_tax_13014_r4020_irpj_ext_na_942701","l10n_br_reinf.nature_income_13014","R-4020","irpj","True","na","942701","daily","2023-09-01",""
"nature_income_tax_13015_r4010_irpf_ext_nd_042201","l10n_br_reinf.nature_income_13015","R-4010","irpf","True","","042201","daily","2023-09-01",""
"nature_income_tax_13015_r4010_irpf_nac_nd_320806","l10n_br_reinf.nature_income_13015","R-4010","irpf","False","","320806","monthly","2023-09-01",""
"nature_income_tax_13015_r4010_rra_nac_nd_188902","l10n_br_reinf.nature_income_13015","R-4010","rra","False","","188902","monthly","2023-09-01",""
"nature_income_tax_13015_r4020_irpj_ext_na_042201","l10n_br_reinf.nature_income_13015","R-4020","irpj","True","na","042201","daily","2023-09-01",""
"nature_income_tax_13016_r4010_irpf_ext_nd_042201","l10n_br_reinf.nature_income_13016","R-4010","irpf","True","","042201","daily","2023-09-01",""
"nature_income_tax_13016_r4010_irpf_nac_nd_320806","l10n_br_reinf.nature_income_13016","R-4010","irpf","False","","320806","monthly","2023-09-01",""
"nature_income_tax_13016_r4010_rra_nac_nd_188902","l10n_br_reinf.nature_income_13016","R-4010","rra","False","","188902","monthly","2023-09-01",""
"nature_income_tax_13016_r4020_irpj_ext_na_042201","l10n_br_reinf.nature_income_13016","R-4020","irpj","True","na","042201","daily","2023-09-01",""
"nature_income_tax_13017_r4010_irpf_ext_nd_048101","l10n_br_reinf.nature_income_13017","R-4010","irpf","True","","048101","daily","2023-09-01",""
"nature_income_tax_13017_r4010_irpf_nac_nd_320806","l10n_br_reinf.nature_income_13017","R-4010","irpf","False","","320806","monthly","2023-09-01",""
"nature_income_tax_13017_r4010_rra_nac_nd_188902","l10n_br_reinf.nature_income_13017","R-4010","rra","False","","188902","monthly","2023-09-01",""
"nature_income_tax_13017_r4020_irpj_ext_na_048101","l10n_br_reinf.nature_income_13017","R-4020","irpj","True","na","048101","daily","2023-09-01",""
"nature_income_tax_13018_r4010_irpf_ext_nd_942701","l10n_br_reinf.nature_income_13018","R-4010","irpf","True","","942701","daily","2023-09-01",""
"nature_income_tax_13018_r4010_irpf_nac_nd_320806","l10n_br_reinf.nature_income_13018","R-4010","irpf","False","","320806","monthly","2023-09-01",""
"nature_income_tax_13018_r4010_rra_nac_nd_188902","l10n_br_reinf.nature_income_13018","R-4010","rra","False","","188902","monthly","2023-09-01",""
"nature_income_tax_13018_r4020_irpj_ext_na_942701","l10n_br_reinf.nature_income_13018","R-4020","irpj","True","na","942701","daily","2023-09-01",""
"nature_income_tax_13019_r4010_irpf_ext_nd_942701","l10n_br_reinf.nature_income_13019","R-4010","irpf","True","","942701","daily","2023-09-01",""
"nature_income_tax_13019_r4010_irpf_nac_nd_320806","l10n_br_reinf.nature_income_13019","R-4010","irpf","False","","320806","monthly","2023-09-01",""
"nature_income_tax_13019_r4010_rra_nac_nd_188902","l10n_br_reinf.nature_income_13019","R-4010","rra","False","","188902","monthly","2023-09-01",""
"nature_income_tax_13019_r4020_irpj_ext_na_942701","l10n_br_reinf.nature_income_13019","R-4020","irpj","True","na","942701","daily","2023-09-01",""
"nature_income_tax_13020_r4010_irpf_ext_nd_048101","l10n_br_reinf.nature_income_13020","R-4010","irpf","True","","048101","daily","2023-09-01",""
"nature_income_tax_13020_r4010_irpf_nac_nd_320806","l10n_br_reinf.nature_income_13020","R-4010","irpf","False","","320806","monthly","2023-09-01",""
"nature_income_tax_13020_r4010_rra_nac_nd_188902","l10n_br_reinf.nature_income_13020","R-4010","rra","False","","188902","monthly","2023-09-01",""
"nature_income_tax_13020_r4020_irpj_ext_na_048101","l10n_br_reinf.nature_income_13020","R-4020","irpj","True","na","048101","daily","2023-09-01",""
"nature_income_tax_13021_r4010_irpf_ext_nd_048101","l10n_br_reinf.nature_income_13021","R-4010","irpf","True","","048101","daily","2023-09-01",""
"nature_income_tax_13021_r4010_irpf_nac_nd_320806","l10n_br_reinf.nature_income_13021","R-4010","irpf","False","","320806","monthly","2023-09-01",""
"nature_income_tax_13021_r4010_rra_nac_nd_188902","l10n_br_reinf.nature_income_13021","R-4010","rra","False","","188902","monthly","2023-09-01",""
"nature_income_tax_13021_r4020_irpj_ext_na_048101","l10n_br_reinf.nature_income_13021","R-4020","irpj","True","na","048101","daily","2023-09-01",""
"nature_income_tax_13022_r4010_irpf_ext_nd_048101","l10n_br_reinf.nature_income_13022","R-4010","irpf","True","","048101","daily","2023-09-01",""
"nature_income_tax_13022_r4010_irpf_nac_nd_320806","l10n_br_reinf.nature_income_13022","R-4010","irpf","False","","320806","monthly","2023-09-01",""
"nature_income_tax_13022_r4010_rra_nac_nd_188902","l10n_br_reinf.nature_income_13022","R-4010","rra","False","","188902","monthly","2023-09-01",""
"nature_income_tax_13022_r4020_irpj_ext_na_048101","l10n_br_reinf.nature_income_13022","R-4020","irpj","True","na","048101","daily","2023-09-01",""
"nature_income_tax_13023_r4010_irpf_ext_nd_048101","l10n_br_reinf.nature_income_13023","R-4010","irpf","True","","048101","daily","2023-09-01",""
"nature_income_tax_13023_r4010_irpf_nac_nd_320806","l10n_br_reinf.nature_income_13023","R-4010","irpf","False","","320806","monthly","2023-09-01",""
"nature_income_tax_13023_r4010_rra_nac_nd_188902","l10n_br_reinf.nature_income_13023","R-4010","rra","False","","188902","monthly","2023-09-01",""
"nature_income_tax_13023_r4020_irpj_ext_na_048101","l10n_br_reinf.nature_income_13023","R-4020","irpj","True","na","048101","daily","2023-09-01",""
"nature_income_tax_13024_r4020_irpj_ext_na_047303","l10n_br_reinf.nature_income_13024","R-4020","irpj","True","na","047303","monthly","2023-09-01",""
"nature_income_tax_13025_r4010_irpf_ext_nd_942701","l10n_br_reinf.nature_income_13025","R-4010","irpf","True","","942701","daily","2023-09-01",""
"nature_income_tax_13025_r4010_irpf_nac_nd_320806","l10n_br_reinf.nature_income_13025","R-4010","irpf","False","","320806","monthly","2023-09-01",""
"nature_income_tax_13025_r4010_rra_nac_nd_188902","l10n_br_reinf.nature_income_13025","R-4010","rra","False","","188902","monthly","2023-09-01",""
"nature_income_tax_13025_r4020_irpj_ext_na_942701","l10n_br_reinf.nature_income_13025","R-4020","irpj","True","na","942701","daily","2023-09-01",""
"nature_income_tax_13026_r4010_irpf_ext_nd_529904","l10n_br_reinf.nature_income_13026","R-4010","irpf","True","","529904","monthly","2023-09-01",""
"nature_income_tax_13026_r4010_irpf_nac_nd_529904","l10n_br_reinf.nature_income_13026","R-4010","irpf","False","","529904","monthly","2023-09-01",""
"nature_income_tax_13026_r4010_rra_nac_nd_188902","l10n_br_reinf.nature_income_13026","R-4010","rra","False","","188902","monthly","2023-09-01",""
"nature_income_tax_13026_r4020_irpj_ext_na_529904","l10n_br_reinf.nature_income_13026","R-4020","irpj","True","na","529904","monthly","2023-09-01",""
"nature_income_tax_13026_r4020_irpj_nac_na_529904","l10n_br_reinf.nature_income_13026","R-4020","irpj","False","na","529904","monthly","2023-09-01",""
"nature_income_tax_13098_r4010_irpf_ext_nd_042201","l10n_br_reinf.nature_income_13098","R-4010","irpf","True","","042201","daily","2023-09-01",""
"nature_income_tax_13098_r4010_irpf_nac_nd_320806","l10n_br_reinf.nature_income_13098","R-4010","irpf","False","","320806","monthly","2023-09-01",""
"nature_income_tax_13098_r4010_rra_nac_nd_188902","l10n_br_reinf.nature_income_13098","R-4010","rra","False","","188902","monthly","2023-09-01",""
"nature_income_tax_13098_r4020_irpj_ext_na_042201","l10n_br_reinf.nature_income_13098","R-4020","irpj","True","na","042201","daily","2023-09-01",""
"nature_income_tax_13099_r4010_irpf_ext_nd_942701","l10n_br_reinf.nature_income_13099","R-4010","irpf","True","","942701","daily","2023-09-01",""
"nature_income_tax_13099_r4010_irpf_nac_nd_320806","l10n_br_reinf.nature_income_13099","R-4010","irpf","False","","320806","monthly","2023-09-01",""
"nature_income_tax_13099_r4010_rra_nac_nd_188902","l10n_br_reinf.nature_income_13099","R-4010","rra","False","","188902","monthly","2023-09-01",""
"nature_income_tax_13099_r4020_irpj_ext_na_942701","l10n_br_reinf.nature_income_13099","R-4020","irpj","True","na","942701","daily","2023-09-01",""
"nature_income_tax_14001_r4010_irpf_ext_nd_047304","l10n_br_reinf.nature_income_14001","R-4010","irpf","True","","047304","daily","2023-09-01",""
"nature_income_tax_14001_r4010_irpf_nac_nd_091602","l10n_br_reinf.nature_income_14001","R-4010","irpf","False","","091602","ten_day","2023-09-01",""
"nature_income_tax_14001_r4020_irpj_ext_na_047304","l10n_br_reinf.nature_income_14001","R-4020","irpj","True","na","047304","daily","2023-09-01",""
"nature_income_tax_14001_r4020_irpj_nac_na_091602","l10n_br_reinf.nature_income_14001","R-4020","irpj","False","na","091602","ten_day","2023-09-01",""
"nature_income_tax_14002_r4010_irpf_ext_nd_047304","l10n_br_reinf.nature_income_14002","R-4010","irpf","True","","047304","daily","2023-09-01",""
"nature_income_tax_14002_r4010_irpf_nac_nd_091602","l10n_br_reinf.nature_income_14002","R-4010","irpf","False","","091602","ten_day","2023-09-01",""
"nature_income_tax_14002_r4020_irpj_ext_na_047304","l10n_br_reinf.nature_income_14002","R-4020","irpj","True","na","047304","daily","2023-09-01",""
"nature_income_tax_14002_r4020_irpj_nac_na_091602","l10n_br_reinf.nature_income_14002","R-4020","irpj","False","na","091602","ten_day","2023-09-01",""
"nature_income_tax_14003_r4010_irpf_ext_nd_047304","l10n_br_reinf.nature_income_14003","R-4010","irpf","True","","047304","daily","2023-09-01",""
"nature_income_tax_14003_r4010_irpf_nac_nd_091602","l10n_br_reinf.nature_income_14003","R-4010","irpf","False","","091602","ten_day","2023-09-01",""
"nature_income_tax_14003_r4020_irpj_ext_na_047304","l10n_br_reinf.nature_income_14003","R-4020","irpj","True","na","047304","daily","2023-09-01",""
"nature_income_tax_14003_r4020_irpj_nac_na_091602","l10n_br_reinf.nature_income_14003","R-4020","irpj","False","na","091602","ten_day","2023-09-01",""
"nature_income_tax_14004_r4010_irpf_ext_nd_047304","l10n_br_reinf.nature_income_14004","R-4010","irpf","True","","047304","daily","2023-09-01",""
"nature_income_tax_14004_r4010_irpf_nac_nd_091602","l10n_br_reinf.nature_income_14004","R-4010","irpf","False","","091602","ten_day","2023-09-01",""
"nature_income_tax_14004_r4020_irpj_ext_na_047304","l10n_br_reinf.nature_income_14004","R-4020","irpj","True","na","047304","daily","2023-09-01",""
"nature_income_tax_14004_r4020_irpj_nac_na_091602","l10n_br_reinf.nature_income_14004","R-4020","irpj","False","na","091602","ten_day","2023-09-01",""
"nature_income_tax_14005_r4010_irpf_ext_nd_047304","l10n_br_reinf.nature_income_14005","R-4010","irpf","True","","047304","daily","2023-09-01",""
"nature_income_tax_14005_r4010_irpf_nac_nd_091602","l10n_br_reinf.nature_income_14005","R-4010","irpf","False","","091602","ten_day","2023-09-01",""
"nature_income_tax_14005_r4020_irpj_ext_na_047304","l10n_br_reinf.nature_income_14005","R-4020","irpj","True","na","047304","daily","2023-09-01",""
"nature_income_tax_14005_r4020_irpj_nac_na_091602","l10n_br_reinf.nature_income_14005","R-4020","irpj","False","na","091602","ten_day","2023-09-01",""
"nature_income_tax_14006_r4010_irpf_ext_nd_047304","l10n_br_reinf.nature_income_14006","R-4010","irpf","True","","047304","daily","2023-09-01",""
"nature_income_tax_14006_r4010_irpf_nac_nd_867302","l10n_br_reinf.nature_income_14006","R-4010","irpf","False","","867302","ten_day","2023-09-01",""
"nature_income_tax_14006_r4020_irpj_ext_na_047304","l10n_br_reinf.nature_income_14006","R-4020","irpj","True","na","047304","daily","2023-09-01",""
"nature_income_tax_14006_r4020_irpj_nac_na_867302","l10n_br_reinf.nature_income_14006","R-4020","irpj","False","na","867302","ten_day","2023-09-01",""
"nature_income_tax_14007_r4010_irpf_ext_nd_047304","l10n_br_reinf.nature_income_14007","R-4010","irpf","True","","047304","daily","2023-09-01",""
"nature_income_tax_14007_r4010_irpf_nac_nd_867302","l10n_br_reinf.nature_income_14007","R-4010","irpf","False","","867302","ten_day","2023-09-01",""
"nature_income_tax_14007_r4020_irpj_ext_na_047304","l10n_br_reinf.nature_income_14007","R-4020","irpj","True","na","047304","daily","2023-09-01",""
"nature_income_tax_14007_r4020_irpj_nac_na_867302","l10n_br_reinf.nature_income_14007","R-4020","irpj","False","na","867302","ten_day","2023-09-01",""
"nature_income_tax_14008_r4010_irpf_ext_nd_047304","l10n_br_reinf.nature_income_14008","R-4010","irpf","True","","047304","daily","2023-09-01",""
"nature_income_tax_14008_r4010_irpf_nac_nd_938502","l10n_br_reinf.nature_income_14008","R-4010","irpf","False","","938502","ten_day","2023-09-01",""
"nature_income_tax_14008_r4020_irpj_ext_na_047304","l10n_br_reinf.nature_income_14008","R-4020","irpj","True","na","047304","daily","2023-09-01",""
"nature_income_tax_14008_r4020_irpj_nac_na_938502","l10n_br_reinf.nature_income_14008","R-4020","irpj","False","na","938502","ten_day","2023-09-01",""
"nature_income_tax_14099_r4010_irpf_ext_nd_047304","l10n_br_reinf.nature_income_14099","R-4010","irpf","True","","047304","daily","2023-09-01",""
"nature_income_tax_14099_r4010_irpf_nac_nd_091602","l10n_br_reinf.nature_income_14099","R-4010","irpf","False","","091602","ten_day","2023-09-01",""
"nature_income_tax_14099_r4020_irpj_ext_na_047304","l10n_br_reinf.nature_income_14099","R-4020","irpj","True","na","047304","daily","2023-09-01",""
"nature_income_tax_14099_r4020_irpj_nac_na_091602","l10n_br_reinf.nature_income_14099","R-4020","irpj","False","na","091602","ten_day","2023-09-01",""
"nature_income_tax_15001_r4020_aggregated_nac_na_595207","l10n_br_reinf.nature_income_15001","R-4020","aggregated","False","na","595207","monthly","2023-09-01",""
"nature_income_tax_15001_r4020_cofins_nac_na_596007","l10n_br_reinf.nature_income_15001","R-4020","cofins","False","na","596007","monthly","2023-09-01",""
"nature_income_tax_15001_r4020_irpj_nac_na_328006","l10n_br_reinf.nature_income_15001","R-4020","irpj","False","na","328006","monthly","2023-09-01",""
"nature_income_tax_15001_r4020_pis_pasep_nac_na_597907","l10n_br_reinf.nature_income_15001","R-4020","pis_pasep","False","na","597907","monthly","2023-09-01",""
"nature_income_tax_15002_r4020_aggregated_nac_na_595207","l10n_br_reinf.nature_income_15002","R-4020","aggregated","False","na","595207","monthly","2023-09-01",""
"nature_income_tax_15002_r4020_cofins_nac_na_596007","l10n_br_reinf.nature_income_15002","R-4020","cofins","False","na","596007","monthly","2023-09-01",""
"nature_income_tax_15002_r4020_csll_nac_na_598707","l10n_br_reinf.nature_income_15002","R-4020","csll","False","na","598707","monthly","2023-09-01",""
"nature_income_tax_15002_r4020_irpj_nac_na_328006","l10n_br_reinf.nature_income_15002","R-4020","irpj","False","na","328006","monthly","2023-09-01",""
"nature_income_tax_15002_r4020_pis_pasep_nac_na_597907","l10n_br_reinf.nature_income_15002","R-4020","pis_pasep","False","na","597907","monthly","2023-09-01",""
"nature_income_tax_15003_r4020_aggregated_nac_na_595207","l10n_br_reinf.nature_income_15003","R-4020","aggregated","False","na","595207","monthly","2023-09-01",""
"nature_income_tax_15003_r4020_cofins_nac_na_596007","l10n_br_reinf.nature_income_15003","R-4020","cofins","False","na","596007","monthly","2023-09-01",""
"nature_income_tax_15003_r4020_csll_nac_na_598707","l10n_br_reinf.nature_income_15003","R-4020","csll","False","na","598707","monthly","2023-09-01",""
"nature_income_tax_15003_r4020_irpj_nac_na_170806","l10n_br_reinf.nature_income_15003","R-4020","irpj","False","na","170806","monthly","2023-09-01",""
"nature_income_tax_15003_r4020_pis_pasep_nac_na_597907","l10n_br_reinf.nature_income_15003","R-4020","pis_pasep","False","na","597907","monthly","2023-09-01",""
"nature_income_tax_15004_r4020_aggregated_nac_na_595207","l10n_br_reinf.nature_income_15004","R-4020","aggregated","False","na","595207","monthly","2023-09-01",""
"nature_income_tax_15004_r4020_cofins_nac_na_596007","l10n_br_reinf.nature_income_15004","R-4020","cofins","False","na","596007","monthly","2023-09-01",""
"nature_income_tax_15004_r4020_csll_nac_na_598707","l10n_br_reinf.nature_income_15004","R-4020","csll","False","na","598707","monthly","2023-09-01",""
"nature_income_tax_15004_r4020_irpj_nac_na_170806","l10n_br_reinf.nature_income_15004","R-4020","irpj","False","na","170806","monthly","2023-09-01",""
"nature_income_tax_15004_r4020_pis_pasep_nac_na_597907","l10n_br_reinf.nature_income_15004","R-4020","pis_pasep","False","na","597907","monthly","2023-09-01",""
"nature_income_tax_15005_r4020_aggregated_nac_na_595207","l10n_br_reinf.nature_income_15005","R-4020","aggregated","False","na","595207","monthly","2023-09-01",""
"nature_income_tax_15005_r4020_cofins_nac_na_596007","l10n_br_reinf.nature_income_15005","R-4020","cofins","False","na","596007","monthly","2023-09-01",""
"nature_income_tax_15005_r4020_csll_nac_na_598707","l10n_br_reinf.nature_income_15005","R-4020","csll","False","na","598707","monthly","2023-09-01",""
"nature_income_tax_15005_r4020_irpj_nac_na_170806","l10n_br_reinf.nature_income_15005","R-4020","irpj","False","na","170806","monthly","2023-09-01",""
"nature_income_tax_15005_r4020_pis_pasep_nac_na_597907","l10n_br_reinf.nature_income_15005","R-4020","pis_pasep","False","na","597907","monthly","2023-09-01",""
"nature_income_tax_15006_r4020_aggregated_nac_na_595207","l10n_br_reinf.nature_income_15006","R-4020","aggregated","False","na","595207","monthly","2023-09-01",""
"nature_income_tax_15006_r4020_cofins_nac_na_596007","l10n_br_reinf.nature_income_15006","R-4020","cofins","False","na","596007","monthly","2023-09-01",""
"nature_income_tax_15006_r4020_csll_nac_na_598707","l10n_br_reinf.nature_income_15006","R-4020","csll","False","na","598707","monthly","2023-09-01",""
"nature_income_tax_15006_r4020_irpj_nac_na_170806","l10n_br_reinf.nature_income_15006","R-4020","irpj","False","na","170806","monthly","2023-09-01",""
"nature_income_tax_15006_r4020_pis_pasep_nac_na_597907","l10n_br_reinf.nature_income_15006","R-4020","pis_pasep","False","na","597907","monthly","2023-09-01",""
"nature_income_tax_15007_r4020_aggregated_nac_na_595207","l10n_br_reinf.nature_income_15007","R-4020","aggregated","False","na","595207","monthly","2023-09-01",""
"nature_income_tax_15007_r4020_cofins_nac_na_596007","l10n_br_reinf.nature_income_15007","R-4020","cofins","False","na","596007","monthly","2023-09-01",""
"nature_income_tax_15007_r4020_csll_nac_na_598707","l10n_br_reinf.nature_income_15007","R-4020","csll","False","na","598707","monthly","2023-09-01",""
"nature_income_tax_15007_r4020_irpj_nac_na_170806","l10n_br_reinf.nature_income_15007","R-4020","irpj","False","na","170806","monthly","2023-09-01",""
"nature_income_tax_15007_r4020_pis_pasep_nac_na_597907","l10n_br_reinf.nature_income_15007","R-4020","pis_pasep","False","na","597907","monthly","2023-09-01",""
"nature_income_tax_15008_r4020_aggregated_nac_na_595207","l10n_br_reinf.nature_income_15008","R-4020","aggregated","False","na","595207","monthly","2023-09-01",""
"nature_income_tax_15008_r4020_cofins_nac_na_596007","l10n_br_reinf.nature_income_15008","R-4020","cofins","False","na","596007","monthly","2023-09-01",""
"nature_income_tax_15008_r4020_csll_nac_na_598707","l10n_br_reinf.nature_income_15008","R-4020","csll","False","na","598707","monthly","2023-09-01",""
"nature_income_tax_15008_r4020_irpj_nac_na_170806","l10n_br_reinf.nature_income_15008","R-4020","irpj","False","na","170806","monthly","2023-09-01",""
"nature_income_tax_15008_r4020_pis_pasep_nac_na_597907","l10n_br_reinf.nature_income_15008","R-4020","pis_pasep","False","na","597907","monthly","2023-09-01",""
"nature_income_tax_15009_r4020_aggregated_nac_na_595207","l10n_br_reinf.nature_income_15009","R-4020","aggregated","False","na","595207","monthly","2023-09-01",""
"nature_income_tax_15009_r4020_cofins_nac_na_596007","l10n_br_reinf.nature_income_15009","R-4020","cofins","False","na","596007","monthly","2023-09-01",""
"nature_income_tax_15009_r4020_csll_nac_na_598707","l10n_br_reinf.nature_income_15009","R-4020","csll","False","na","598707","monthly","2023-09-01",""
"nature_income_tax_15009_r4020_irpj_nac_na_170806","l10n_br_reinf.nature_income_15009","R-4020","irpj","False","na","170806","monthly","2023-09-01",""
"nature_income_tax_15009_r4020_pis_pasep_nac_na_597907","l10n_br_reinf.nature_income_15009","R-4020","pis_pasep","False","na","597907","monthly","2023-09-01",""
"nature_income_tax_15010_r4020_aggregated_nac_na_595207","l10n_br_reinf.nature_income_15010","R-4020","aggregated","False","na","595207","monthly","2023-09-01",""
"nature_income_tax_15010_r4020_cofins_nac_na_596007","l10n_br_reinf.nature_income_15010","R-4020","cofins","False","na","596007","monthly","2023-09-01",""
"nature_income_tax_15010_r4020_csll_nac_na_598707","l10n_br_reinf.nature_income_15010","R-4020","csll","False","na","598707","monthly","2023-09-01",""
"nature_income_tax_15010_r4020_irpj_nac_na_170806","l10n_br_reinf.nature_income_15010","R-4020","irpj","False","na","170806","monthly","2023-09-01",""
"nature_income_tax_15010_r4020_pis_pasep_nac_na_597907","l10n_br_reinf.nature_income_15010","R-4020","pis_pasep","False","na","597907","monthly","2023-09-01",""
"nature_income_tax_15011_r4020_aggregated_nac_na_595207","l10n_br_reinf.nature_income_15011","R-4020","aggregated","False","na","595207","monthly","2023-09-01",""
"nature_income_tax_15011_r4020_cofins_nac_na_596007","l10n_br_reinf.nature_income_15011","R-4020","cofins","False","na","596007","monthly","2023-09-01",""
"nature_income_tax_15011_r4020_csll_nac_na_598707","l10n_br_reinf.nature_income_15011","R-4020","csll","False","na","598707","monthly","2023-09-01",""
"nature_income_tax_15011_r4020_irpj_nac_na_170806","l10n_br_reinf.nature_income_15011","R-4020","irpj","False","na","170806","monthly","2023-09-01",""
"nature_income_tax_15011_r4020_pis_pasep_nac_na_597907","l10n_br_reinf.nature_income_15011","R-4020","pis_pasep","False","na","597907","monthly","2023-09-01",""
"nature_income_tax_15012_r4020_aggregated_nac_na_595207","l10n_br_reinf.nature_income_15012","R-4020","aggregated","False","na","595207","monthly","2023-09-01",""
"nature_income_tax_15012_r4020_cofins_nac_na_596007","l10n_br_reinf.nature_income_15012","R-4020","cofins","False","na","596007","monthly","2023-09-01",""
"nature_income_tax_15012_r4020_csll_nac_na_598707","l10n_br_reinf.nature_income_15012","R-4020","csll","False","na","598707","monthly","2023-09-01",""
"nature_income_tax_15012_r4020_irpj_nac_na_170806","l10n_br_reinf.nature_income_15012","R-4020","irpj","False","na","170806","monthly","2023-09-01",""
"nature_income_tax_15012_r4020_pis_pasep_nac_na_597907","l10n_br_reinf.nature_income_15012","R-4020","pis_pasep","False","na","597907","monthly","2023-09-01",""
"nature_income_tax_15013_r4020_aggregated_nac_na_595207","l10n_br_reinf.nature_income_15013","R-4020","aggregated","False","na","595207","monthly","2023-09-01",""
"nature_income_tax_15013_r4020_cofins_nac_na_596007","l10n_br_reinf.nature_income_15013","R-4020","cofins","False","na","596007","monthly","2023-09-01",""
"nature_income_tax_15013_r4020_csll_nac_na_598707","l10n_br_reinf.nature_income_15013","R-4020","csll","False","na","598707","monthly","2023-09-01",""
"nature_income_tax_15013_r4020_irpj_nac_na_170806","l10n_br_reinf.nature_income_15013","R-4020","irpj","False","na","170806","monthly","2023-09-01",""
"nature_income_tax_15013_r4020_pis_pasep_nac_na_597907","l10n_br_reinf.nature_income_15013","R-4020","pis_pasep","False","na","597907","monthly","2023-09-01",""
"nature_income_tax_15014_r4020_aggregated_nac_na_595207","l10n_br_reinf.nature_income_15014","R-4020","aggregated","False","na","595207","monthly","2023-09-01",""
"nature_income_tax_15014_r4020_cofins_nac_na_596007","l10n_br_reinf.nature_income_15014","R-4020","cofins","False","na","596007","monthly","2023-09-01",""
"nature_income_tax_15014_r4020_csll_nac_na_598707","l10n_br_reinf.nature_income_15014","R-4020","csll","False","na","598707","monthly","2023-09-01",""
"nature_income_tax_15014_r4020_irpj_nac_na_170806","l10n_br_reinf.nature_income_15014","R-4020","irpj","False","na","170806","monthly","2023-09-01",""
"nature_income_tax_15014_r4020_pis_pasep_nac_na_597907","l10n_br_reinf.nature_income_15014","R-4020","pis_pasep","False","na","597907","monthly","2023-09-01",""
"nature_income_tax_15015_r4020_aggregated_nac_na_595207","l10n_br_reinf.nature_income_15015","R-4020","aggregated","False","na","595207","monthly","2023-09-01",""
"nature_income_tax_15015_r4020_cofins_nac_na_596007","l10n_br_reinf.nature_income_15015","R-4020","cofins","False","na","596007","monthly","2023-09-01",""
"nature_income_tax_15015_r4020_csll_nac_na_598707","l10n_br_reinf.nature_income_15015","R-4020","csll","False","na","598707","monthly","2023-09-01",""
"nature_income_tax_15015_r4020_irpj_nac_na_170806","l10n_br_reinf.nature_income_15015","R-4020","irpj","False","na","170806","monthly","2023-09-01",""
"nature_income_tax_15015_r4020_pis_pasep_nac_na_597907","l10n_br_reinf.nature_income_15015","R-4020","pis_pasep","False","na","597907","monthly","2023-09-01",""
"nature_income_tax_15016_r4020_aggregated_nac_na_595207","l10n_br_reinf.nature_income_15016","R-4020","aggregated","False","na","595207","monthly","2023-09-01",""
"nature_income_tax_15016_r4020_cofins_nac_na_596007","l10n_br_reinf.nature_income_15016","R-4020","cofins","False","na","596007","monthly","2023-09-01",""
"nature_income_tax_15016_r4020_csll_nac_na_598707","l10n_br_reinf.nature_income_15016","R-4020","csll","False","na","598707","monthly","2023-09-01",""
"nature_income_tax_15016_r4020_irpj_nac_na_170806","l10n_br_reinf.nature_income_15016","R-4020","irpj","False","na","170806","monthly","2023-09-01",""
"nature_income_tax_15016_r4020_pis_pasep_nac_na_597907","l10n_br_reinf.nature_income_15016","R-4020","pis_pasep","False","na","597907","monthly","2023-09-01",""
"nature_income_tax_15017_r4020_aggregated_nac_na_595207","l10n_br_reinf.nature_income_15017","R-4020","aggregated","False","na","595207","monthly","2023-09-01",""
"nature_income_tax_15017_r4020_cofins_nac_na_596007","l10n_br_reinf.nature_income_15017","R-4020","cofins","False","na","596007","monthly","2023-09-01",""
"nature_income_tax_15017_r4020_csll_nac_na_598707","l10n_br_reinf.nature_income_15017","R-4020","csll","False","na","598707","monthly","2023-09-01",""
"nature_income_tax_15017_r4020_irpj_nac_na_170806","l10n_br_reinf.nature_income_15017","R-4020","irpj","False","na","170806","monthly","2023-09-01",""
"nature_income_tax_15017_r4020_pis_pasep_nac_na_597907","l10n_br_reinf.nature_income_15017","R-4020","pis_pasep","False","na","597907","monthly","2023-09-01",""
"nature_income_tax_15018_r4020_aggregated_nac_na_595207","l10n_br_reinf.nature_income_15018","R-4020","aggregated","False","na","595207","monthly","2023-09-01",""
"nature_income_tax_15018_r4020_cofins_nac_na_596007","l10n_br_reinf.nature_income_15018","R-4020","cofins","False","na","596007","monthly","2023-09-01",""
"nature_income_tax_15018_r4020_csll_nac_na_598707","l10n_br_reinf.nature_income_15018","R-4020","csll","False","na","598707","monthly","2023-09-01",""
"nature_income_tax_15018_r4020_irpj_nac_na_170806","l10n_br_reinf.nature_income_15018","R-4020","irpj","False","na","170806","monthly","2023-09-01",""
"nature_income_tax_15018_r4020_pis_pasep_nac_na_597907","l10n_br_reinf.nature_income_15018","R-4020","pis_pasep","False","na","597907","monthly","2023-09-01",""
"nature_income_tax_15019_r4020_aggregated_nac_na_595207","l10n_br_reinf.nature_income_15019","R-4020","aggregated","False","na","595207","monthly","2023-09-01",""
"nature_income_tax_15019_r4020_cofins_nac_na_596007","l10n_br_reinf.nature_income_15019","R-4020","cofins","False","na","596007","monthly","2023-09-01",""
"nature_income_tax_15019_r4020_csll_nac_na_598707","l10n_br_reinf.nature_income_15019","R-4020","csll","False","na","598707","monthly","2023-09-01",""
"nature_income_tax_15019_r4020_irpj_nac_na_170806","l10n_br_reinf.nature_income_15019","R-4020","irpj","False","na","170806","monthly","2023-09-01",""
"nature_income_tax_15019_r4020_pis_pasep_nac_na_597907","l10n_br_reinf.nature_income_15019","R-4020","pis_pasep","False","na","597907","monthly","2023-09-01",""
"nature_income_tax_15020_r4020_aggregated_nac_na_595207","l10n_br_reinf.nature_income_15020","R-4020","aggregated","False","na","595207","monthly","2023-09-01",""
"nature_income_tax_15020_r4020_cofins_nac_na_596007","l10n_br_reinf.nature_income_15020","R-4020","cofins","False","na","596007","monthly","2023-09-01",""
"nature_income_tax_15020_r4020_csll_nac_na_598707","l10n_br_reinf.nature_income_15020","R-4020","csll","False","na","598707","monthly","2023-09-01",""
"nature_income_tax_15020_r4020_irpj_nac_na_170806","l10n_br_reinf.nature_income_15020","R-4020","irpj","False","na","170806","monthly","2023-09-01",""
"nature_income_tax_15020_r4020_pis_pasep_nac_na_597907","l10n_br_reinf.nature_income_15020","R-4020","pis_pasep","False","na","597907","monthly","2023-09-01",""
"nature_income_tax_15021_r4020_aggregated_nac_na_595207","l10n_br_reinf.nature_income_15021","R-4020","aggregated","False","na","595207","monthly","2023-09-01",""
"nature_income_tax_15021_r4020_cofins_nac_na_596007","l10n_br_reinf.nature_income_15021","R-4020","cofins","False","na","596007","monthly","2023-09-01",""
"nature_income_tax_15021_r4020_csll_nac_na_598707","l10n_br_reinf.nature_income_15021","R-4020","csll","False","na","598707","monthly","2023-09-01",""
"nature_income_tax_15021_r4020_irpj_nac_na_170806","l10n_br_reinf.nature_income_15021","R-4020","irpj","False","na","170806","monthly","2023-09-01",""
"nature_income_tax_15021_r4020_pis_pasep_nac_na_597907","l10n_br_reinf.nature_income_15021","R-4020","pis_pasep","False","na","597907","monthly","2023-09-01",""
"nature_income_tax_15022_r4020_aggregated_nac_na_595207","l10n_br_reinf.nature_income_15022","R-4020","aggregated","False","na","595207","monthly","2023-09-01",""
"nature_income_tax_15022_r4020_cofins_nac_na_596007","l10n_br_reinf.nature_income_15022","R-4020","cofins","False","na","596007","monthly","2023-09-01",""
"nature_income_tax_15022_r4020_csll_nac_na_598707","l10n_br_reinf.nature_income_15022","R-4020","csll","False","na","598707","monthly","2023-09-01",""
"nature_income_tax_15022_r4020_irpj_nac_na_170806","l10n_br_reinf.nature_income_15022","R-4020","irpj","False","na","170806","monthly","2023-09-01",""
"nature_income_tax_15022_r4020_pis_pasep_nac_na_597907","l10n_br_reinf.nature_income_15022","R-4020","pis_pasep","False","na","597907","monthly","2023-09-01",""
"nature_income_tax_15023_r4020_aggregated_nac_na_595207","l10n_br_reinf.nature_income_15023","R-4020","aggregated","False","na","595207","monthly","2023-09-01",""
"nature_income_tax_15023_r4020_cofins_nac_na_596007","l10n_br_reinf.nature_income_15023","R-4020","cofins","False","na","596007","monthly","2023-09-01",""
"nature_income_tax_15023_r4020_csll_nac_na_598707","l10n_br_reinf.nature_income_15023","R-4020","csll","False","na","598707","monthly","2023-09-01",""
"nature_income_tax_15023_r4020_irpj_nac_na_170806","l10n_br_reinf.nature_income_15023","R-4020","irpj","False","na","170806","monthly","2023-09-01",""
"nature_income_tax_15023_r4020_pis_pasep_nac_na_597907","l10n_br_reinf.nature_income_15023","R-4020","pis_pasep","False","na","597907","monthly","2023-09-01",""
"nature_income_tax_15024_r4020_aggregated_nac_na_595207","l10n_br_reinf.nature_income_15024","R-4020","aggregated","False","na","595207","monthly","2023-09-01",""
"nature_income_tax_15024_r4020_cofins_nac_na_596007","l10n_br_reinf.nature_income_15024","R-4020","cofins","False","na","596007","monthly","2023-09-01",""
"nature_income_tax_15024_r4020_csll_nac_na_598707","l10n_br_reinf.nature_income_15024","R-4020","csll","False","na","598707","monthly","2023-09-01",""
"nature_income_tax_15024_r4020_irpj_nac_na_170806","l10n_br_reinf.nature_income_15024","R-4020","irpj","False","na","170806","monthly","2023-09-01",""
"nature_income_tax_15024_r4020_pis_pasep_nac_na_597907","l10n_br_reinf.nature_income_15024","R-4020","pis_pasep","False","na","597907","monthly","2023-09-01",""
"nature_income_tax_15025_r4020_aggregated_nac_na_595207","l10n_br_reinf.nature_income_15025","R-4020","aggregated","False","na","595207","monthly","2023-09-01",""
"nature_income_tax_15025_r4020_cofins_nac_na_596007","l10n_br_reinf.nature_income_15025","R-4020","cofins","False","na","596007","monthly","2023-09-01",""
"nature_income_tax_15025_r4020_csll_nac_na_598707","l10n_br_reinf.nature_income_15025","R-4020","csll","False","na","598707","monthly","2023-09-01",""
"nature_income_tax_15025_r4020_irpj_nac_na_170806","l10n_br_reinf.nature_income_15025","R-4020","irpj","False","na","170806","monthly","2023-09-01",""
"nature_income_tax_15025_r4020_pis_pasep_nac_na_597907","l10n_br_reinf.nature_income_15025","R-4020","pis_pasep","False","na","597907","monthly","2023-09-01",""
"nature_income_tax_15026_r4020_aggregated_nac_na_595207","l10n_br_reinf.nature_income_15026","R-4020","aggregated","False","na","595207","monthly","2023-09-01",""
"nature_income_tax_15026_r4020_cofins_nac_na_596007","l10n_br_reinf.nature_income_15026","R-4020","cofins","False","na","596007","monthly","2023-09-01",""
"nature_income_tax_15026_r4020_csll_nac_na_598707","l10n_br_reinf.nature_income_15026","R-4020","csll","False","na","598707","monthly","2023-09-01",""
"nature_income_tax_15026_r4020_irpj_nac_na_170806","l10n_br_reinf.nature_income_15026","R-4020","irpj","False","na","170806","monthly","2023-09-01",""
"nature_income_tax_15026_r4020_pis_pasep_nac_na_597907","l10n_br_reinf.nature_income_15026","R-4020","pis_pasep","False","na","597907","monthly","2023-09-01",""
"nature_income_tax_15027_r4020_aggregated_nac_na_595207","l10n_br_reinf.nature_income_15027","R-4020","aggregated","False","na","595207","monthly","2023-09-01",""
"nature_income_tax_15027_r4020_cofins_nac_na_596007","l10n_br_reinf.nature_income_15027","R-4020","cofins","False","na","596007","monthly","2023-09-01",""
"nature_income_tax_15027_r4020_csll_nac_na_598707","l10n_br_reinf.nature_income_15027","R-4020","csll","False","na","598707","monthly","2023-09-01",""
"nature_income_tax_15027_r4020_irpj_nac_na_170806","l10n_br_reinf.nature_income_15027","R-4020","irpj","False","na","170806","monthly","2023-09-01",""
"nature_income_tax_15027_r4020_pis_pasep_nac_na_597907","l10n_br_reinf.nature_income_15027","R-4020","pis_pasep","False","na","597907","monthly","2023-09-01",""
"nature_income_tax_15028_r4020_aggregated_nac_na_595207","l10n_br_reinf.nature_income_15028","R-4020","aggregated","False","na","595207","monthly","2023-09-01",""
"nature_income_tax_15028_r4020_cofins_nac_na_596007","l10n_br_reinf.nature_income_15028","R-4020","cofins","False","na","596007","monthly","2023-09-01",""
"nature_income_tax_15028_r4020_csll_nac_na_598707","l10n_br_reinf.nature_income_15028","R-4020","csll","False","na","598707","monthly","2023-09-01",""
"nature_income_tax_15028_r4020_irpj_nac_na_170806","l10n_br_reinf.nature_income_15028","R-4020","irpj","False","na","170806","monthly","2023-09-01",""
"nature_income_tax_15028_r4020_pis_pasep_nac_na_597907","l10n_br_reinf.nature_income_15028","R-4020","pis_pasep","False","na","597907","monthly","2023-09-01",""
"nature_income_tax_15029_r4020_aggregated_nac_na_595207","l10n_br_reinf.nature_income_15029","R-4020","aggregated","False","na","595207","monthly","2023-09-01",""
"nature_income_tax_15029_r4020_cofins_nac_na_596007","l10n_br_reinf.nature_income_15029","R-4020","cofins","False","na","596007","monthly","2023-09-01",""
"nature_income_tax_15029_r4020_csll_nac_na_598707","l10n_br_reinf.nature_income_15029","R-4020","csll","False","na","598707","monthly","2023-09-01",""
"nature_income_tax_15029_r4020_irpj_nac_na_170806","l10n_br_reinf.nature_income_15029","R-4020","irpj","False","na","170806","monthly","2023-09-01",""
"nature_income_tax_15029_r4020_pis_pasep_nac_na_597907","l10n_br_reinf.nature_income_15029","R-4020","pis_pasep","False","na","597907","monthly","2023-09-01",""
"nature_income_tax_15030_r4020_aggregated_nac_na_595207","l10n_br_reinf.nature_income_15030","R-4020","aggregated","False","na","595207","monthly","2023-09-01",""
"nature_income_tax_15030_r4020_cofins_nac_na_596007","l10n_br_reinf.nature_income_15030","R-4020","cofins","False","na","596007","monthly","2023-09-01",""
"nature_income_tax_15030_r4020_csll_nac_na_598707","l10n_br_reinf.nature_income_15030","R-4020","csll","False","na","598707","monthly","2023-09-01",""
"nature_income_tax_15030_r4020_irpj_nac_na_170806","l10n_br_reinf.nature_income_15030","R-4020","irpj","False","na","170806","monthly","2023-09-01",""
"nature_income_tax_15030_r4020_pis_pasep_nac_na_597907","l10n_br_reinf.nature_income_15030","R-4020","pis_pasep","False","na","597907","monthly","2023-09-01",""
"nature_income_tax_15031_r4020_aggregated_nac_na_595207","l10n_br_reinf.nature_income_15031","R-4020","aggregated","False","na","595207","monthly","2023-09-01",""
"nature_income_tax_15031_r4020_cofins_nac_na_596007","l10n_br_reinf.nature_income_15031","R-4020","cofins","False","na","596007","monthly","2023-09-01",""
"nature_income_tax_15031_r4020_csll_nac_na_598707","l10n_br_reinf.nature_income_15031","R-4020","csll","False","na","598707","monthly","2023-09-01",""
"nature_income_tax_15031_r4020_irpj_nac_na_170806","l10n_br_reinf.nature_income_15031","R-4020","irpj","False","na","170806","monthly","2023-09-01",""
"nature_income_tax_15031_r4020_pis_pasep_nac_na_597907","l10n_br_reinf.nature_income_15031","R-4020","pis_pasep","False","na","597907","monthly","2023-09-01",""
"nature_income_tax_15032_r4020_aggregated_nac_na_595207","l10n_br_reinf.nature_income_15032","R-4020","aggregated","False","na","595207","monthly","2023-09-01",""
"nature_income_tax_15032_r4020_cofins_nac_na_596007","l10n_br_reinf.nature_income_15032","R-4020","cofins","False","na","596007","monthly","2023-09-01",""
"nature_income_tax_15032_r4020_csll_nac_na_598707","l10n_br_reinf.nature_income_15032","R-4020","csll","False","na","598707","monthly","2023-09-01",""
"nature_income_tax_15032_r4020_irpj_nac_na_170806","l10n_br_reinf.nature_income_15032","R-4020","irpj","False","na","170806","monthly","2023-09-01",""
"nature_income_tax_15032_r4020_pis_pasep_nac_na_597907","l10n_br_reinf.nature_income_15032","R-4020","pis_pasep","False","na","597907","monthly","2023-09-01",""
"nature_income_tax_15033_r4020_aggregated_nac_na_595207","l10n_br_reinf.nature_income_15033","R-4020","aggregated","False","na","595207","monthly","2023-09-01",""
"nature_income_tax_15033_r4020_cofins_nac_na_596007","l10n_br_reinf.nature_income_15033","R-4020","cofins","False","na","596007","monthly","2023-09-01",""
"nature_income_tax_15033_r4020_csll_nac_na_598707","l10n_br_reinf.nature_income_15033","R-4020","csll","False","na","598707","monthly","2023-09-01",""
"nature_income_tax_15033_r4020_irpj_nac_na_170806","l10n_br_reinf.nature_income_15033","R-4020","irpj","False","na","170806","monthly","2023-09-01",""
"nature_income_tax_15033_r4020_pis_pasep_nac_na_597907","l10n_br_reinf.nature_income_15033","R-4020","pis_pasep","False","na","597907","monthly","2023-09-01",""
"nature_income_tax_15034_r4020_aggregated_nac_na_595207","l10n_br_reinf.nature_income_15034","R-4020","aggregated","False","na","595207","monthly","2023-09-01",""
"nature_income_tax_15034_r4020_cofins_nac_na_596007","l10n_br_reinf.nature_income_15034","R-4020","cofins","False","na","596007","monthly","2023-09-01",""
"nature_income_tax_15034_r4020_csll_nac_na_598707","l10n_br_reinf.nature_income_15034","R-4020","csll","False","na","598707","monthly","2023-09-01",""
"nature_income_tax_15034_r4020_irpj_nac_na_170806","l10n_br_reinf.nature_income_15034","R-4020","irpj","False","na","170806","monthly","2023-09-01",""
"nature_income_tax_15034_r4020_pis_pasep_nac_na_597907","l10n_br_reinf.nature_income_15034","R-4020","pis_pasep","False","na","597907","monthly","2023-09-01",""
"nature_income_tax_15035_r4020_aggregated_nac_na_595207","l10n_br_reinf.nature_income_15035","R-4020","aggregated","False","na","595207","monthly","2023-09-01",""
"nature_income_tax_15035_r4020_cofins_nac_na_596007","l10n_br_reinf.nature_income_15035","R-4020","cofins","False","na","596007","monthly","2023-09-01",""
"nature_income_tax_15035_r4020_csll_nac_na_598707","l10n_br_reinf.nature_income_15035","R-4020","csll","False","na","598707","monthly","2023-09-01",""
"nature_income_tax_15035_r4020_irpj_nac_na_170806","l10n_br_reinf.nature_income_15035","R-4020","irpj","False","na","170806","monthly","2023-09-01",""
"nature_income_tax_15035_r4020_pis_pasep_nac_na_597907","l10n_br_reinf.nature_income_15035","R-4020","pis_pasep","False","na","597907","monthly","2023-09-01",""
"nature_income_tax_15036_r4020_aggregated_nac_na_595207","l10n_br_reinf.nature_income_15036","R-4020","aggregated","False","na","595207","monthly","2023-09-01",""
"nature_income_tax_15036_r4020_cofins_nac_na_596007","l10n_br_reinf.nature_income_15036","R-4020","cofins","False","na","596007","monthly","2023-09-01",""
"nature_income_tax_15036_r4020_csll_nac_na_598707","l10n_br_reinf.nature_income_15036","R-4020","csll","False","na","598707","monthly","2023-09-01",""
"nature_income_tax_15036_r4020_irpj_nac_na_170806","l10n_br_reinf.nature_income_15036","R-4020","irpj","False","na","170806","monthly","2023-09-01",""
"nature_income_tax_15036_r4020_pis_pasep_nac_na_597907","l10n_br_reinf.nature_income_15036","R-4020","pis_pasep","False","na","597907","monthly","2023-09-01",""
"nature_income_tax_15037_r4020_aggregated_nac_na_595207","l10n_br_reinf.nature_income_15037","R-4020","aggregated","False","na","595207","monthly","2023-09-01",""
"nature_income_tax_15037_r4020_cofins_nac_na_596007","l10n_br_reinf.nature_income_15037","R-4020","cofins","False","na","596007","monthly","2023-09-01",""
"nature_income_tax_15037_r4020_csll_nac_na_598707","l10n_br_reinf.nature_income_15037","R-4020","csll","False","na","598707","monthly","2023-09-01",""
"nature_income_tax_15037_r4020_irpj_nac_na_170806","l10n_br_reinf.nature_income_15037","R-4020","irpj","False","na","170806","monthly","2023-09-01",""
"nature_income_tax_15037_r4020_pis_pasep_nac_na_597907","l10n_br_reinf.nature_income_15037","R-4020","pis_pasep","False","na","597907","monthly","2023-09-01",""
"nature_income_tax_15038_r4020_aggregated_nac_na_595207","l10n_br_reinf.nature_income_15038","R-4020","aggregated","False","na","595207","monthly","2023-09-01",""
"nature_income_tax_15038_r4020_cofins_nac_na_596007","l10n_br_reinf.nature_income_15038","R-4020","cofins","False","na","596007","monthly","2023-09-01",""
"nature_income_tax_15038_r4020_csll_nac_na_598707","l10n_br_reinf.nature_income_15038","R-4020","csll","False","na","598707","monthly","2023-09-01",""
"nature_income_tax_15038_r4020_irpj_nac_na_170806","l10n_br_reinf.nature_income_15038","R-4020","irpj","False","na","170806","monthly","2023-09-01",""
"nature_income_tax_15038_r4020_pis_pasep_nac_na_597907","l10n_br_reinf.nature_income_15038","R-4020","pis_pasep","False","na","597907","monthly","2023-09-01",""
"nature_income_tax_15039_r4020_aggregated_nac_na_595207","l10n_br_reinf.nature_income_15039","R-4020","aggregated","False","na","595207","monthly","2023-09-01",""
"nature_income_tax_15039_r4020_cofins_nac_na_596007","l10n_br_reinf.nature_income_15039","R-4020","cofins","False","na","596007","monthly","2023-09-01",""
"nature_income_tax_15039_r4020_csll_nac_na_598707","l10n_br_reinf.nature_income_15039","R-4020","csll","False","na","598707","monthly","2023-09-01",""
"nature_income_tax_15039_r4020_irpj_nac_na_170806","l10n_br_reinf.nature_income_15039","R-4020","irpj","False","na","170806","monthly","2023-09-01",""
"nature_income_tax_15039_r4020_pis_pasep_nac_na_597907","l10n_br_reinf.nature_income_15039","R-4020","pis_pasep","False","na","597907","monthly","2023-09-01",""
"nature_income_tax_15040_r4020_aggregated_nac_na_595207","l10n_br_reinf.nature_income_15040","R-4020","aggregated","False","na","595207","monthly","2023-09-01",""
"nature_income_tax_15040_r4020_cofins_nac_na_596007","l10n_br_reinf.nature_income_15040","R-4020","cofins","False","na","596007","monthly","2023-09-01",""
"nature_income_tax_15040_r4020_csll_nac_na_598707","l10n_br_reinf.nature_income_15040","R-4020","csll","False","na","598707","monthly","2023-09-01",""
"nature_income_tax_15040_r4020_irpj_nac_na_170806","l10n_br_reinf.nature_income_15040","R-4020","irpj","False","na","170806","monthly","2023-09-01",""
"nature_income_tax_15040_r4020_pis_pasep_nac_na_597907","l10n_br_reinf.nature_income_15040","R-4020","pis_pasep","False","na","597907","monthly","2023-09-01",""
"nature_income_tax_15041_r4020_aggregated_nac_na_595207","l10n_br_reinf.nature_income_15041","R-4020","aggregated","False","na","595207","monthly","2023-09-01",""
"nature_income_tax_15041_r4020_cofins_nac_na_596007","l10n_br_reinf.nature_income_15041","R-4020","cofins","False","na","596007","monthly","2023-09-01",""
"nature_income_tax_15041_r4020_csll_nac_na_598707","l10n_br_reinf.nature_income_15041","R-4020","csll","False","na","598707","monthly","2023-09-01",""
"nature_income_tax_15041_r4020_irpj_nac_na_170806","l10n_br_reinf.nature_income_15041","R-4020","irpj","False","na","170806","monthly","2023-09-01",""
"nature_income_tax_15041_r4020_pis_pasep_nac_na_597907","l10n_br_reinf.nature_income_15041","R-4020","pis_pasep","False","na","597907","monthly","2023-09-01",""
"nature_income_tax_15042_r4020_aggregated_nac_na_595207","l10n_br_reinf.nature_income_15042","R-4020","aggregated","False","na","595207","monthly","2023-09-01",""
"nature_income_tax_15042_r4020_cofins_nac_na_596007","l10n_br_reinf.nature_income_15042","R-4020","cofins","False","na","596007","monthly","2023-09-01",""
"nature_income_tax_15042_r4020_csll_nac_na_598707","l10n_br_reinf.nature_income_15042","R-4020","csll","False","na","598707","monthly","2023-09-01",""
"nature_income_tax_15042_r4020_irpj_nac_na_170806","l10n_br_reinf.nature_income_15042","R-4020","irpj","False","na","170806","monthly","2023-09-01",""
"nature_income_tax_15042_r4020_pis_pasep_nac_na_597907","l10n_br_reinf.nature_income_15042","R-4020","pis_pasep","False","na","597907","monthly","2023-09-01",""
"nature_income_tax_15043_r4020_aggregated_nac_na_595207","l10n_br_reinf.nature_income_15043","R-4020","aggregated","False","na","595207","monthly","2023-09-01",""
"nature_income_tax_15043_r4020_cofins_nac_na_596007","l10n_br_reinf.nature_income_15043","R-4020","cofins","False","na","596007","monthly","2023-09-01",""
"nature_income_tax_15043_r4020_csll_nac_na_598707","l10n_br_reinf.nature_income_15043","R-4020","csll","False","na","598707","monthly","2023-09-01",""
"nature_income_tax_15043_r4020_irpj_nac_na_170806","l10n_br_reinf.nature_income_15043","R-4020","irpj","False","na","170806","monthly","2023-09-01",""
"nature_income_tax_15043_r4020_pis_pasep_nac_na_597907","l10n_br_reinf.nature_income_15043","R-4020","pis_pasep","False","na","597907","monthly","2023-09-01",""
"nature_income_tax_15044_r4020_aggregated_nac_na_595207","l10n_br_reinf.nature_income_15044","R-4020","aggregated","False","na","595207","monthly","2023-09-01",""
"nature_income_tax_15044_r4020_cofins_nac_na_596007","l10n_br_reinf.nature_income_15044","R-4020","cofins","False","na","596007","monthly","2023-09-01",""
"nature_income_tax_15044_r4020_csll_nac_na_598707","l10n_br_reinf.nature_income_15044","R-4020","csll","False","na","598707","monthly","2023-09-01",""
"nature_income_tax_15044_r4020_irpj_nac_na_170806","l10n_br_reinf.nature_income_15044","R-4020","irpj","False","na","170806","monthly","2023-09-01",""
"nature_income_tax_15044_r4020_pis_pasep_nac_na_597907","l10n_br_reinf.nature_income_15044","R-4020","pis_pasep","False","na","597907","monthly","2023-09-01",""
"nature_income_tax_15045_r4020_aggregated_nac_na_595207","l10n_br_reinf.nature_income_15045","R-4020","aggregated","False","na","595207","monthly","2023-09-01",""
"nature_income_tax_15045_r4020_cofins_nac_na_596007","l10n_br_reinf.nature_income_15045","R-4020","cofins","False","na","596007","monthly","2023-09-01",""
"nature_income_tax_15045_r4020_csll_nac_na_598707","l10n_br_reinf.nature_income_15045","R-4020","csll","False","na","598707","monthly","2023-09-01",""
"nature_income_tax_15045_r4020_irpj_nac_na_170806","l10n_br_reinf.nature_income_15045","R-4020","irpj","False","na","170806","monthly","2023-09-01",""
"nature_income_tax_15045_r4020_pis_pasep_nac_na_597907","l10n_br_reinf.nature_income_15045","R-4020","pis_pasep","False","na","597907","monthly","2023-09-01",""
"nature_income_tax_15046_r4020_aggregated_nac_na_595207","l10n_br_reinf.nature_income_15046","R-4020","aggregated","False","na","595207","monthly","2023-09-01",""
"nature_income_tax_15046_r4020_cofins_nac_na_596007","l10n_br_reinf.nature_income_15046","R-4020","cofins","False","na","596007","monthly","2023-09-01",""
"nature_income_tax_15046_r4020_csll_nac_na_598707","l10n_br_reinf.nature_income_15046","R-4020","csll","False","na","598707","monthly","2023-09-01",""
"nature_income_tax_15046_r4020_irpj_nac_na_170806","l10n_br_reinf.nature_income_15046","R-4020","irpj","False","na","170806","monthly","2023-09-01",""
"nature_income_tax_15046_r4020_pis_pasep_nac_na_597907","l10n_br_reinf.nature_income_15046","R-4020","pis_pasep","False","na","597907","monthly","2023-09-01",""
"nature_income_tax_15047_r4020_aggregated_nac_na_595207","l10n_br_reinf.nature_income_15047","R-4020","aggregated","False","na","595207","monthly","2023-09-01",""
"nature_income_tax_15047_r4020_cofins_nac_na_596007","l10n_br_reinf.nature_income_15047","R-4020","cofins","False","na","596007","monthly","2023-09-01",""
"nature_income_tax_15047_r4020_csll_nac_na_598707","l10n_br_reinf.nature_income_15047","R-4020","csll","False","na","598707","monthly","2023-09-01",""
"nature_income_tax_15047_r4020_irpj_nac_na_594406","l10n_br_reinf.nature_income_15047","R-4020","irpj","False","na","594406","monthly","2023-09-01",""
"nature_income_tax_15047_r4020_pis_pasep_nac_na_597907","l10n_br_reinf.nature_income_15047","R-4020","pis_pasep","False","na","597907","monthly","2023-09-01",""
"nature_income_tax_15048_r4020_cofins_nac_na_374601","l10n_br_reinf.nature_income_15048","R-4020","cofins","False","na","374601","fortnightly","2023-09-01",""
"nature_income_tax_15048_r4020_pis_pasep_nac_na_377001","l10n_br_reinf.nature_income_15048","R-4020","pis_pasep","False","na","377001","fortnightly","2023-09-01",""
"nature_income_tax_15050_r4020_csll_nac_na_598707","l10n_br_reinf.nature_income_15050","R-4020","csll","False","na","598707","monthly","2023-09-01",""
"nature_income_tax_15050_r4020_irpj_nac_na_170806","l10n_br_reinf.nature_income_15050","R-4020","irpj","False","na","170806","monthly","2023-09-01",""
"nature_income_tax_15051_r4020_irpj_ext_na_170806","l10n_br_reinf.nature_income_15051","R-4020","irpj","True","na","170806","monthly","2023-09-01",""
"nature_income_tax_15052_r4020_irpj_nac_na_804506","l10n_br_reinf.nature_income_15052","R-4020","irpj","False","na","804506","monthly","2023-09-01",""
"nature_income_tax_15099_r4020_aggregated_nac_na_595207","l10n_br_reinf.nature_income_15099","R-4020","aggregated","False","na","595207","monthly","2023-09-01",""
"nature_income_tax_15099_r4020_cofins_nac_na_596007","l10n_br_reinf.nature_income_15099","R-4020","cofins","False","na","596007","monthly","2023-09-01",""
"nature_income_tax_15099_r4020_csll_nac_na_598707","l10n_br_reinf.nature_income_15099","R-4020","csll","False","na","598707","monthly","2023-09-01",""
"nature_income_tax_15099_r4020_irpj_nac_na_170806","l10n_br_reinf.nature_income_15099","R-4020","irpj","False","na","170806","monthly","2023-09-01",""
"nature_income_tax_15099_r4020_pis_pasep_nac_na_597907","l10n_br_reinf.nature_income_15099","R-4020","pis_pasep","False","na","597907","monthly","2023-09-01",""
"nature_income_tax_16001_r4010_irpf_ext_nd_042201","l10n_br_reinf.nature_income_16001","R-4010","irpf","True","","042201","daily","2023-09-01",""
"nature_income_tax_16001_r4020_irpj_ext_na_042201","l10n_br_reinf.nature_income_16001","R-4020","irpj","True","na","042201","daily","2023-09-01",""
"nature_income_tax_16002_r4010_irpf_ext_nd_048101","l10n_br_reinf.nature_income_16002","R-4010","irpf","True","","048101","daily","2023-09-01",""
"nature_income_tax_16002_r4020_irpj_ext_na_048101","l10n_br_reinf.nature_income_16002","R-4020","irpj","True","na","048101","daily","2023-09-01",""
"nature_income_tax_16003_r4020_irpj_ext_na_941201","l10n_br_reinf.nature_income_16003","R-4020","irpj","True","na","941201","daily","2023-09-01",""
"nature_income_tax_16004_r4010_irpf_ext_nd_942701","l10n_br_reinf.nature_income_16004","R-4010","irpf","True","","942701","daily","2023-09-01",""
"nature_income_tax_16004_r4020_irpj_ext_na_942701","l10n_br_reinf.nature_income_16004","R-4020","irpj","True","na","942701","daily","2023-09-01",""
"nature_income_tax_16005_r4010_irpf_ext_nd_047304","l10n_br_reinf.nature_income_16005","R-4010","irpf","True","","047304","daily","2023-09-01",""
"nature_income_tax_16005_r4020_irpj_ext_na_047304","l10n_br_reinf.nature_income_16005","R-4020","irpj","True","na","047304","daily","2023-09-01",""
"nature_income_tax_17001_r4020_aggregated_nac_nd_614705","l10n_br_reinf.nature_income_17001","R-4020","aggregated","False","","614705","monthly","2023-09-01",""
"nature_income_tax_17001_r4020_aggregated_nac_nd_614706","l10n_br_reinf.nature_income_17001","R-4020","aggregated","False","","614706","monthly","2023-09-01",""
"nature_income_tax_17001_r4020_cofins_nac_nd_624305","l10n_br_reinf.nature_income_17001","R-4020","cofins","False","","624305","monthly","2023-09-01",""
"nature_income_tax_17001_r4020_cofins_nac_nd_624306","l10n_br_reinf.nature_income_17001","R-4020","cofins","False","","624306","monthly","2023-09-01",""
"nature_income_tax_17001_r4020_csll_nac_nd_622805","l10n_br_reinf.nature_income_17001","R-4020","csll","False","","622805","monthly","2023-09-01",""
"nature_income_tax_17001_r4020_csll_nac_nd_622806","l10n_br_reinf.nature_income_17001","R-4020","csll","False","","622806","monthly","2023-09-01",""
"nature_income_tax_17001_r4020_irpj_nac_nd_625605","l10n_br_reinf.nature_income_17001","R-4020","irpj","False","","625605","monthly","2023-09-01",""
"nature_income_tax_17001_r4020_irpj_nac_nd_625606","l10n_br_reinf.nature_income_17001","R-4020","irpj","False","","625606","monthly","2023-09-01",""
"nature_income_tax_17001_r4020_pis_pasep_nac_nd_623005","l10n_br_reinf.nature_income_17001","R-4020","pis_pasep","False","","623005","monthly","2023-09-01",""
"nature_income_tax_17001_r4020_pis_pasep_nac_nd_623006","l10n_br_reinf.nature_income_17001","R-4020","pis_pasep","False","","623006","monthly","2023-09-01",""
"nature_income_tax_17002_r4020_aggregated_nac_nd_614705","l10n_br_reinf.nature_income_17002","R-4020","aggregated","False","","614705","monthly","2023-09-01",""
"nature_income_tax_17002_r4020_aggregated_nac_nd_614706","l10n_br_reinf.nature_income_17002","R-4020","aggregated","False","","614706","monthly","2023-09-01",""
"nature_income_tax_17002_r4020_cofins_nac_nd_624305","l10n_br_reinf.nature_income_17002","R-4020","cofins","False","","624305","monthly","2023-09-01",""
"nature_income_tax_17002_r4020_cofins_nac_nd_624306","l10n_br_reinf.nature_income_17002","R-4020","cofins","False","","624306","monthly","2023-09-01",""
"nature_income_tax_17002_r4020_csll_nac_nd_622805","l10n_br_reinf.nature_income_17002","R-4020","csll","False","","622805","monthly","2023-09-01",""
"nature_income_tax_17002_r4020_csll_nac_nd_622806","l10n_br_reinf.nature_income_17002","R-4020","csll","False","","622806","monthly","2023-09-01",""
"nature_income_tax_17002_r4020_irpj_nac_nd_625605","l10n_br_reinf.nature_income_17002","R-4020","irpj","False","","625605","monthly","2023-09-01",""
"nature_income_tax_17002_r4020_irpj_nac_nd_625606","l10n_br_reinf.nature_income_17002","R-4020","irpj","False","","625606","monthly","2023-09-01",""
"nature_income_tax_17002_r4020_pis_pasep_nac_nd_623005","l10n_br_reinf.nature_income_17002","R-4020","pis_pasep","False","","623005","monthly","2023-09-01",""
"nature_income_tax_17002_r4020_pis_pasep_nac_nd_623006","l10n_br_reinf.nature_income_17002","R-4020","pis_pasep","False","","623006","monthly","2023-09-01",""
"nature_income_tax_17003_r4020_aggregated_nac_nd_614705","l10n_br_reinf.nature_income_17003","R-4020","aggregated","False","","614705","monthly","2023-09-01",""
"nature_income_tax_17003_r4020_aggregated_nac_nd_614706","l10n_br_reinf.nature_income_17003","R-4020","aggregated","False","","614706","monthly","2023-09-01",""
"nature_income_tax_17003_r4020_cofins_nac_nd_624305","l10n_br_reinf.nature_income_17003","R-4020","cofins","False","","624305","monthly","2023-09-01",""
"nature_income_tax_17003_r4020_cofins_nac_nd_624306","l10n_br_reinf.nature_income_17003","R-4020","cofins","False","","624306","monthly","2023-09-01",""
"nature_income_tax_17003_r4020_csll_nac_nd_622805","l10n_br_reinf.nature_income_17003","R-4020","csll","False","","622805","monthly","2023-09-01",""
"nature_income_tax_17003_r4020_csll_nac_nd_622806","l10n_br_reinf.nature_income_17003","R-4020","csll","False","","622806","monthly","2023-09-01",""
"nature_income_tax_17003_r4020_irpj_nac_nd_625605","l10n_br_reinf.nature_income_17003","R-4020","irpj","False","","625605","monthly","2023-09-01",""
"nature_income_tax_17003_r4020_irpj_nac_nd_625606","l10n_br_reinf.nature_income_17003","R-4020","irpj","False","","625606","monthly","2023-09-01",""
"nature_income_tax_17003_r4020_pis_pasep_nac_nd_623005","l10n_br_reinf.nature_income_17003","R-4020","pis_pasep","False","","623005","monthly","2023-09-01",""
"nature_income_tax_17003_r4020_pis_pasep_nac_nd_623006","l10n_br_reinf.nature_income_17003","R-4020","pis_pasep","False","","623006","monthly","2023-09-01",""
"nature_income_tax_17004_r4020_aggregated_nac_nd_614705","l10n_br_reinf.nature_income_17004","R-4020","aggregated","False","","614705","monthly","2023-09-01",""
"nature_income_tax_17004_r4020_aggregated_nac_nd_614706","l10n_br_reinf.nature_income_17004","R-4020","aggregated","False","","614706","monthly","2023-09-01",""
"nature_income_tax_17004_r4020_cofins_nac_nd_624305","l10n_br_reinf.nature_income_17004","R-4020","cofins","False","","624305","monthly","2023-09-01",""
"nature_income_tax_17004_r4020_cofins_nac_nd_624306","l10n_br_reinf.nature_income_17004","R-4020","cofins","False","","624306","monthly","2023-09-01",""
"nature_income_tax_17004_r4020_csll_nac_nd_622805","l10n_br_reinf.nature_income_17004","R-4020","csll","False","","622805","monthly","2023-09-01",""
"nature_income_tax_17004_r4020_csll_nac_nd_622806","l10n_br_reinf.nature_income_17004","R-4020","csll","False","","622806","monthly","2023-09-01",""
"nature_income_tax_17004_r4020_irpj_nac_nd_625605","l10n_br_reinf.nature_income_17004","R-4020","irpj","False","","625605","monthly","2023-09-01",""
"nature_income_tax_17004_r4020_irpj_nac_nd_625606","l10n_br_reinf.nature_income_17004","R-4020","irpj","False","","625606","monthly","2023-09-01",""
"nature_income_tax_17004_r4020_pis_pasep_nac_nd_623005","l10n_br_reinf.nature_income_17004","R-4020","pis_pasep","False","","623005","monthly","2023-09-01",""
"nature_income_tax_17004_r4020_pis_pasep_nac_nd_623006","l10n_br_reinf.nature_income_17004","R-4020","pis_pasep","False","","623006","monthly","2023-09-01",""
"nature_income_tax_17005_r4020_aggregated_nac_nd_614705","l10n_br_reinf.nature_income_17005","R-4020","aggregated","False","","614705","monthly","2023-09-01",""
"nature_income_tax_17005_r4020_aggregated_nac_nd_614706","l10n_br_reinf.nature_income_17005","R-4020","aggregated","False","","614706","monthly","2023-09-01",""
"nature_income_tax_17005_r4020_cofins_nac_nd_624305","l10n_br_reinf.nature_income_17005","R-4020","cofins","False","","624305","monthly","2023-09-01",""
"nature_income_tax_17005_r4020_cofins_nac_nd_624306","l10n_br_reinf.nature_income_17005","R-4020","cofins","False","","624306","monthly","2023-09-01",""
"nature_income_tax_17005_r4020_csll_nac_nd_622805","l10n_br_reinf.nature_income_17005","R-4020","csll","False","","622805","monthly","2023-09-01",""
"nature_income_tax_17005_r4020_csll_nac_nd_622806","l10n_br_reinf.nature_income_17005","R-4020","csll","False","","622806","monthly","2023-09-01",""
"nature_income_tax_17005_r4020_irpj_nac_nd_625605","l10n_br_reinf.nature_income_17005","R-4020","irpj","False","","625605","monthly","2023-09-01",""
"nature_income_tax_17005_r4020_irpj_nac_nd_625606","l10n_br_reinf.nature_income_17005","R-4020","irpj","False","","625606","monthly","2023-09-01",""
"nature_income_tax_17005_r4020_pis_pasep_nac_nd_623005","l10n_br_reinf.nature_income_17005","R-4020","pis_pasep","False","","623005","monthly","2023-09-01",""
"nature_income_tax_17005_r4020_pis_pasep_nac_nd_623006","l10n_br_reinf.nature_income_17005","R-4020","pis_pasep","False","","623006","monthly","2023-09-01",""
"nature_income_tax_17006_r4020_aggregated_nac_nd_614705","l10n_br_reinf.nature_income_17006","R-4020","aggregated","False","","614705","monthly","2023-09-01",""
"nature_income_tax_17006_r4020_aggregated_nac_nd_614706","l10n_br_reinf.nature_income_17006","R-4020","aggregated","False","","614706","monthly","2023-09-01",""
"nature_income_tax_17006_r4020_cofins_nac_nd_624305","l10n_br_reinf.nature_income_17006","R-4020","cofins","False","","624305","monthly","2023-09-01",""
"nature_income_tax_17006_r4020_cofins_nac_nd_624306","l10n_br_reinf.nature_income_17006","R-4020","cofins","False","","624306","monthly","2023-09-01",""
"nature_income_tax_17006_r4020_csll_nac_nd_622805","l10n_br_reinf.nature_income_17006","R-4020","csll","False","","622805","monthly","2023-09-01",""
"nature_income_tax_17006_r4020_csll_nac_nd_622806","l10n_br_reinf.nature_income_17006","R-4020","csll","False","","622806","monthly","2023-09-01",""
"nature_income_tax_17006_r4020_irpj_nac_nd_625605","l10n_br_reinf.nature_income_17006","R-4020","irpj","False","","625605","monthly","2023-09-01",""
"nature_income_tax_17006_r4020_irpj_nac_nd_625606","l10n_br_reinf.nature_income_17006","R-4020","irpj","False","","625606","monthly","2023-09-01",""
"nature_income_tax_17006_r4020_pis_pasep_nac_nd_623005","l10n_br_reinf.nature_income_17006","R-4020","pis_pasep","False","","623005","monthly","2023-09-01",""
"nature_income_tax_17006_r4020_pis_pasep_nac_nd_623006","l10n_br_reinf.nature_income_17006","R-4020","pis_pasep","False","","623006","monthly","2023-09-01",""
"nature_income_tax_17007_r4020_aggregated_nac_nd_614705","l10n_br_reinf.nature_income_17007","R-4020","aggregated","False","","614705","monthly","2023-09-01",""
"nature_income_tax_17007_r4020_aggregated_nac_nd_614706","l10n_br_reinf.nature_income_17007","R-4020","aggregated","False","","614706","monthly","2023-09-01",""
"nature_income_tax_17007_r4020_cofins_nac_nd_624305","l10n_br_reinf.nature_income_17007","R-4020","cofins","False","","624305","monthly","2023-09-01",""
"nature_income_tax_17007_r4020_cofins_nac_nd_624306","l10n_br_reinf.nature_income_17007","R-4020","cofins","False","","624306","monthly","2023-09-01",""
"nature_income_tax_17007_r4020_csll_nac_nd_622805","l10n_br_reinf.nature_income_17007","R-4020","csll","False","","622805","monthly","2023-09-01",""
"nature_income_tax_17007_r4020_csll_nac_nd_622806","l10n_br_reinf.nature_income_17007","R-4020","csll","False","","622806","monthly","2023-09-01",""
"nature_income_tax_17007_r4020_irpj_nac_nd_625605","l10n_br_reinf.nature_income_17007","R-4020","irpj","False","","625605","monthly","2023-09-01",""
"nature_income_tax_17007_r4020_irpj_nac_nd_625606","l10n_br_reinf.nature_income_17007","R-4020","irpj","False","","625606","monthly","2023-09-01",""
"nature_income_tax_17007_r4020_pis_pasep_nac_nd_623005","l10n_br_reinf.nature_income_17007","R-4020","pis_pasep","False","","623005","monthly","2023-09-01",""
"nature_income_tax_17007_r4020_pis_pasep_nac_nd_623006","l10n_br_reinf.nature_income_17007","R-4020","pis_pasep","False","","623006","monthly","2023-09-01",""
"nature_income_tax_17008_r4020_aggregated_nac_nd_614705","l10n_br_reinf.nature_income_17008","R-4020","aggregated","False","","614705","monthly","2023-09-01",""
"nature_income_tax_17008_r4020_aggregated_nac_nd_614706","l10n_br_reinf.nature_income_17008","R-4020","aggregated","False","","614706","monthly","2023-09-01",""
"nature_income_tax_17008_r4020_cofins_nac_nd_624305","l10n_br_reinf.nature_income_17008","R-4020","cofins","False","","624305","monthly","2023-09-01",""
"nature_income_tax_17008_r4020_cofins_nac_nd_624306","l10n_br_reinf.nature_income_17008","R-4020","cofins","False","","624306","monthly","2023-09-01",""
"nature_income_tax_17008_r4020_csll_nac_nd_622805","l10n_br_reinf.nature_income_17008","R-4020","csll","False","","622805","monthly","2023-09-01",""
"nature_income_tax_17008_r4020_csll_nac_nd_622806","l10n_br_reinf.nature_income_17008","R-4020","csll","False","","622806","monthly","2023-09-01",""
"nature_income_tax_17008_r4020_irpj_nac_nd_625605","l10n_br_reinf.nature_income_17008","R-4020","irpj","False","","625605","monthly","2023-09-01",""
"nature_income_tax_17008_r4020_irpj_nac_nd_625606","l10n_br_reinf.nature_income_17008","R-4020","irpj","False","","625606","monthly","2023-09-01",""
"nature_income_tax_17008_r4020_pis_pasep_nac_nd_623005","l10n_br_reinf.nature_income_17008","R-4020","pis_pasep","False","","623005","monthly","2023-09-01",""
"nature_income_tax_17008_r4020_pis_pasep_nac_nd_623006","l10n_br_reinf.nature_income_17008","R-4020","pis_pasep","False","","623006","monthly","2023-09-01",""
"nature_income_tax_17009_r4020_aggregated_nac_nd_614705","l10n_br_reinf.nature_income_17009","R-4020","aggregated","False","","614705","monthly","2023-09-01",""
"nature_income_tax_17009_r4020_aggregated_nac_nd_614706","l10n_br_reinf.nature_income_17009","R-4020","aggregated","False","","614706","monthly","2023-09-01",""
"nature_income_tax_17009_r4020_cofins_nac_nd_624305","l10n_br_reinf.nature_income_17009","R-4020","cofins","False","","624305","monthly","2023-09-01",""
"nature_income_tax_17009_r4020_cofins_nac_nd_624306","l10n_br_reinf.nature_income_17009","R-4020","cofins","False","","624306","monthly","2023-09-01",""
"nature_income_tax_17009_r4020_csll_nac_nd_622805","l10n_br_reinf.nature_income_17009","R-4020","csll","False","","622805","monthly","2023-09-01",""
"nature_income_tax_17009_r4020_csll_nac_nd_622806","l10n_br_reinf.nature_income_17009","R-4020","csll","False","","622806","monthly","2023-09-01",""
"nature_income_tax_17009_r4020_irpj_nac_nd_625605","l10n_br_reinf.nature_income_17009","R-4020","irpj","False","","625605","monthly","2023-09-01",""
"nature_income_tax_17009_r4020_irpj_nac_nd_625606","l10n_br_reinf.nature_income_17009","R-4020","irpj","False","","625606","monthly","2023-09-01",""
"nature_income_tax_17009_r4020_pis_pasep_nac_nd_623005","l10n_br_reinf.nature_income_17009","R-4020","pis_pasep","False","","623005","monthly","2023-09-01",""
"nature_income_tax_17009_r4020_pis_pasep_nac_nd_623006","l10n_br_reinf.nature_income_17009","R-4020","pis_pasep","False","","623006","monthly","2023-09-01",""
"nature_income_tax_17010_r4020_aggregated_nac_nd_906005","l10n_br_reinf.nature_income_17010","R-4020","aggregated","False","","906005","monthly","2023-09-01",""
"nature_income_tax_17010_r4020_aggregated_nac_nd_906006","l10n_br_reinf.nature_income_17010","R-4020","aggregated","False","","906006","monthly","2023-09-01",""
"nature_income_tax_17010_r4020_cofins_nac_nd_624305","l10n_br_reinf.nature_income_17010","R-4020","cofins","False","","624305","monthly","2023-09-01",""
"nature_income_tax_17010_r4020_cofins_nac_nd_624306","l10n_br_reinf.nature_income_17010","R-4020","cofins","False","","624306","monthly","2023-09-01",""
"nature_income_tax_17010_r4020_csll_nac_nd_622805","l10n_br_reinf.nature_income_17010","R-4020","csll","False","","622805","monthly","2023-09-01",""
"nature_income_tax_17010_r4020_csll_nac_nd_622806","l10n_br_reinf.nature_income_17010","R-4020","csll","False","","622806","monthly","2023-09-01",""
"nature_income_tax_17010_r4020_irpj_nac_nd_625605","l10n_br_reinf.nature_income_17010","R-4020","irpj","False","","625605","monthly","2023-09-01",""
"nature_income_tax_17010_r4020_irpj_nac_nd_625606","l10n_br_reinf.nature_income_17010","R-4020","irpj","False","","625606","monthly","2023-09-01",""
"nature_income_tax_17010_r4020_pis_pasep_nac_nd_623005","l10n_br_reinf.nature_income_17010","R-4020","pis_pasep","False","","623005","monthly","2023-09-01",""
"nature_income_tax_17010_r4020_pis_pasep_nac_nd_623006","l10n_br_reinf.nature_income_17010","R-4020","pis_pasep","False","","623006","monthly","2023-09-01",""
"nature_income_tax_17011_r4020_aggregated_nac_nd_906005","l10n_br_reinf.nature_income_17011","R-4020","aggregated","False","","906005","monthly","2023-09-01",""
"nature_income_tax_17011_r4020_aggregated_nac_nd_906006","l10n_br_reinf.nature_income_17011","R-4020","aggregated","False","","906006","monthly","2023-09-01",""
"nature_income_tax_17011_r4020_cofins_nac_nd_624305","l10n_br_reinf.nature_income_17011","R-4020","cofins","False","","624305","monthly","2023-09-01",""
"nature_income_tax_17011_r4020_cofins_nac_nd_624306","l10n_br_reinf.nature_income_17011","R-4020","cofins","False","","624306","monthly","2023-09-01",""
"nature_income_tax_17011_r4020_csll_nac_nd_622805","l10n_br_reinf.nature_income_17011","R-4020","csll","False","","622805","monthly","2023-09-01",""
"nature_income_tax_17011_r4020_csll_nac_nd_622806","l10n_br_reinf.nature_income_17011","R-4020","csll","False","","622806","monthly","2023-09-01",""
"nature_income_tax_17011_r4020_irpj_nac_nd_625605","l10n_br_reinf.nature_income_17011","R-4020","irpj","False","","625605","monthly","2023-09-01",""
"nature_income_tax_17011_r4020_irpj_nac_nd_625606","l10n_br_reinf.nature_income_17011","R-4020","irpj","False","","625606","monthly","2023-09-01",""
"nature_income_tax_17011_r4020_pis_pasep_nac_nd_623005","l10n_br_reinf.nature_income_17011","R-4020","pis_pasep","False","","623005","monthly","2023-09-01",""
"nature_income_tax_17011_r4020_pis_pasep_nac_nd_623006","l10n_br_reinf.nature_income_17011","R-4020","pis_pasep","False","","623006","monthly","2023-09-01",""
"nature_income_tax_17012_r4020_aggregated_nac_nd_906005","l10n_br_reinf.nature_income_17012","R-4020","aggregated","False","","906005","monthly","2023-09-01",""
"nature_income_tax_17012_r4020_aggregated_nac_nd_906006","l10n_br_reinf.nature_income_17012","R-4020","aggregated","False","","906006","monthly","2023-09-01",""
"nature_income_tax_17012_r4020_cofins_nac_nd_624305","l10n_br_reinf.nature_income_17012","R-4020","cofins","False","","624305","monthly","2023-09-01",""
"nature_income_tax_17012_r4020_cofins_nac_nd_624306","l10n_br_reinf.nature_income_17012","R-4020","cofins","False","","624306","monthly","2023-09-01",""
"nature_income_tax_17012_r4020_csll_nac_nd_622805","l10n_br_reinf.nature_income_17012","R-4020","csll","False","","622805","monthly","2023-09-01",""
"nature_income_tax_17012_r4020_csll_nac_nd_622806","l10n_br_reinf.nature_income_17012","R-4020","csll","False","","622806","monthly","2023-09-01",""
"nature_income_tax_17012_r4020_irpj_nac_nd_625605","l10n_br_reinf.nature_income_17012","R-4020","irpj","False","","625605","monthly","2023-09-01",""
"nature_income_tax_17012_r4020_irpj_nac_nd_625606","l10n_br_reinf.nature_income_17012","R-4020","irpj","False","","625606","monthly","2023-09-01",""
"nature_income_tax_17012_r4020_pis_pasep_nac_nd_623005","l10n_br_reinf.nature_income_17012","R-4020","pis_pasep","False","","623005","monthly","2023-09-01",""
"nature_income_tax_17012_r4020_pis_pasep_nac_nd_623006","l10n_br_reinf.nature_income_17012","R-4020","pis_pasep","False","","623006","monthly","2023-09-01",""
"nature_income_tax_17013_r4020_aggregated_nac_nd_873905","l10n_br_reinf.nature_income_17013","R-4020","aggregated","False","","873905","monthly","2023-09-01",""
"nature_income_tax_17013_r4020_aggregated_nac_nd_873906","l10n_br_reinf.nature_income_17013","R-4020","aggregated","False","","873906","monthly","2023-09-01",""
"nature_income_tax_17013_r4020_csll_nac_nd_622805","l10n_br_reinf.nature_income_17013","R-4020","csll","False","","622805","monthly","2023-09-01",""
"nature_income_tax_17013_r4020_csll_nac_nd_622806","l10n_br_reinf.nature_income_17013","R-4020","csll","False","","622806","monthly","2023-09-01",""
"nature_income_tax_17013_r4020_irpj_nac_nd_625605","l10n_br_reinf.nature_income_17013","R-4020","irpj","False","","625605","monthly","2023-09-01",""
"nature_income_tax_17013_r4020_irpj_nac_nd_625606","l10n_br_reinf.nature_income_17013","R-4020","irpj","False","","625606","monthly","2023-09-01",""
"nature_income_tax_17014_r4020_aggregated_nac_nd_873905","l10n_br_reinf.nature_income_17014","R-4020","aggregated","False","","873905","monthly","2023-09-01",""
"nature_income_tax_17014_r4020_aggregated_nac_nd_873906","l10n_br_reinf.nature_income_17014","R-4020","aggregated","False","","873906","monthly","2023-09-01",""
"nature_income_tax_17014_r4020_csll_nac_nd_622805","l10n_br_reinf.nature_income_17014","R-4020","csll","False","","622805","monthly","2023-09-01",""
"nature_income_tax_17014_r4020_csll_nac_nd_622806","l10n_br_reinf.nature_income_17014","R-4020","csll","False","","622806","monthly","2023-09-01",""
"nature_income_tax_17014_r4020_irpj_nac_nd_625605","l10n_br_reinf.nature_income_17014","R-4020","irpj","False","","625605","monthly","2023-09-01",""
"nature_income_tax_17014_r4020_irpj_nac_nd_625606","l10n_br_reinf.nature_income_17014","R-4020","irpj","False","","625606","monthly","2023-09-01",""
"nature_income_tax_17015_r4020_aggregated_nac_nd_873905","l10n_br_reinf.nature_income_17015","R-4020","aggregated","False","","873905","monthly","2023-09-01",""
"nature_income_tax_17015_r4020_aggregated_nac_nd_873906","l10n_br_reinf.nature_income_17015","R-4020","aggregated","False","","873906","monthly","2023-09-01",""
"nature_income_tax_17015_r4020_csll_nac_nd_622805","l10n_br_reinf.nature_income_17015","R-4020","csll","False","","622805","monthly","2023-09-01",""
"nature_income_tax_17015_r4020_csll_nac_nd_622806","l10n_br_reinf.nature_income_17015","R-4020","csll","False","","622806","monthly","2023-09-01",""
"nature_income_tax_17015_r4020_irpj_nac_nd_625605","l10n_br_reinf.nature_income_17015","R-4020","irpj","False","","625605","monthly","2023-09-01",""
"nature_income_tax_17015_r4020_irpj_nac_nd_625606","l10n_br_reinf.nature_income_17015","R-4020","irpj","False","","625606","monthly","2023-09-01",""
"nature_income_tax_17016_r4020_aggregated_nac_nd_873905","l10n_br_reinf.nature_income_17016","R-4020","aggregated","False","","873905","monthly","2023-09-01",""
"nature_income_tax_17016_r4020_aggregated_nac_nd_873906","l10n_br_reinf.nature_income_17016","R-4020","aggregated","False","","873906","monthly","2023-09-01",""
"nature_income_tax_17016_r4020_csll_nac_nd_622805","l10n_br_reinf.nature_income_17016","R-4020","csll","False","","622805","monthly","2023-09-01",""
"nature_income_tax_17016_r4020_csll_nac_nd_622806","l10n_br_reinf.nature_income_17016","R-4020","csll","False","","622806","monthly","2023-09-01",""
"nature_income_tax_17016_r4020_irpj_nac_nd_625605","l10n_br_reinf.nature_income_17016","R-4020","irpj","False","","625605","monthly","2023-09-01",""
"nature_income_tax_17016_r4020_irpj_nac_nd_625606","l10n_br_reinf.nature_income_17016","R-4020","irpj","False","","625606","monthly","2023-09-01",""
"nature_income_tax_17017_r4020_aggregated_nac_nd_876705","l10n_br_reinf.nature_income_17017","R-4020","aggregated","False","","876705","monthly","2023-09-01",""
"nature_income_tax_17017_r4020_aggregated_nac_nd_876706","l10n_br_reinf.nature_income_17017","R-4020","aggregated","False","","876706","monthly","2023-09-01",""
"nature_income_tax_17017_r4020_csll_nac_nd_622805","l10n_br_reinf.nature_income_17017","R-4020","csll","False","","622805","monthly","2023-09-01",""
"nature_income_tax_17017_r4020_csll_nac_nd_622806","l10n_br_reinf.nature_income_17017","R-4020","csll","False","","622806","monthly","2023-09-01",""
"nature_income_tax_17017_r4020_irpj_nac_nd_625605","l10n_br_reinf.nature_income_17017","R-4020","irpj","False","","625605","monthly","2023-09-01",""
"nature_income_tax_17017_r4020_irpj_nac_nd_625606","l10n_br_reinf.nature_income_17017","R-4020","irpj","False","","625606","monthly","2023-09-01",""
"nature_income_tax_17018_r4020_aggregated_nac_nd_876705","l10n_br_reinf.nature_income_17018","R-4020","aggregated","False","","876705","monthly","2023-09-01",""
"nature_income_tax_17018_r4020_aggregated_nac_nd_876706","l10n_br_reinf.nature_income_17018","R-4020","aggregated","False","","876706","monthly","2023-09-01",""
"nature_income_tax_17018_r4020_csll_nac_nd_622805","l10n_br_reinf.nature_income_17018","R-4020","csll","False","","622805","monthly","2023-09-01",""
"nature_income_tax_17018_r4020_csll_nac_nd_622806","l10n_br_reinf.nature_income_17018","R-4020","csll","False","","622806","monthly","2023-09-01",""
"nature_income_tax_17018_r4020_irpj_nac_nd_625605","l10n_br_reinf.nature_income_17018","R-4020","irpj","False","","625605","monthly","2023-09-01",""
"nature_income_tax_17018_r4020_irpj_nac_nd_625606","l10n_br_reinf.nature_income_17018","R-4020","irpj","False","","625606","monthly","2023-09-01",""
"nature_income_tax_17019_r4020_aggregated_nac_nd_876705","l10n_br_reinf.nature_income_17019","R-4020","aggregated","False","","876705","monthly","2023-09-01",""
"nature_income_tax_17019_r4020_aggregated_nac_nd_876706","l10n_br_reinf.nature_income_17019","R-4020","aggregated","False","","876706","monthly","2023-09-01",""
"nature_income_tax_17019_r4020_csll_nac_nd_622805","l10n_br_reinf.nature_income_17019","R-4020","csll","False","","622805","monthly","2023-09-01",""
"nature_income_tax_17019_r4020_csll_nac_nd_622806","l10n_br_reinf.nature_income_17019","R-4020","csll","False","","622806","monthly","2023-09-01",""
"nature_income_tax_17019_r4020_irpj_nac_nd_625605","l10n_br_reinf.nature_income_17019","R-4020","irpj","False","","625605","monthly","2023-09-01",""
"nature_income_tax_17019_r4020_irpj_nac_nd_625606","l10n_br_reinf.nature_income_17019","R-4020","irpj","False","","625606","monthly","2023-09-01",""
"nature_income_tax_17020_r4020_aggregated_nac_nd_876705","l10n_br_reinf.nature_income_17020","R-4020","aggregated","False","","876705","monthly","2023-09-01",""
"nature_income_tax_17020_r4020_aggregated_nac_nd_876706","l10n_br_reinf.nature_income_17020","R-4020","aggregated","False","","876706","monthly","2023-09-01",""
"nature_income_tax_17020_r4020_csll_nac_nd_622805","l10n_br_reinf.nature_income_17020","R-4020","csll","False","","622805","monthly","2023-09-01",""
"nature_income_tax_17020_r4020_csll_nac_nd_622806","l10n_br_reinf.nature_income_17020","R-4020","csll","False","","622806","monthly","2023-09-01",""
"nature_income_tax_17020_r4020_irpj_nac_nd_625605","l10n_br_reinf.nature_income_17020","R-4020","irpj","False","","625605","monthly","2023-09-01",""
"nature_income_tax_17020_r4020_irpj_nac_nd_625606","l10n_br_reinf.nature_income_17020","R-4020","irpj","False","","625606","monthly","2023-09-01",""
"nature_income_tax_17021_r4020_aggregated_nac_nd_876705","l10n_br_reinf.nature_income_17021","R-4020","aggregated","False","","876705","monthly","2023-09-01",""
"nature_income_tax_17021_r4020_aggregated_nac_nd_876706","l10n_br_reinf.nature_income_17021","R-4020","aggregated","False","","876706","monthly","2023-09-01",""
"nature_income_tax_17021_r4020_csll_nac_nd_622805","l10n_br_reinf.nature_income_17021","R-4020","csll","False","","622805","monthly","2023-09-01",""
"nature_income_tax_17021_r4020_csll_nac_nd_622806","l10n_br_reinf.nature_income_17021","R-4020","csll","False","","622806","monthly","2023-09-01",""
"nature_income_tax_17021_r4020_irpj_nac_nd_625605","l10n_br_reinf.nature_income_17021","R-4020","irpj","False","","625605","monthly","2023-09-01",""
"nature_income_tax_17021_r4020_irpj_nac_nd_625606","l10n_br_reinf.nature_income_17021","R-4020","irpj","False","","625606","monthly","2023-09-01",""
"nature_income_tax_17022_r4020_aggregated_nac_nd_876705","l10n_br_reinf.nature_income_17022","R-4020","aggregated","False","","876705","monthly","2023-09-01",""
"nature_income_tax_17022_r4020_aggregated_nac_nd_876706","l10n_br_reinf.nature_income_17022","R-4020","aggregated","False","","876706","monthly","2023-09-01",""
"nature_income_tax_17022_r4020_csll_nac_nd_622805","l10n_br_reinf.nature_income_17022","R-4020","csll","False","","622805","monthly","2023-09-01",""
"nature_income_tax_17022_r4020_csll_nac_nd_622806","l10n_br_reinf.nature_income_17022","R-4020","csll","False","","622806","monthly","2023-09-01",""
"nature_income_tax_17022_r4020_irpj_nac_nd_625605","l10n_br_reinf.nature_income_17022","R-4020","irpj","False","","625605","monthly","2023-09-01",""
"nature_income_tax_17022_r4020_irpj_nac_nd_625606","l10n_br_reinf.nature_income_17022","R-4020","irpj","False","","625606","monthly","2023-09-01",""
"nature_income_tax_17023_r4020_aggregated_nac_nd_617505","l10n_br_reinf.nature_income_17023","R-4020","aggregated","False","","617505","monthly","2023-09-01",""
"nature_income_tax_17023_r4020_aggregated_nac_nd_617506","l10n_br_reinf.nature_income_17023","R-4020","aggregated","False","","617506","monthly","2023-09-01",""
"nature_income_tax_17023_r4020_cofins_nac_nd_624305","l10n_br_reinf.nature_income_17023","R-4020","cofins","False","","624305","monthly","2023-09-01",""
"nature_income_tax_17023_r4020_cofins_nac_nd_624306","l10n_br_reinf.nature_income_17023","R-4020","cofins","False","","624306","monthly","2023-09-01",""
"nature_income_tax_17023_r4020_csll_nac_nd_622805","l10n_br_reinf.nature_income_17023","R-4020","csll","False","","622805","monthly","2023-09-01",""
"nature_income_tax_17023_r4020_csll_nac_nd_622806","l10n_br_reinf.nature_income_17023","R-4020","csll","False","","622806","monthly","2023-09-01",""
"nature_income_tax_17023_r4020_irpj_nac_nd_625605","l10n_br_reinf.nature_income_17023","R-4020","irpj","False","","625605","monthly","2023-09-01",""
"nature_income_tax_17023_r4020_irpj_nac_nd_625606","l10n_br_reinf.nature_income_17023","R-4020","irpj","False","","625606","monthly","2023-09-01",""
"nature_income_tax_17023_r4020_pis_pasep_nac_nd_623005","l10n_br_reinf.nature_income_17023","R-4020","pis_pasep","False","","623005","monthly","2023-09-01",""
"nature_income_tax_17023_r4020_pis_pasep_nac_nd_623006","l10n_br_reinf.nature_income_17023","R-4020","pis_pasep","False","","623006","monthly","2023-09-01",""
"nature_income_tax_17024_r4020_aggregated_nac_nd_885005","l10n_br_reinf.nature_income_17024","R-4020","aggregated","False","","885005","monthly","2023-09-01",""
"nature_income_tax_17024_r4020_aggregated_nac_nd_885006","l10n_br_reinf.nature_income_17024","R-4020","aggregated","False","","885006","monthly","2023-09-01",""
"nature_income_tax_17024_r4020_csll_nac_nd_622805","l10n_br_reinf.nature_income_17024","R-4020","csll","False","","622805","monthly","2023-09-01",""
"nature_income_tax_17024_r4020_csll_nac_nd_622806","l10n_br_reinf.nature_income_17024","R-4020","csll","False","","622806","monthly","2023-09-01",""
"nature_income_tax_17024_r4020_irpj_nac_nd_625605","l10n_br_reinf.nature_income_17024","R-4020","irpj","False","","625605","monthly","2023-09-01",""
"nature_income_tax_17024_r4020_irpj_nac_nd_625606","l10n_br_reinf.nature_income_17024","R-4020","irpj","False","","625606","monthly","2023-09-01",""
"nature_income_tax_17025_r4020_aggregated_nac_nd_886305","l10n_br_reinf.nature_income_17025","R-4020","aggregated","False","","886305","monthly","2023-09-01",""
"nature_income_tax_17025_r4020_aggregated_nac_nd_886306","l10n_br_reinf.nature_income_17025","R-4020","aggregated","False","","886306","monthly","2023-09-01",""
"nature_income_tax_17025_r4020_cofins_nac_nd_624305","l10n_br_reinf.nature_income_17025","R-4020","cofins","False","","624305","monthly","2023-09-01",""
"nature_income_tax_17025_r4020_cofins_nac_nd_624306","l10n_br_reinf.nature_income_17025","R-4020","cofins","False","","624306","monthly","2023-09-01",""
"nature_income_tax_17025_r4020_csll_nac_nd_622805","l10n_br_reinf.nature_income_17025","R-4020","csll","False","","622805","monthly","2023-09-01",""
"nature_income_tax_17025_r4020_csll_nac_nd_622806","l10n_br_reinf.nature_income_17025","R-4020","csll","False","","622806","monthly","2023-09-01",""
"nature_income_tax_17025_r4020_irpj_nac_nd_328006","l10n_br_reinf.nature_income_17025","R-4020","irpj","False","","328006","monthly","2023-09-01",""
"nature_income_tax_17025_r4020_irpj_nac_nd_328006_v2","l10n_br_reinf.nature_income_17025","R-4020","irpj","False","","328006","monthly","2023-09-01",""
"nature_income_tax_17025_r4020_pis_pasep_nac_nd_623005","l10n_br_reinf.nature_income_17025","R-4020","pis_pasep","False","","623005","monthly","2023-09-01",""
"nature_income_tax_17025_r4020_pis_pasep_nac_nd_623006","l10n_br_reinf.nature_income_17025","R-4020","pis_pasep","False","","623006","monthly","2023-09-01",""
"nature_income_tax_17026_r4020_aggregated_nac_nd_618805","l10n_br_reinf.nature_income_17026","R-4020","aggregated","False","","618805","monthly","2023-09-01",""
"nature_income_tax_17026_r4020_aggregated_nac_nd_618806","l10n_br_reinf.nature_income_17026","R-4020","aggregated","False","","618806","monthly","2023-09-01",""
"nature_income_tax_17026_r4020_cofins_nac_nd_624305","l10n_br_reinf.nature_income_17026","R-4020","cofins","False","","624305","monthly","2023-09-01",""
"nature_income_tax_17026_r4020_cofins_nac_nd_624306","l10n_br_reinf.nature_income_17026","R-4020","cofins","False","","624306","monthly","2023-09-01",""
"nature_income_tax_17026_r4020_csll_nac_nd_622805","l10n_br_reinf.nature_income_17026","R-4020","csll","False","","622805","monthly","2023-09-01",""
"nature_income_tax_17026_r4020_csll_nac_nd_622806","l10n_br_reinf.nature_income_17026","R-4020","csll","False","","622806","monthly","2023-09-01",""
"nature_income_tax_17026_r4020_irpj_nac_nd_625605","l10n_br_reinf.nature_income_17026","R-4020","irpj","False","","625605","monthly","2023-09-01",""
"nature_income_tax_17026_r4020_irpj_nac_nd_625606","l10n_br_reinf.nature_income_17026","R-4020","irpj","False","","625606","monthly","2023-09-01",""
"nature_income_tax_17026_r4020_pis_pasep_nac_nd_623005","l10n_br_reinf.nature_income_17026","R-4020","pis_pasep","False","","623005","monthly","2023-09-01",""
"nature_income_tax_17026_r4020_pis_pasep_nac_nd_623006","l10n_br_reinf.nature_income_17026","R-4020","pis_pasep","False","","623006","monthly","2023-09-01",""
"nature_income_tax_17027_r4020_aggregated_nac_nd_618805","l10n_br_reinf.nature_income_17027","R-4020","aggregated","False","","618805","monthly","2023-09-01",""
"nature_income_tax_17027_r4020_aggregated_nac_nd_618806","l10n_br_reinf.nature_income_17027","R-4020","aggregated","False","","618806","monthly","2023-09-01",""
"nature_income_tax_17027_r4020_cofins_nac_nd_624305","l10n_br_reinf.nature_income_17027","R-4020","cofins","False","","624305","monthly","2023-09-01",""
"nature_income_tax_17027_r4020_cofins_nac_nd_624306","l10n_br_reinf.nature_income_17027","R-4020","cofins","False","","624306","monthly","2023-09-01",""
"nature_income_tax_17027_r4020_csll_nac_nd_622805","l10n_br_reinf.nature_income_17027","R-4020","csll","False","","622805","monthly","2023-09-01",""
"nature_income_tax_17027_r4020_csll_nac_nd_622806","l10n_br_reinf.nature_income_17027","R-4020","csll","False","","622806","monthly","2023-09-01",""
"nature_income_tax_17027_r4020_irpj_nac_nd_625605","l10n_br_reinf.nature_income_17027","R-4020","irpj","False","","625605","monthly","2023-09-01",""
"nature_income_tax_17027_r4020_irpj_nac_nd_625606","l10n_br_reinf.nature_income_17027","R-4020","irpj","False","","625606","monthly","2023-09-01",""
"nature_income_tax_17027_r4020_pis_pasep_nac_nd_623005","l10n_br_reinf.nature_income_17027","R-4020","pis_pasep","False","","623005","monthly","2023-09-01",""
"nature_income_tax_17027_r4020_pis_pasep_nac_nd_623006","l10n_br_reinf.nature_income_17027","R-4020","pis_pasep","False","","623006","monthly","2023-09-01",""
"nature_income_tax_17028_r4020_aggregated_nac_nd_619005","l10n_br_reinf.nature_income_17028","R-4020","aggregated","False","","619005","monthly","2023-09-01",""
"nature_income_tax_17028_r4020_aggregated_nac_nd_619006","l10n_br_reinf.nature_income_17028","R-4020","aggregated","False","","619006","monthly","2023-09-01",""
"nature_income_tax_17028_r4020_cofins_nac_nd_624305","l10n_br_reinf.nature_income_17028","R-4020","cofins","False","","624305","monthly","2023-09-01",""
"nature_income_tax_17028_r4020_cofins_nac_nd_624306","l10n_br_reinf.nature_income_17028","R-4020","cofins","False","","624306","monthly","2023-09-01",""
"nature_income_tax_17028_r4020_csll_nac_nd_622805","l10n_br_reinf.nature_income_17028","R-4020","csll","False","","622805","monthly","2023-09-01",""
"nature_income_tax_17028_r4020_csll_nac_nd_622806","l10n_br_reinf.nature_income_17028","R-4020","csll","False","","622806","monthly","2023-09-01",""
"nature_income_tax_17028_r4020_irpj_nac_nd_625605","l10n_br_reinf.nature_income_17028","R-4020","irpj","False","","625605","monthly","2023-09-01",""
"nature_income_tax_17028_r4020_irpj_nac_nd_625606","l10n_br_reinf.nature_income_17028","R-4020","irpj","False","","625606","monthly","2023-09-01",""
"nature_income_tax_17028_r4020_pis_pasep_nac_nd_623005","l10n_br_reinf.nature_income_17028","R-4020","pis_pasep","False","","623005","monthly","2023-09-01",""
"nature_income_tax_17028_r4020_pis_pasep_nac_nd_623006","l10n_br_reinf.nature_income_17028","R-4020","pis_pasep","False","","623006","monthly","2023-09-01",""
"nature_income_tax_17029_r4020_aggregated_nac_nd_619005","l10n_br_reinf.nature_income_17029","R-4020","aggregated","False","","619005","monthly","2023-09-01",""
"nature_income_tax_17029_r4020_aggregated_nac_nd_619006","l10n_br_reinf.nature_income_17029","R-4020","aggregated","False","","619006","monthly","2023-09-01",""
"nature_income_tax_17029_r4020_cofins_nac_nd_624305","l10n_br_reinf.nature_income_17029","R-4020","cofins","False","","624305","monthly","2023-09-01",""
"nature_income_tax_17029_r4020_cofins_nac_nd_624306","l10n_br_reinf.nature_income_17029","R-4020","cofins","False","","624306","monthly","2023-09-01",""
"nature_income_tax_17029_r4020_csll_nac_nd_622805","l10n_br_reinf.nature_income_17029","R-4020","csll","False","","622805","monthly","2023-09-01",""
"nature_income_tax_17029_r4020_csll_nac_nd_622806","l10n_br_reinf.nature_income_17029","R-4020","csll","False","","622806","monthly","2023-09-01",""
"nature_income_tax_17029_r4020_irpj_nac_nd_625605","l10n_br_reinf.nature_income_17029","R-4020","irpj","False","","625605","monthly","2023-09-01",""
"nature_income_tax_17029_r4020_irpj_nac_nd_625606","l10n_br_reinf.nature_income_17029","R-4020","irpj","False","","625606","monthly","2023-09-01",""
"nature_income_tax_17029_r4020_pis_pasep_nac_nd_623005","l10n_br_reinf.nature_income_17029","R-4020","pis_pasep","False","","623005","monthly","2023-09-01",""
"nature_income_tax_17029_r4020_pis_pasep_nac_nd_623006","l10n_br_reinf.nature_income_17029","R-4020","pis_pasep","False","","623006","monthly","2023-09-01",""
"nature_income_tax_17030_r4020_aggregated_nac_nd_619005","l10n_br_reinf.nature_income_17030","R-4020","aggregated","False","","619005","monthly","2023-09-01",""
"nature_income_tax_17030_r4020_aggregated_nac_nd_619006","l10n_br_reinf.nature_income_17030","R-4020","aggregated","False","","619006","monthly","2023-09-01",""
"nature_income_tax_17030_r4020_cofins_nac_nd_624305","l10n_br_reinf.nature_income_17030","R-4020","cofins","False","","624305","monthly","2023-09-01",""
"nature_income_tax_17030_r4020_cofins_nac_nd_624306","l10n_br_reinf.nature_income_17030","R-4020","cofins","False","","624306","monthly","2023-09-01",""
"nature_income_tax_17030_r4020_csll_nac_nd_622805","l10n_br_reinf.nature_income_17030","R-4020","csll","False","","622805","monthly","2023-09-01",""
"nature_income_tax_17030_r4020_csll_nac_nd_622806","l10n_br_reinf.nature_income_17030","R-4020","csll","False","","622806","monthly","2023-09-01",""
"nature_income_tax_17030_r4020_irpj_nac_nd_625605","l10n_br_reinf.nature_income_17030","R-4020","irpj","False","","625605","monthly","2023-09-01",""
"nature_income_tax_17030_r4020_irpj_nac_nd_625606","l10n_br_reinf.nature_income_17030","R-4020","irpj","False","","625606","monthly","2023-09-01",""
"nature_income_tax_17030_r4020_pis_pasep_nac_nd_623005","l10n_br_reinf.nature_income_17030","R-4020","pis_pasep","False","","623005","monthly","2023-09-01",""
"nature_income_tax_17030_r4020_pis_pasep_nac_nd_623006","l10n_br_reinf.nature_income_17030","R-4020","pis_pasep","False","","623006","monthly","2023-09-01",""
"nature_income_tax_17031_r4020_aggregated_nac_nd_619005","l10n_br_reinf.nature_income_17031","R-4020","aggregated","False","","619005","monthly","2023-09-01",""
"nature_income_tax_17031_r4020_aggregated_nac_nd_619006","l10n_br_reinf.nature_income_17031","R-4020","aggregated","False","","619006","monthly","2023-09-01",""
"nature_income_tax_17031_r4020_cofins_nac_nd_624305","l10n_br_reinf.nature_income_17031","R-4020","cofins","False","","624305","monthly","2023-09-01",""
"nature_income_tax_17031_r4020_cofins_nac_nd_624306","l10n_br_reinf.nature_income_17031","R-4020","cofins","False","","624306","monthly","2023-09-01",""
"nature_income_tax_17031_r4020_csll_nac_nd_622805","l10n_br_reinf.nature_income_17031","R-4020","csll","False","","622805","monthly","2023-09-01",""
"nature_income_tax_17031_r4020_csll_nac_nd_622806","l10n_br_reinf.nature_income_17031","R-4020","csll","False","","622806","monthly","2023-09-01",""
"nature_income_tax_17031_r4020_irpj_nac_nd_625605","l10n_br_reinf.nature_income_17031","R-4020","irpj","False","","625605","monthly","2023-09-01",""
"nature_income_tax_17031_r4020_irpj_nac_nd_625606","l10n_br_reinf.nature_income_17031","R-4020","irpj","False","","625606","monthly","2023-09-01",""
"nature_income_tax_17031_r4020_pis_pasep_nac_nd_623005","l10n_br_reinf.nature_income_17031","R-4020","pis_pasep","False","","623005","monthly","2023-09-01",""
"nature_income_tax_17031_r4020_pis_pasep_nac_nd_623006","l10n_br_reinf.nature_income_17031","R-4020","pis_pasep","False","","623006","monthly","2023-09-01",""
"nature_income_tax_17032_r4020_aggregated_nac_nd_619005","l10n_br_reinf.nature_income_17032","R-4020","aggregated","False","","619005","monthly","2023-09-01",""
"nature_income_tax_17032_r4020_aggregated_nac_nd_619006","l10n_br_reinf.nature_income_17032","R-4020","aggregated","False","","619006","monthly","2023-09-01",""
"nature_income_tax_17032_r4020_cofins_nac_nd_624305","l10n_br_reinf.nature_income_17032","R-4020","cofins","False","","624305","monthly","2023-09-01",""
"nature_income_tax_17032_r4020_cofins_nac_nd_624306","l10n_br_reinf.nature_income_17032","R-4020","cofins","False","","624306","monthly","2023-09-01",""
"nature_income_tax_17032_r4020_csll_nac_nd_622805","l10n_br_reinf.nature_income_17032","R-4020","csll","False","","622805","monthly","2023-09-01",""
"nature_income_tax_17032_r4020_csll_nac_nd_622806","l10n_br_reinf.nature_income_17032","R-4020","csll","False","","622806","monthly","2023-09-01",""
"nature_income_tax_17032_r4020_irpj_nac_nd_625605","l10n_br_reinf.nature_income_17032","R-4020","irpj","False","","625605","monthly","2023-09-01",""
"nature_income_tax_17032_r4020_irpj_nac_nd_625606","l10n_br_reinf.nature_income_17032","R-4020","irpj","False","","625606","monthly","2023-09-01",""
"nature_income_tax_17032_r4020_pis_pasep_nac_nd_623005","l10n_br_reinf.nature_income_17032","R-4020","pis_pasep","False","","623005","monthly","2023-09-01",""
"nature_income_tax_17032_r4020_pis_pasep_nac_nd_623006","l10n_br_reinf.nature_income_17032","R-4020","pis_pasep","False","","623006","monthly","2023-09-01",""
"nature_income_tax_17033_r4020_aggregated_nac_nd_619005","l10n_br_reinf.nature_income_17033","R-4020","aggregated","False","","619005","monthly","2023-09-01",""
"nature_income_tax_17033_r4020_aggregated_nac_nd_619006","l10n_br_reinf.nature_income_17033","R-4020","aggregated","False","","619006","monthly","2023-09-01",""
"nature_income_tax_17033_r4020_cofins_nac_nd_624305","l10n_br_reinf.nature_income_17033","R-4020","cofins","False","","624305","monthly","2023-09-01",""
"nature_income_tax_17033_r4020_cofins_nac_nd_624306","l10n_br_reinf.nature_income_17033","R-4020","cofins","False","","624306","monthly","2023-09-01",""
"nature_income_tax_17033_r4020_csll_nac_nd_622805","l10n_br_reinf.nature_income_17033","R-4020","csll","False","","622805","monthly","2023-09-01",""
"nature_income_tax_17033_r4020_csll_nac_nd_622806","l10n_br_reinf.nature_income_17033","R-4020","csll","False","","622806","monthly","2023-09-01",""
"nature_income_tax_17033_r4020_irpj_nac_nd_625605","l10n_br_reinf.nature_income_17033","R-4020","irpj","False","","625605","monthly","2023-09-01",""
"nature_income_tax_17033_r4020_irpj_nac_nd_625606","l10n_br_reinf.nature_income_17033","R-4020","irpj","False","","625606","monthly","2023-09-01",""
"nature_income_tax_17033_r4020_pis_pasep_nac_nd_623005","l10n_br_reinf.nature_income_17033","R-4020","pis_pasep","False","","623005","monthly","2023-09-01",""
"nature_income_tax_17033_r4020_pis_pasep_nac_nd_623006","l10n_br_reinf.nature_income_17033","R-4020","pis_pasep","False","","623006","monthly","2023-09-01",""
"nature_income_tax_17034_r4020_aggregated_nac_nd_619005","l10n_br_reinf.nature_income_17034","R-4020","aggregated","False","","619005","monthly","2023-09-01",""
"nature_income_tax_17034_r4020_aggregated_nac_nd_619006","l10n_br_reinf.nature_income_17034","R-4020","aggregated","False","","619006","monthly","2023-09-01",""
"nature_income_tax_17034_r4020_cofins_nac_nd_624305","l10n_br_reinf.nature_income_17034","R-4020","cofins","False","","624305","monthly","2023-09-01",""
"nature_income_tax_17034_r4020_cofins_nac_nd_624306","l10n_br_reinf.nature_income_17034","R-4020","cofins","False","","624306","monthly","2023-09-01",""
"nature_income_tax_17034_r4020_csll_nac_nd_622805","l10n_br_reinf.nature_income_17034","R-4020","csll","False","","622805","monthly","2023-09-01",""
"nature_income_tax_17034_r4020_csll_nac_nd_622806","l10n_br_reinf.nature_income_17034","R-4020","csll","False","","622806","monthly","2023-09-01",""
"nature_income_tax_17034_r4020_irpj_nac_nd_625605","l10n_br_reinf.nature_income_17034","R-4020","irpj","False","","625605","monthly","2023-09-01",""
"nature_income_tax_17034_r4020_irpj_nac_nd_625606","l10n_br_reinf.nature_income_17034","R-4020","irpj","False","","625606","monthly","2023-09-01",""
"nature_income_tax_17034_r4020_pis_pasep_nac_nd_623005","l10n_br_reinf.nature_income_17034","R-4020","pis_pasep","False","","623005","monthly","2023-09-01",""
"nature_income_tax_17034_r4020_pis_pasep_nac_nd_623006","l10n_br_reinf.nature_income_17034","R-4020","pis_pasep","False","","623006","monthly","2023-09-01",""
"nature_income_tax_17035_r4020_aggregated_nac_nd_619005","l10n_br_reinf.nature_income_17035","R-4020","aggregated","False","","619005","monthly","2023-09-01",""
"nature_income_tax_17035_r4020_aggregated_nac_nd_619006","l10n_br_reinf.nature_income_17035","R-4020","aggregated","False","","619006","monthly","2023-09-01",""
"nature_income_tax_17035_r4020_cofins_nac_nd_624305","l10n_br_reinf.nature_income_17035","R-4020","cofins","False","","624305","monthly","2023-09-01",""
"nature_income_tax_17035_r4020_cofins_nac_nd_624306","l10n_br_reinf.nature_income_17035","R-4020","cofins","False","","624306","monthly","2023-09-01",""
"nature_income_tax_17035_r4020_csll_nac_nd_622805","l10n_br_reinf.nature_income_17035","R-4020","csll","False","","622805","monthly","2023-09-01",""
"nature_income_tax_17035_r4020_csll_nac_nd_622806","l10n_br_reinf.nature_income_17035","R-4020","csll","False","","622806","monthly","2023-09-01",""
"nature_income_tax_17035_r4020_irpj_nac_nd_625605","l10n_br_reinf.nature_income_17035","R-4020","irpj","False","","625605","monthly","2023-09-01",""
"nature_income_tax_17035_r4020_irpj_nac_nd_625606","l10n_br_reinf.nature_income_17035","R-4020","irpj","False","","625606","monthly","2023-09-01",""
"nature_income_tax_17035_r4020_pis_pasep_nac_nd_623005","l10n_br_reinf.nature_income_17035","R-4020","pis_pasep","False","","623005","monthly","2023-09-01",""
"nature_income_tax_17035_r4020_pis_pasep_nac_nd_623006","l10n_br_reinf.nature_income_17035","R-4020","pis_pasep","False","","623006","monthly","2023-09-01",""
"nature_income_tax_17036_r4020_aggregated_nac_nd_619005","l10n_br_reinf.nature_income_17036","R-4020","aggregated","False","","619005","monthly","2023-09-01",""
"nature_income_tax_17036_r4020_aggregated_nac_nd_619006","l10n_br_reinf.nature_income_17036","R-4020","aggregated","False","","619006","monthly","2023-09-01",""
"nature_income_tax_17036_r4020_cofins_nac_nd_624305","l10n_br_reinf.nature_income_17036","R-4020","cofins","False","","624305","monthly","2023-09-01",""
"nature_income_tax_17036_r4020_cofins_nac_nd_624306","l10n_br_reinf.nature_income_17036","R-4020","cofins","False","","624306","monthly","2023-09-01",""
"nature_income_tax_17036_r4020_csll_nac_nd_622805","l10n_br_reinf.nature_income_17036","R-4020","csll","False","","622805","monthly","2023-09-01",""
"nature_income_tax_17036_r4020_csll_nac_nd_622806","l10n_br_reinf.nature_income_17036","R-4020","csll","False","","622806","monthly","2023-09-01",""
"nature_income_tax_17036_r4020_irpj_nac_nd_625605","l10n_br_reinf.nature_income_17036","R-4020","irpj","False","","625605","monthly","2023-09-01",""
"nature_income_tax_17036_r4020_irpj_nac_nd_625606","l10n_br_reinf.nature_income_17036","R-4020","irpj","False","","625606","monthly","2023-09-01",""
"nature_income_tax_17036_r4020_pis_pasep_nac_nd_623005","l10n_br_reinf.nature_income_17036","R-4020","pis_pasep","False","","623005","monthly","2023-09-01",""
"nature_income_tax_17036_r4020_pis_pasep_nac_nd_623006","l10n_br_reinf.nature_income_17036","R-4020","pis_pasep","False","","623006","monthly","2023-09-01",""
"nature_income_tax_17037_r4020_aggregated_nac_nd_619005","l10n_br_reinf.nature_income_17037","R-4020","aggregated","False","","619005","monthly","2023-09-01",""
"nature_income_tax_17037_r4020_aggregated_nac_nd_619006","l10n_br_reinf.nature_income_17037","R-4020","aggregated","False","","619006","monthly","2023-09-01",""
"nature_income_tax_17037_r4020_cofins_nac_nd_624305","l10n_br_reinf.nature_income_17037","R-4020","cofins","False","","624305","monthly","2023-09-01",""
"nature_income_tax_17037_r4020_cofins_nac_nd_624306","l10n_br_reinf.nature_income_17037","R-4020","cofins","False","","624306","monthly","2023-09-01",""
"nature_income_tax_17037_r4020_csll_nac_nd_622805","l10n_br_reinf.nature_income_17037","R-4020","csll","False","","622805","monthly","2023-09-01",""
"nature_income_tax_17037_r4020_csll_nac_nd_622806","l10n_br_reinf.nature_income_17037","R-4020","csll","False","","622806","monthly","2023-09-01",""
"nature_income_tax_17037_r4020_irpj_nac_nd_625605","l10n_br_reinf.nature_income_17037","R-4020","irpj","False","","625605","monthly","2023-09-01",""
"nature_income_tax_17037_r4020_irpj_nac_nd_625606","l10n_br_reinf.nature_income_17037","R-4020","irpj","False","","625606","monthly","2023-09-01",""
"nature_income_tax_17037_r4020_pis_pasep_nac_nd_623005","l10n_br_reinf.nature_income_17037","R-4020","pis_pasep","False","","623005","monthly","2023-09-01",""
"nature_income_tax_17037_r4020_pis_pasep_nac_nd_623006","l10n_br_reinf.nature_income_17037","R-4020","pis_pasep","False","","623006","monthly","2023-09-01",""
"nature_income_tax_17038_r4020_aggregated_nac_nd_886305","l10n_br_reinf.nature_income_17038","R-4020","aggregated","False","","886305","monthly","2023-09-01",""
"nature_income_tax_17038_r4020_aggregated_nac_nd_886306","l10n_br_reinf.nature_income_17038","R-4020","aggregated","False","","886306","monthly","2023-09-01",""
"nature_income_tax_17038_r4020_cofins_nac_nd_624305","l10n_br_reinf.nature_income_17038","R-4020","cofins","False","","624305","monthly","2023-09-01",""
"nature_income_tax_17038_r4020_cofins_nac_nd_624306","l10n_br_reinf.nature_income_17038","R-4020","cofins","False","","624306","monthly","2023-09-01",""
"nature_income_tax_17038_r4020_csll_nac_nd_622805","l10n_br_reinf.nature_income_17038","R-4020","csll","False","","622805","monthly","2023-09-01",""
"nature_income_tax_17038_r4020_csll_nac_nd_622806","l10n_br_reinf.nature_income_17038","R-4020","csll","False","","622806","monthly","2023-09-01",""
"nature_income_tax_17038_r4020_pis_pasep_nac_nd_623005","l10n_br_reinf.nature_income_17038","R-4020","pis_pasep","False","","623005","monthly","2023-09-01",""
"nature_income_tax_17038_r4020_pis_pasep_nac_nd_623006","l10n_br_reinf.nature_income_17038","R-4020","pis_pasep","False","","623006","monthly","2023-09-01",""
"nature_income_tax_17040_r4020_aggregated_nac_nd_614705","l10n_br_reinf.nature_income_17040","R-4020","aggregated","False","","614705","monthly","2023-09-01",""
"nature_income_tax_17040_r4020_aggregated_nac_nd_614706","l10n_br_reinf.nature_income_17040","R-4020","aggregated","False","","614706","monthly","2023-09-01",""
"nature_income_tax_17040_r4020_cofins_nac_nd_624305","l10n_br_reinf.nature_income_17040","R-4020","cofins","False","","624305","monthly","2023-09-01",""
"nature_income_tax_17040_r4020_cofins_nac_nd_624306","l10n_br_reinf.nature_income_17040","R-4020","cofins","False","","624306","monthly","2023-09-01",""
"nature_income_tax_17040_r4020_csll_nac_nd_622805","l10n_br_reinf.nature_income_17040","R-4020","csll","False","","622805","monthly","2023-09-01",""
"nature_income_tax_17040_r4020_csll_nac_nd_622806","l10n_br_reinf.nature_income_17040","R-4020","csll","False","","622806","monthly","2023-09-01",""
"nature_income_tax_17040_r4020_irpj_nac_nd_625605","l10n_br_reinf.nature_income_17040","R-4020","irpj","False","","625605","monthly","2023-09-01",""
"nature_income_tax_17040_r4020_irpj_nac_nd_625606","l10n_br_reinf.nature_income_17040","R-4020","irpj","False","","625606","monthly","2023-09-01",""
"nature_income_tax_17040_r4020_pis_pasep_nac_nd_623005","l10n_br_reinf.nature_income_17040","R-4020","pis_pasep","False","","623005","monthly","2023-09-01",""
"nature_income_tax_17040_r4020_pis_pasep_nac_nd_623006","l10n_br_reinf.nature_income_17040","R-4020","pis_pasep","False","","623006","monthly","2023-09-01",""
"nature_income_tax_17041_r4020_aggregated_nac_nd_619005","l10n_br_reinf.nature_income_17041","R-4020","aggregated","False","","619005","monthly","2023-09-01",""
"nature_income_tax_17041_r4020_aggregated_nac_nd_619006","l10n_br_reinf.nature_income_17041","R-4020","aggregated","False","","619006","monthly","2023-09-01",""
"nature_income_tax_17041_r4020_cofins_nac_nd_624305","l10n_br_reinf.nature_income_17041","R-4020","cofins","False","","624305","monthly","2023-09-01",""
"nature_income_tax_17041_r4020_cofins_nac_nd_624306","l10n_br_reinf.nature_income_17041","R-4020","cofins","False","","624306","monthly","2023-09-01",""
"nature_income_tax_17041_r4020_csll_nac_nd_622805","l10n_br_reinf.nature_income_17041","R-4020","csll","False","","622805","monthly","2023-09-01",""
"nature_income_tax_17041_r4020_csll_nac_nd_622806","l10n_br_reinf.nature_income_17041","R-4020","csll","False","","622806","monthly","2023-09-01",""
"nature_income_tax_17041_r4020_irpj_nac_nd_625605","l10n_br_reinf.nature_income_17041","R-4020","irpj","False","","625605","monthly","2023-09-01",""
"nature_income_tax_17041_r4020_irpj_nac_nd_625606","l10n_br_reinf.nature_income_17041","R-4020","irpj","False","","625606","monthly","2023-09-01",""
"nature_income_tax_17041_r4020_pis_pasep_nac_nd_623005","l10n_br_reinf.nature_income_17041","R-4020","pis_pasep","False","","623005","monthly","2023-09-01",""
"nature_income_tax_17041_r4020_pis_pasep_nac_nd_623006","l10n_br_reinf.nature_income_17041","R-4020","pis_pasep","False","","623006","monthly","2023-09-01",""
"nature_income_tax_17042_r4020_aggregated_nac_nd_619005","l10n_br_reinf.nature_income_17042","R-4020","aggregated","False","","619005","monthly","2023-09-01",""
"nature_income_tax_17042_r4020_aggregated_nac_nd_619006","l10n_br_reinf.nature_income_17042","R-4020","aggregated","False","","619006","monthly","2023-09-01",""
"nature_income_tax_17042_r4020_cofins_nac_nd_624305","l10n_br_reinf.nature_income_17042","R-4020","cofins","False","","624305","monthly","2023-09-01",""
"nature_income_tax_17042_r4020_cofins_nac_nd_624306","l10n_br_reinf.nature_income_17042","R-4020","cofins","False","","624306","monthly","2023-09-01",""
"nature_income_tax_17042_r4020_csll_nac_nd_622805","l10n_br_reinf.nature_income_17042","R-4020","csll","False","","622805","monthly","2023-09-01",""
"nature_income_tax_17042_r4020_csll_nac_nd_622806","l10n_br_reinf.nature_income_17042","R-4020","csll","False","","622806","monthly","2023-09-01",""
"nature_income_tax_17042_r4020_irpj_nac_nd_625605","l10n_br_reinf.nature_income_17042","R-4020","irpj","False","","625605","monthly","2023-09-01",""
"nature_income_tax_17042_r4020_irpj_nac_nd_625606","l10n_br_reinf.nature_income_17042","R-4020","irpj","False","","625606","monthly","2023-09-01",""
"nature_income_tax_17042_r4020_pis_pasep_nac_nd_623005","l10n_br_reinf.nature_income_17042","R-4020","pis_pasep","False","","623005","monthly","2023-09-01",""
"nature_income_tax_17042_r4020_pis_pasep_nac_nd_623006","l10n_br_reinf.nature_income_17042","R-4020","pis_pasep","False","","623006","monthly","2023-09-01",""
"nature_income_tax_17043_r4020_aggregated_nac_nd_614705","l10n_br_reinf.nature_income_17043","R-4020","aggregated","False","","614705","monthly","2023-09-01",""
"nature_income_tax_17043_r4020_aggregated_nac_nd_614706","l10n_br_reinf.nature_income_17043","R-4020","aggregated","False","","614706","monthly","2023-09-01",""
"nature_income_tax_17043_r4020_cofins_nac_nd_624305","l10n_br_reinf.nature_income_17043","R-4020","cofins","False","","624305","monthly","2023-09-01",""
"nature_income_tax_17043_r4020_cofins_nac_nd_624306","l10n_br_reinf.nature_income_17043","R-4020","cofins","False","","624306","monthly","2023-09-01",""
"nature_income_tax_17043_r4020_csll_nac_nd_622805","l10n_br_reinf.nature_income_17043","R-4020","csll","False","","622805","monthly","2023-09-01",""
"nature_income_tax_17043_r4020_csll_nac_nd_622806","l10n_br_reinf.nature_income_17043","R-4020","csll","False","","622806","monthly","2023-09-01",""
"nature_income_tax_17043_r4020_irpj_nac_nd_625605","l10n_br_reinf.nature_income_17043","R-4020","irpj","False","","625605","monthly","2023-09-01",""
"nature_income_tax_17043_r4020_irpj_nac_nd_625606","l10n_br_reinf.nature_income_17043","R-4020","irpj","False","","625606","monthly","2023-09-01",""
"nature_income_tax_17043_r4020_pis_pasep_nac_nd_623005","l10n_br_reinf.nature_income_17043","R-4020","pis_pasep","False","","623005","monthly","2023-09-01",""
"nature_income_tax_17043_r4020_pis_pasep_nac_nd_623006","l10n_br_reinf.nature_income_17043","R-4020","pis_pasep","False","","623006","monthly","2023-09-01",""
"nature_income_tax_17044_r4020_cofins_nac_nd_624305","l10n_br_reinf.nature_income_17044","R-4020","cofins","False","","624305","monthly","2023-09-01",""
"nature_income_tax_17044_r4020_cofins_nac_nd_624306","l10n_br_reinf.nature_income_17044","R-4020","cofins","False","","624306","monthly","2023-09-01",""
"nature_income_tax_17044_r4020_csll_nac_nd_622805","l10n_br_reinf.nature_income_17044","R-4020","csll","False","","622805","monthly","2023-09-01",""
"nature_income_tax_17044_r4020_csll_nac_nd_622806","l10n_br_reinf.nature_income_17044","R-4020","csll","False","","622806","monthly","2023-09-01",""
"nature_income_tax_17044_r4020_pis_pasep_nac_nd_623005","l10n_br_reinf.nature_income_17044","R-4020","pis_pasep","False","","623005","monthly","2023-09-01",""
"nature_income_tax_17044_r4020_pis_pasep_nac_nd_623006","l10n_br_reinf.nature_income_17044","R-4020","pis_pasep","False","","623006","monthly","2023-09-01",""
"nature_income_tax_17045_r4020_csll_nac_nd_622805","l10n_br_reinf.nature_income_17045","R-4020","csll","False","","622805","monthly","2023-09-01",""
"nature_income_tax_17045_r4020_csll_nac_nd_622806","l10n_br_reinf.nature_income_17045","R-4020","csll","False","","622806","monthly","2023-09-01",""
"nature_income_tax_17045_r4020_irpj_nac_nd_328006","l10n_br_reinf.nature_income_17045","R-4020","irpj","False","","328006","monthly","2023-09-01",""
"nature_income_tax_17045_r4020_irpj_nac_nd_328006_v2","l10n_br_reinf.nature_income_17045","R-4020","irpj","False","","328006","monthly","2023-09-01",""
"nature_income_tax_17046_r4020_aggregated_nac_nd_614705","l10n_br_reinf.nature_income_17046","R-4020","aggregated","False","","614705","monthly","2023-09-01",""
"nature_income_tax_17046_r4020_aggregated_nac_nd_614706","l10n_br_reinf.nature_income_17046","R-4020","aggregated","False","","614706","monthly","2023-09-01",""
"nature_income_tax_17046_r4020_cofins_nac_nd_624305","l10n_br_reinf.nature_income_17046","R-4020","cofins","False","","624305","monthly","2023-09-01",""
"nature_income_tax_17046_r4020_cofins_nac_nd_624306","l10n_br_reinf.nature_income_17046","R-4020","cofins","False","","624306","monthly","2023-09-01",""
"nature_income_tax_17046_r4020_csll_nac_nd_622805","l10n_br_reinf.nature_income_17046","R-4020","csll","False","","622805","monthly","2023-09-01",""
"nature_income_tax_17046_r4020_csll_nac_nd_622806","l10n_br_reinf.nature_income_17046","R-4020","csll","False","","622806","monthly","2023-09-01",""
"nature_income_tax_17046_r4020_irpj_nac_nd_625605","l10n_br_reinf.nature_income_17046","R-4020","irpj","False","","625605","monthly","2023-09-01",""
"nature_income_tax_17046_r4020_irpj_nac_nd_625606","l10n_br_reinf.nature_income_17046","R-4020","irpj","False","","625606","monthly","2023-09-01",""
"nature_income_tax_17046_r4020_pis_pasep_nac_nd_623005","l10n_br_reinf.nature_income_17046","R-4020","pis_pasep","False","","623005","monthly","2023-09-01",""
"nature_income_tax_17046_r4020_pis_pasep_nac_nd_623006","l10n_br_reinf.nature_income_17046","R-4020","pis_pasep","False","","623006","monthly","2023-09-01",""
"nature_income_tax_17047_r4020_aggregated_nac_nd_876705","l10n_br_reinf.nature_income_17047","R-4020","aggregated","False","","876705","monthly","2023-09-01",""
"nature_income_tax_17047_r4020_aggregated_nac_nd_876706","l10n_br_reinf.nature_income_17047","R-4020","aggregated","False","","876706","monthly","2023-09-01",""
"nature_income_tax_17047_r4020_csll_nac_nd_622805","l10n_br_reinf.nature_income_17047","R-4020","csll","False","","622805","monthly","2023-09-01",""
"nature_income_tax_17047_r4020_csll_nac_nd_622806","l10n_br_reinf.nature_income_17047","R-4020","csll","False","","622806","monthly","2023-09-01",""
"nature_income_tax_17047_r4020_irpj_nac_nd_625605","l10n_br_reinf.nature_income_17047","R-4020","irpj","False","","625605","monthly","2023-09-01",""
"nature_income_tax_17047_r4020_irpj_nac_nd_625606","l10n_br_reinf.nature_income_17047","R-4020","irpj","False","","625606","monthly","2023-09-01",""
"nature_income_tax_17048_r4020_cofins_nac_nd_624305","l10n_br_reinf.nature_income_17048","R-4020","cofins","False","","624305","monthly","2023-09-01",""
"nature_income_tax_17048_r4020_cofins_nac_nd_624306","l10n_br_reinf.nature_income_17048","R-4020","cofins","False","","624306","monthly","2023-09-01",""
"nature_income_tax_17048_r4020_csll_nac_nd_622805","l10n_br_reinf.nature_income_17048","R-4020","csll","False","","622805","monthly","2023-09-01",""
"nature_income_tax_17048_r4020_csll_nac_nd_622806","l10n_br_reinf.nature_income_17048","R-4020","csll","False","","622806","monthly","2023-09-01",""
"nature_income_tax_17048_r4020_pis_pasep_nac_nd_623005","l10n_br_reinf.nature_income_17048","R-4020","pis_pasep","False","","623005","monthly","2023-09-01",""
"nature_income_tax_17048_r4020_pis_pasep_nac_nd_623006","l10n_br_reinf.nature_income_17048","R-4020","pis_pasep","False","","623006","monthly","2023-09-01",""
"nature_income_tax_17049_r4020_cofins_nac_nd_624305","l10n_br_reinf.nature_income_17049","R-4020","cofins","False","","624305","monthly","2023-09-01",""
"nature_income_tax_17049_r4020_cofins_nac_nd_624306","l10n_br_reinf.nature_income_17049","R-4020","cofins","False","","624306","monthly","2023-09-01",""
"nature_income_tax_17049_r4020_csll_nac_nd_622805","l10n_br_reinf.nature_income_17049","R-4020","csll","False","","622805","monthly","2023-09-01",""
"nature_income_tax_17049_r4020_csll_nac_nd_622806","l10n_br_reinf.nature_income_17049","R-4020","csll","False","","622806","monthly","2023-09-01",""
"nature_income_tax_17049_r4020_irpj_nac_nd_804506","l10n_br_reinf.nature_income_17049","R-4020","irpj","False","","804506","monthly","2023-09-01",""
"nature_income_tax_17049_r4020_irpj_nac_nd_804506_v2","l10n_br_reinf.nature_income_17049","R-4020","irpj","False","","804506","monthly","2023-09-01",""
"nature_income_tax_17049_r4020_pis_pasep_nac_nd_623005","l10n_br_reinf.nature_income_17049","R-4020","pis_pasep","False","","623005","monthly","2023-09-01",""
"nature_income_tax_17049_r4020_pis_pasep_nac_nd_623006","l10n_br_reinf.nature_income_17049","R-4020","pis_pasep","False","","623006","monthly","2023-09-01",""
"nature_income_tax_17050_r4020_aggregated_nac_nd_619005","l10n_br_reinf.nature_income_17050","R-4020","aggregated","False","","619005","monthly","2023-09-01",""
"nature_income_tax_17050_r4020_aggregated_nac_nd_619006","l10n_br_reinf.nature_income_17050","R-4020","aggregated","False","","619006","monthly","2023-09-01",""
"nature_income_tax_17050_r4020_cofins_nac_nd_624305","l10n_br_reinf.nature_income_17050","R-4020","cofins","False","","624305","monthly","2023-09-01",""
"nature_income_tax_17050_r4020_cofins_nac_nd_624306","l10n_br_reinf.nature_income_17050","R-4020","cofins","False","","624306","monthly","2023-09-01",""
"nature_income_tax_17050_r4020_csll_nac_nd_622805","l10n_br_reinf.nature_income_17050","R-4020","csll","False","","622805","monthly","2023-09-01",""
"nature_income_tax_17050_r4020_csll_nac_nd_622806","l10n_br_reinf.nature_income_17050","R-4020","csll","False","","622806","monthly","2023-09-01",""
"nature_income_tax_17050_r4020_irpj_nac_nd_625605","l10n_br_reinf.nature_income_17050","R-4020","irpj","False","","625605","monthly","2023-09-01",""
"nature_income_tax_17050_r4020_irpj_nac_nd_625606","l10n_br_reinf.nature_income_17050","R-4020","irpj","False","","625606","monthly","2023-09-01",""
"nature_income_tax_17050_r4020_pis_pasep_nac_nd_623005","l10n_br_reinf.nature_income_17050","R-4020","pis_pasep","False","","623005","monthly","2023-09-01",""
"nature_income_tax_17050_r4020_pis_pasep_nac_nd_623006","l10n_br_reinf.nature_income_17050","R-4020","pis_pasep","False","","623006","monthly","2023-09-01",""
"nature_income_tax_17099_r4020_aggregated_nac_nd_619005","l10n_br_reinf.nature_income_17099","R-4020","aggregated","False","","619005","monthly","2023-09-01",""
"nature_income_tax_17099_r4020_aggregated_nac_nd_619006","l10n_br_reinf.nature_income_17099","R-4020","aggregated","False","","619006","monthly","2023-09-01",""
"nature_income_tax_17099_r4020_cofins_nac_nd_624305","l10n_br_reinf.nature_income_17099","R-4020","cofins","False","","624305","monthly","2023-09-01",""
"nature_income_tax_17099_r4020_cofins_nac_nd_624306","l10n_br_reinf.nature_income_17099","R-4020","cofins","False","","624306","monthly","2023-09-01",""
"nature_income_tax_17099_r4020_csll_nac_nd_622805","l10n_br_reinf.nature_income_17099","R-4020","csll","False","","622805","monthly","2023-09-01",""
"nature_income_tax_17099_r4020_csll_nac_nd_622806","l10n_br_reinf.nature_income_17099","R-4020","csll","False","","622806","monthly","2023-09-01",""
"nature_income_tax_17099_r4020_irpj_nac_nd_625605","l10n_br_reinf.nature_income_17099","R-4020","irpj","False","","625605","monthly","2023-09-01",""
"nature_income_tax_17099_r4020_irpj_nac_nd_625606","l10n_br_reinf.nature_income_17099","R-4020","irpj","False","","625606","monthly","2023-09-01",""
"nature_income_tax_17099_r4020_pis_pasep_nac_nd_623005","l10n_br_reinf.nature_income_17099","R-4020","pis_pasep","False","","623005","monthly","2023-09-01",""
"nature_income_tax_17099_r4020_pis_pasep_nac_nd_623006","l10n_br_reinf.nature_income_17099","R-4020","pis_pasep","False","","623006","monthly","2023-09-01",""
"nature_income_tax_17501_r4020_aggregated_nac_nd_006703","l10n_br_reinf.nature_income_17501","R-4020","aggregated","False","","006703","monthly","2025-08-01",""
"nature_income_tax_17501_r4020_aggregated_nac_nd_006706","l10n_br_reinf.nature_income_17501","R-4020","aggregated","False","","006706","monthly","2025-08-01",""
"nature_income_tax_17501_r4020_cofins_nac_nd_640401","l10n_br_reinf.nature_income_17501","R-4020","cofins","False","","640401","monthly","2025-08-01",""
"nature_income_tax_17501_r4020_cofins_nac_nd_640401_v2","l10n_br_reinf.nature_income_17501","R-4020","cofins","False","","640401","monthly","2025-08-01",""
"nature_income_tax_17501_r4020_csll_nac_nd_639401","l10n_br_reinf.nature_income_17501","R-4020","csll","False","","639401","monthly","2025-08-01",""
"nature_income_tax_17501_r4020_csll_nac_nd_639401_v2","l10n_br_reinf.nature_income_17501","R-4020","csll","False","","639401","monthly","2025-08-01",""
"nature_income_tax_17501_r4020_irpj_nac_nd_638801","l10n_br_reinf.nature_income_17501","R-4020","irpj","False","","638801","monthly","2025-08-01",""
"nature_income_tax_17501_r4020_irpj_nac_nd_638801_v2","l10n_br_reinf.nature_income_17501","R-4020","irpj","False","","638801","monthly","2025-08-01",""
"nature_income_tax_17501_r4020_pis_pasep_nac_nd_312101","l10n_br_reinf.nature_income_17501","R-4020","pis_pasep","False","","312101","monthly","2025-08-01",""
"nature_income_tax_17501_r4020_pis_pasep_nac_nd_312101_v2","l10n_br_reinf.nature_income_17501","R-4020","pis_pasep","False","","312101","monthly","2025-08-01",""
"nature_income_tax_17502_r4020_aggregated_nac_nd_006703","l10n_br_reinf.nature_income_17502","R-4020","aggregated","False","","006703","monthly","2025-08-01",""
"nature_income_tax_17502_r4020_aggregated_nac_nd_006706","l10n_br_reinf.nature_income_17502","R-4020","aggregated","False","","006706","monthly","2025-08-01",""
"nature_income_tax_17502_r4020_cofins_nac_nd_640401","l10n_br_reinf.nature_income_17502","R-4020","cofins","False","","640401","monthly","2025-08-01",""
"nature_income_tax_17502_r4020_cofins_nac_nd_640401_v2","l10n_br_reinf.nature_income_17502","R-4020","cofins","False","","640401","monthly","2025-08-01",""
"nature_income_tax_17502_r4020_csll_nac_nd_639401","l10n_br_reinf.nature_income_17502","R-4020","csll","False","","639401","monthly","2025-08-01",""
"nature_income_tax_17502_r4020_csll_nac_nd_639401_v2","l10n_br_reinf.nature_income_17502","R-4020","csll","False","","639401","monthly","2025-08-01",""
"nature_income_tax_17502_r4020_irpj_nac_nd_638801","l10n_br_reinf.nature_income_17502","R-4020","irpj","False","","638801","monthly","2025-08-01",""
"nature_income_tax_17502_r4020_irpj_nac_nd_638801_v2","l10n_br_reinf.nature_income_17502","R-4020","irpj","False","","638801","monthly","2025-08-01",""
"nature_income_tax_17502_r4020_pis_pasep_nac_nd_312101","l10n_br_reinf.nature_income_17502","R-4020","pis_pasep","False","","312101","monthly","2025-08-01",""
"nature_income_tax_17502_r4020_pis_pasep_nac_nd_312101_v2","l10n_br_reinf.nature_income_17502","R-4020","pis_pasep","False","","312101","monthly","2025-08-01",""
"nature_income_tax_17503_r4020_aggregated_nac_nd_006703","l10n_br_reinf.nature_income_17503","R-4020","aggregated","False","","006703","monthly","2025-08-01",""
"nature_income_tax_17503_r4020_aggregated_nac_nd_006706","l10n_br_reinf.nature_income_17503","R-4020","aggregated","False","","006706","monthly","2025-08-01",""
"nature_income_tax_17503_r4020_cofins_nac_nd_640401","l10n_br_reinf.nature_income_17503","R-4020","cofins","False","","640401","monthly","2025-08-01",""
"nature_income_tax_17503_r4020_cofins_nac_nd_640401_v2","l10n_br_reinf.nature_income_17503","R-4020","cofins","False","","640401","monthly","2025-08-01",""
"nature_income_tax_17503_r4020_csll_nac_nd_639401","l10n_br_reinf.nature_income_17503","R-4020","csll","False","","639401","monthly","2025-08-01",""
"nature_income_tax_17503_r4020_csll_nac_nd_639401_v2","l10n_br_reinf.nature_income_17503","R-4020","csll","False","","639401","monthly","2025-08-01",""
"nature_income_tax_17503_r4020_irpj_nac_nd_638801","l10n_br_reinf.nature_income_17503","R-4020","irpj","False","","638801","monthly","2025-08-01",""
"nature_income_tax_17503_r4020_irpj_nac_nd_638801_v2","l10n_br_reinf.nature_income_17503","R-4020","irpj","False","","638801","monthly","2025-08-01",""
"nature_income_tax_17503_r4020_pis_pasep_nac_nd_312101","l10n_br_reinf.nature_income_17503","R-4020","pis_pasep","False","","312101","monthly","2025-08-01",""
"nature_income_tax_17503_r4020_pis_pasep_nac_nd_312101_v2","l10n_br_reinf.nature_income_17503","R-4020","pis_pasep","False","","312101","monthly","2025-08-01",""
"nature_income_tax_17504_r4020_aggregated_nac_nd_006703","l10n_br_reinf.nature_income_17504","R-4020","aggregated","False","","006703","monthly","2025-08-01",""
"nature_income_tax_17504_r4020_aggregated_nac_nd_006706","l10n_br_reinf.nature_income_17504","R-4020","aggregated","False","","006706","monthly","2025-08-01",""
"nature_income_tax_17504_r4020_cofins_nac_nd_640401","l10n_br_reinf.nature_income_17504","R-4020","cofins","False","","640401","monthly","2025-08-01",""
"nature_income_tax_17504_r4020_cofins_nac_nd_640401_v2","l10n_br_reinf.nature_income_17504","R-4020","cofins","False","","640401","monthly","2025-08-01",""
"nature_income_tax_17504_r4020_csll_nac_nd_639401","l10n_br_reinf.nature_income_17504","R-4020","csll","False","","639401","monthly","2025-08-01",""
"nature_income_tax_17504_r4020_csll_nac_nd_639401_v2","l10n_br_reinf.nature_income_17504","R-4020","csll","False","","639401","monthly","2025-08-01",""
"nature_income_tax_17504_r4020_irpj_nac_nd_638801","l10n_br_reinf.nature_income_17504","R-4020","irpj","False","","638801","monthly","2025-08-01",""
"nature_income_tax_17504_r4020_irpj_nac_nd_638801_v2","l10n_br_reinf.nature_income_17504","R-4020","irpj","False","","638801","monthly","2025-08-01",""
"nature_income_tax_17504_r4020_pis_pasep_nac_nd_312101","l10n_br_reinf.nature_income_17504","R-4020","pis_pasep","False","","312101","monthly","2025-08-01",""
"nature_income_tax_17504_r4020_pis_pasep_nac_nd_312101_v2","l10n_br_reinf.nature_income_17504","R-4020","pis_pasep","False","","312101","monthly","2025-08-01",""
"nature_income_tax_17505_r4020_aggregated_nac_nd_006703","l10n_br_reinf.nature_income_17505","R-4020","aggregated","False","","006703","monthly","2025-08-01",""
"nature_income_tax_17505_r4020_aggregated_nac_nd_006706","l10n_br_reinf.nature_income_17505","R-4020","aggregated","False","","006706","monthly","2025-08-01",""
"nature_income_tax_17505_r4020_cofins_nac_nd_640401","l10n_br_reinf.nature_income_17505","R-4020","cofins","False","","640401","monthly","2025-08-01",""
"nature_income_tax_17505_r4020_cofins_nac_nd_640401_v2","l10n_br_reinf.nature_income_17505","R-4020","cofins","False","","640401","monthly","2025-08-01",""
"nature_income_tax_17505_r4020_csll_nac_nd_639401","l10n_br_reinf.nature_income_17505","R-4020","csll","False","","639401","monthly","2025-08-01",""
"nature_income_tax_17505_r4020_csll_nac_nd_639401_v2","l10n_br_reinf.nature_income_17505","R-4020","csll","False","","639401","monthly","2025-08-01",""
"nature_income_tax_17505_r4020_irpj_nac_nd_638801","l10n_br_reinf.nature_income_17505","R-4020","irpj","False","","638801","monthly","2025-08-01",""
"nature_income_tax_17505_r4020_irpj_nac_nd_638801_v2","l10n_br_reinf.nature_income_17505","R-4020","irpj","False","","638801","monthly","2025-08-01",""
"nature_income_tax_17505_r4020_pis_pasep_nac_nd_312101","l10n_br_reinf.nature_income_17505","R-4020","pis_pasep","False","","312101","monthly","2025-08-01",""
"nature_income_tax_17505_r4020_pis_pasep_nac_nd_312101_v2","l10n_br_reinf.nature_income_17505","R-4020","pis_pasep","False","","312101","monthly","2025-08-01",""
"nature_income_tax_17506_r4020_aggregated_nac_nd_006703","l10n_br_reinf.nature_income_17506","R-4020","aggregated","False","","006703","monthly","2025-08-01",""
"nature_income_tax_17506_r4020_aggregated_nac_nd_006706","l10n_br_reinf.nature_income_17506","R-4020","aggregated","False","","006706","monthly","2025-08-01",""
"nature_income_tax_17506_r4020_cofins_nac_nd_640401","l10n_br_reinf.nature_income_17506","R-4020","cofins","False","","640401","monthly","2025-08-01",""
"nature_income_tax_17506_r4020_cofins_nac_nd_640401_v2","l10n_br_reinf.nature_income_17506","R-4020","cofins","False","","640401","monthly","2025-08-01",""
"nature_income_tax_17506_r4020_csll_nac_nd_639401","l10n_br_reinf.nature_income_17506","R-4020","csll","False","","639401","monthly","2025-08-01",""
"nature_income_tax_17506_r4020_csll_nac_nd_639401_v2","l10n_br_reinf.nature_income_17506","R-4020","csll","False","","639401","monthly","2025-08-01",""
"nature_income_tax_17506_r4020_irpj_nac_nd_638801","l10n_br_reinf.nature_income_17506","R-4020","irpj","False","","638801","monthly","2025-08-01",""
"nature_income_tax_17506_r4020_irpj_nac_nd_638801_v2","l10n_br_reinf.nature_income_17506","R-4020","irpj","False","","638801","monthly","2025-08-01",""
"nature_income_tax_17506_r4020_pis_pasep_nac_nd_312101","l10n_br_reinf.nature_income_17506","R-4020","pis_pasep","False","","312101","monthly","2025-08-01",""
"nature_income_tax_17506_r4020_pis_pasep_nac_nd_312101_v2","l10n_br_reinf.nature_income_17506","R-4020","pis_pasep","False","","312101","monthly","2025-08-01",""
"nature_income_tax_17507_r4020_aggregated_nac_nd_006703","l10n_br_reinf.nature_income_17507","R-4020","aggregated","False","","006703","monthly","2025-08-01",""
"nature_income_tax_17507_r4020_aggregated_nac_nd_006706","l10n_br_reinf.nature_income_17507","R-4020","aggregated","False","","006706","monthly","2025-08-01",""
"nature_income_tax_17507_r4020_cofins_nac_nd_640401","l10n_br_reinf.nature_income_17507","R-4020","cofins","False","","640401","monthly","2025-08-01",""
"nature_income_tax_17507_r4020_cofins_nac_nd_640401_v2","l10n_br_reinf.nature_income_17507","R-4020","cofins","False","","640401","monthly","2025-08-01",""
"nature_income_tax_17507_r4020_csll_nac_nd_639401","l10n_br_reinf.nature_income_17507","R-4020","csll","False","","639401","monthly","2025-08-01",""
"nature_income_tax_17507_r4020_csll_nac_nd_639401_v2","l10n_br_reinf.nature_income_17507","R-4020","csll","False","","639401","monthly","2025-08-01",""
"nature_income_tax_17507_r4020_irpj_nac_nd_638801","l10n_br_reinf.nature_income_17507","R-4020","irpj","False","","638801","monthly","2025-08-01",""
"nature_income_tax_17507_r4020_irpj_nac_nd_638801_v2","l10n_br_reinf.nature_income_17507","R-4020","irpj","False","","638801","monthly","2025-08-01",""
"nature_income_tax_17507_r4020_pis_pasep_nac_nd_312101","l10n_br_reinf.nature_income_17507","R-4020","pis_pasep","False","","312101","monthly","2025-08-01",""
"nature_income_tax_17507_r4020_pis_pasep_nac_nd_312101_v2","l10n_br_reinf.nature_income_17507","R-4020","pis_pasep","False","","312101","monthly","2025-08-01",""
"nature_income_tax_17508_r4020_aggregated_nac_nd_006703","l10n_br_reinf.nature_income_17508","R-4020","aggregated","False","","006703","monthly","2025-08-01",""
"nature_income_tax_17508_r4020_aggregated_nac_nd_006706","l10n_br_reinf.nature_income_17508","R-4020","aggregated","False","","006706","monthly","2025-08-01",""
"nature_income_tax_17508_r4020_cofins_nac_nd_640401","l10n_br_reinf.nature_income_17508","R-4020","cofins","False","","640401","monthly","2025-08-01",""
"nature_income_tax_17508_r4020_cofins_nac_nd_640401_v2","l10n_br_reinf.nature_income_17508","R-4020","cofins","False","","640401","monthly","2025-08-01",""
"nature_income_tax_17508_r4020_csll_nac_nd_639401","l10n_br_reinf.nature_income_17508","R-4020","csll","False","","639401","monthly","2025-08-01",""
"nature_income_tax_17508_r4020_csll_nac_nd_639401_v2","l10n_br_reinf.nature_income_17508","R-4020","csll","False","","639401","monthly","2025-08-01",""
"nature_income_tax_17508_r4020_irpj_nac_nd_638801","l10n_br_reinf.nature_income_17508","R-4020","irpj","False","","638801","monthly","2025-08-01",""
"nature_income_tax_17508_r4020_irpj_nac_nd_638801_v2","l10n_br_reinf.nature_income_17508","R-4020","irpj","False","","638801","monthly","2025-08-01",""
"nature_income_tax_17508_r4020_pis_pasep_nac_nd_312101","l10n_br_reinf.nature_income_17508","R-4020","pis_pasep","False","","312101","monthly","2025-08-01",""
"nature_income_tax_17508_r4020_pis_pasep_nac_nd_312101_v2","l10n_br_reinf.nature_income_17508","R-4020","pis_pasep","False","","312101","monthly","2025-08-01",""
"nature_income_tax_17509_r4020_aggregated_nac_nd_006703","l10n_br_reinf.nature_income_17509","R-4020","aggregated","False","","006703","monthly","2025-08-01",""
"nature_income_tax_17509_r4020_aggregated_nac_nd_006706","l10n_br_reinf.nature_income_17509","R-4020","aggregated","False","","006706","monthly","2025-08-01",""
"nature_income_tax_17509_r4020_cofins_nac_nd_640401","l10n_br_reinf.nature_income_17509","R-4020","cofins","False","","640401","monthly","2025-08-01",""
"nature_income_tax_17509_r4020_cofins_nac_nd_640401_v2","l10n_br_reinf.nature_income_17509","R-4020","cofins","False","","640401","monthly","2025-08-01",""
"nature_income_tax_17509_r4020_csll_nac_nd_639401","l10n_br_reinf.nature_income_17509","R-4020","csll","False","","639401","monthly","2025-08-01",""
"nature_income_tax_17509_r4020_csll_nac_nd_639401_v2","l10n_br_reinf.nature_income_17509","R-4020","csll","False","","639401","monthly","2025-08-01",""
"nature_income_tax_17509_r4020_irpj_nac_nd_638801","l10n_br_reinf.nature_income_17509","R-4020","irpj","False","","638801","monthly","2025-08-01",""
"nature_income_tax_17509_r4020_irpj_nac_nd_638801_v2","l10n_br_reinf.nature_income_17509","R-4020","irpj","False","","638801","monthly","2025-08-01",""
"nature_income_tax_17509_r4020_pis_pasep_nac_nd_312101","l10n_br_reinf.nature_income_17509","R-4020","pis_pasep","False","","312101","monthly","2025-08-01",""
"nature_income_tax_17509_r4020_pis_pasep_nac_nd_312101_v2","l10n_br_reinf.nature_income_17509","R-4020","pis_pasep","False","","312101","monthly","2025-08-01",""
"nature_income_tax_17510_r4020_cofins_nac_nd_640401","l10n_br_reinf.nature_income_17510","R-4020","cofins","False","","640401","monthly","2025-08-01",""
"nature_income_tax_17510_r4020_cofins_nac_nd_640401_v2","l10n_br_reinf.nature_income_17510","R-4020","cofins","False","","640401","monthly","2025-08-01",""
"nature_income_tax_17510_r4020_csll_nac_nd_639401","l10n_br_reinf.nature_income_17510","R-4020","csll","False","","639401","monthly","2025-08-01",""
"nature_income_tax_17510_r4020_csll_nac_nd_639401_v2","l10n_br_reinf.nature_income_17510","R-4020","csll","False","","639401","monthly","2025-08-01",""
"nature_income_tax_17510_r4020_irpj_nac_nd_638801","l10n_br_reinf.nature_income_17510","R-4020","irpj","False","","638801","monthly","2025-08-01",""
"nature_income_tax_17510_r4020_irpj_nac_nd_638801_v2","l10n_br_reinf.nature_income_17510","R-4020","irpj","False","","638801","monthly","2025-08-01",""
"nature_income_tax_17510_r4020_pis_pasep_nac_nd_312101","l10n_br_reinf.nature_income_17510","R-4020","pis_pasep","False","","312101","monthly","2025-08-01",""
"nature_income_tax_17510_r4020_pis_pasep_nac_nd_312101_v2","l10n_br_reinf.nature_income_17510","R-4020","pis_pasep","False","","312101","monthly","2025-08-01",""
"nature_income_tax_17511_r4020_cofins_nac_nd_640401","l10n_br_reinf.nature_income_17511","R-4020","cofins","False","","640401","monthly","2025-08-01",""
"nature_income_tax_17511_r4020_cofins_nac_nd_640401_v2","l10n_br_reinf.nature_income_17511","R-4020","cofins","False","","640401","monthly","2025-08-01",""
"nature_income_tax_17511_r4020_csll_nac_nd_639401","l10n_br_reinf.nature_income_17511","R-4020","csll","False","","639401","monthly","2025-08-01",""
"nature_income_tax_17511_r4020_csll_nac_nd_639401_v2","l10n_br_reinf.nature_income_17511","R-4020","csll","False","","639401","monthly","2025-08-01",""
"nature_income_tax_17511_r4020_irpj_nac_nd_638801","l10n_br_reinf.nature_income_17511","R-4020","irpj","False","","638801","monthly","2025-08-01",""
"nature_income_tax_17511_r4020_irpj_nac_nd_638801_v2","l10n_br_reinf.nature_income_17511","R-4020","irpj","False","","638801","monthly","2025-08-01",""
"nature_income_tax_17511_r4020_pis_pasep_nac_nd_312101","l10n_br_reinf.nature_income_17511","R-4020","pis_pasep","False","","312101","monthly","2025-08-01",""
"nature_income_tax_17511_r4020_pis_pasep_nac_nd_312101_v2","l10n_br_reinf.nature_income_17511","R-4020","pis_pasep","False","","312101","monthly","2025-08-01",""
"nature_income_tax_17512_r4020_cofins_nac_nd_640401","l10n_br_reinf.nature_income_17512","R-4020","cofins","False","","640401","monthly","2025-08-01",""
"nature_income_tax_17512_r4020_cofins_nac_nd_640401_v2","l10n_br_reinf.nature_income_17512","R-4020","cofins","False","","640401","monthly","2025-08-01",""
"nature_income_tax_17512_r4020_csll_nac_nd_639401","l10n_br_reinf.nature_income_17512","R-4020","csll","False","","639401","monthly","2025-08-01",""
"nature_income_tax_17512_r4020_csll_nac_nd_639401_v2","l10n_br_reinf.nature_income_17512","R-4020","csll","False","","639401","monthly","2025-08-01",""
"nature_income_tax_17512_r4020_irpj_nac_nd_638801","l10n_br_reinf.nature_income_17512","R-4020","irpj","False","","638801","monthly","2025-08-01",""
"nature_income_tax_17512_r4020_irpj_nac_nd_638801_v2","l10n_br_reinf.nature_income_17512","R-4020","irpj","False","","638801","monthly","2025-08-01",""
"nature_income_tax_17512_r4020_pis_pasep_nac_nd_312101","l10n_br_reinf.nature_income_17512","R-4020","pis_pasep","False","","312101","monthly","2025-08-01",""
"nature_income_tax_17512_r4020_pis_pasep_nac_nd_312101_v2","l10n_br_reinf.nature_income_17512","R-4020","pis_pasep","False","","312101","monthly","2025-08-01",""
"nature_income_tax_17513_r4020_csll_nac_nd_639401","l10n_br_reinf.nature_income_17513","R-4020","csll","False","","639401","monthly","2025-08-01",""
"nature_income_tax_17513_r4020_csll_nac_nd_639401_v2","l10n_br_reinf.nature_income_17513","R-4020","csll","False","","639401","monthly","2025-08-01",""
"nature_income_tax_17513_r4020_irpj_nac_nd_638801","l10n_br_reinf.nature_income_17513","R-4020","irpj","False","","638801","monthly","2025-08-01",""
"nature_income_tax_17513_r4020_irpj_nac_nd_638801_v2","l10n_br_reinf.nature_income_17513","R-4020","irpj","False","","638801","monthly","2023-09-01",""
"nature_income_tax_17514_r4020_csll_nac_nd_639401","l10n_br_reinf.nature_income_17514","R-4020","csll","False","","639401","monthly","2025-08-01",""
"nature_income_tax_17514_r4020_csll_nac_nd_639401_v2","l10n_br_reinf.nature_income_17514","R-4020","csll","False","","639401","monthly","2025-08-01",""
"nature_income_tax_17514_r4020_irpj_nac_nd_638801","l10n_br_reinf.nature_income_17514","R-4020","irpj","False","","638801","monthly","2025-08-01",""
"nature_income_tax_17514_r4020_irpj_nac_nd_638801_v2","l10n_br_reinf.nature_income_17514","R-4020","irpj","False","","638801","monthly","2025-08-01",""
"nature_income_tax_17515_r4020_csll_nac_nd_639401","l10n_br_reinf.nature_income_17515","R-4020","csll","False","","639401","monthly","2025-08-01",""
"nature_income_tax_17515_r4020_csll_nac_nd_639401_v2","l10n_br_reinf.nature_income_17515","R-4020","csll","False","","639401","monthly","2025-08-01",""
"nature_income_tax_17515_r4020_irpj_nac_nd_638801","l10n_br_reinf.nature_income_17515","R-4020","irpj","False","","638801","monthly","2025-08-01",""
"nature_income_tax_17515_r4020_irpj_nac_nd_638801_v2","l10n_br_reinf.nature_income_17515","R-4020","irpj","False","","638801","monthly","2025-08-01",""
"nature_income_tax_17516_r4020_csll_nac_nd_639401","l10n_br_reinf.nature_income_17516","R-4020","csll","False","","639401","monthly","2025-08-01",""
"nature_income_tax_17516_r4020_csll_nac_nd_639401_v2","l10n_br_reinf.nature_income_17516","R-4020","csll","False","","639401","monthly","2025-08-01",""
"nature_income_tax_17516_r4020_irpj_nac_nd_638801","l10n_br_reinf.nature_income_17516","R-4020","irpj","False","","638801","monthly","2025-08-01",""
"nature_income_tax_17516_r4020_irpj_nac_nd_638801_v2","l10n_br_reinf.nature_income_17516","R-4020","irpj","False","","638801","monthly","2025-08-01",""
"nature_income_tax_17517_r4020_aggregated_nac_nd_011003","l10n_br_reinf.nature_income_17517","R-4020","aggregated","False","","011003","monthly","2025-08-01",""
"nature_income_tax_17517_r4020_aggregated_nac_nd_011006","l10n_br_reinf.nature_income_17517","R-4020","aggregated","False","","011006","monthly","2025-08-01",""
"nature_income_tax_17517_r4020_csll_nac_nd_639401","l10n_br_reinf.nature_income_17517","R-4020","csll","False","","639401","monthly","2025-08-01",""
"nature_income_tax_17517_r4020_csll_nac_nd_639401_v2","l10n_br_reinf.nature_income_17517","R-4020","csll","False","","639401","monthly","2025-08-01",""
"nature_income_tax_17517_r4020_irpj_nac_nd_638801","l10n_br_reinf.nature_income_17517","R-4020","irpj","False","","638801","monthly","2025-08-01",""
"nature_income_tax_17517_r4020_irpj_nac_nd_638801_v2","l10n_br_reinf.nature_income_17517","R-4020","irpj","False","","638801","monthly","2025-08-01",""
"nature_income_tax_17518_r4020_aggregated_nac_nd_011003","l10n_br_reinf.nature_income_17518","R-4020","aggregated","False","","011003","monthly","2025-08-01",""
"nature_income_tax_17518_r4020_aggregated_nac_nd_011006","l10n_br_reinf.nature_income_17518","R-4020","aggregated","False","","011006","monthly","2025-08-01",""
"nature_income_tax_17518_r4020_csll_nac_nd_639401","l10n_br_reinf.nature_income_17518","R-4020","csll","False","","639401","monthly","2025-08-01",""
"nature_income_tax_17518_r4020_csll_nac_nd_639401_v2","l10n_br_reinf.nature_income_17518","R-4020","csll","False","","639401","monthly","2025-08-01",""
"nature_income_tax_17518_r4020_irpj_nac_nd_638801","l10n_br_reinf.nature_income_17518","R-4020","irpj","False","","638801","monthly","2025-08-01",""
"nature_income_tax_17518_r4020_irpj_nac_nd_638801_v2","l10n_br_reinf.nature_income_17518","R-4020","irpj","False","","638801","monthly","2025-08-01",""
"nature_income_tax_17519_r4020_aggregated_nac_nd_011003","l10n_br_reinf.nature_income_17519","R-4020","aggregated","False","","011003","monthly","2025-08-01",""
"nature_income_tax_17519_r4020_aggregated_nac_nd_011006","l10n_br_reinf.nature_income_17519","R-4020","aggregated","False","","011006","monthly","2025-08-01",""
"nature_income_tax_17519_r4020_csll_nac_nd_639401","l10n_br_reinf.nature_income_17519","R-4020","csll","False","","639401","monthly","2025-08-01",""
"nature_income_tax_17519_r4020_csll_nac_nd_639401_v2","l10n_br_reinf.nature_income_17519","R-4020","csll","False","","639401","monthly","2025-08-01",""
"nature_income_tax_17519_r4020_irpj_nac_nd_638801","l10n_br_reinf.nature_income_17519","R-4020","irpj","False","","638801","monthly","2025-08-01",""
"nature_income_tax_17519_r4020_irpj_nac_nd_638801_v2","l10n_br_reinf.nature_income_17519","R-4020","irpj","False","","638801","monthly","2025-08-01",""
"nature_income_tax_17520_r4020_aggregated_nac_nd_011003","l10n_br_reinf.nature_income_17520","R-4020","aggregated","False","","011003","monthly","2025-08-01",""
"nature_income_tax_17520_r4020_aggregated_nac_nd_011006","l10n_br_reinf.nature_income_17520","R-4020","aggregated","False","","011006","monthly","2025-08-01",""
"nature_income_tax_17520_r4020_csll_nac_nd_639401","l10n_br_reinf.nature_income_17520","R-4020","csll","False","","639401","monthly","2025-08-01",""
"nature_income_tax_17520_r4020_csll_nac_nd_639401_v2","l10n_br_reinf.nature_income_17520","R-4020","csll","False","","639401","monthly","2025-08-01",""
"nature_income_tax_17520_r4020_irpj_nac_nd_638801","l10n_br_reinf.nature_income_17520","R-4020","irpj","False","","638801","monthly","2025-08-01",""
"nature_income_tax_17520_r4020_irpj_nac_nd_638801_v2","l10n_br_reinf.nature_income_17520","R-4020","irpj","False","","638801","monthly","2025-08-01",""
"nature_income_tax_17521_r4020_aggregated_nac_nd_011003","l10n_br_reinf.nature_income_17521","R-4020","aggregated","False","","011003","monthly","2025-08-01",""
"nature_income_tax_17521_r4020_aggregated_nac_nd_011006","l10n_br_reinf.nature_income_17521","R-4020","aggregated","False","","011006","monthly","2025-08-01",""
"nature_income_tax_17521_r4020_csll_nac_nd_639401","l10n_br_reinf.nature_income_17521","R-4020","csll","False","","639401","monthly","2025-08-01",""
"nature_income_tax_17521_r4020_csll_nac_nd_639401_v2","l10n_br_reinf.nature_income_17521","R-4020","csll","False","","639401","monthly","2025-08-01",""
"nature_income_tax_17521_r4020_irpj_nac_nd_638801","l10n_br_reinf.nature_income_17521","R-4020","irpj","False","","638801","monthly","2025-08-01",""
"nature_income_tax_17521_r4020_irpj_nac_nd_638801_v2","l10n_br_reinf.nature_income_17521","R-4020","irpj","False","","638801","monthly","2025-08-01",""
"nature_income_tax_17522_r4020_aggregated_nac_nd_011003","l10n_br_reinf.nature_income_17522","R-4020","aggregated","False","","011003","monthly","2025-08-01",""
"nature_income_tax_17522_r4020_aggregated_nac_nd_011006","l10n_br_reinf.nature_income_17522","R-4020","aggregated","False","","011006","monthly","2025-08-01",""
"nature_income_tax_17522_r4020_csll_nac_nd_639401","l10n_br_reinf.nature_income_17522","R-4020","csll","False","","639401","monthly","2025-08-01",""
"nature_income_tax_17522_r4020_csll_nac_nd_639401_v2","l10n_br_reinf.nature_income_17522","R-4020","csll","False","","639401","monthly","2025-08-01",""
"nature_income_tax_17522_r4020_irpj_nac_nd_638801","l10n_br_reinf.nature_income_17522","R-4020","irpj","False","","638801","monthly","2025-08-01",""
"nature_income_tax_17522_r4020_irpj_nac_nd_638801_v2","l10n_br_reinf.nature_income_17522","R-4020","irpj","False","","638801","monthly","2025-08-01",""
"nature_income_tax_17523_r4020_aggregated_nac_nd_007003","l10n_br_reinf.nature_income_17523","R-4020","aggregated","False","","007003","monthly","2025-08-01",""
"nature_income_tax_17523_r4020_aggregated_nac_nd_007006","l10n_br_reinf.nature_income_17523","R-4020","aggregated","False","","007006","monthly","2025-08-01",""
"nature_income_tax_17523_r4020_cofins_nac_nd_640401","l10n_br_reinf.nature_income_17523","R-4020","cofins","False","","640401","monthly","2025-08-01",""
"nature_income_tax_17523_r4020_cofins_nac_nd_640401_v2","l10n_br_reinf.nature_income_17523","R-4020","cofins","False","","640401","monthly","2025-08-01",""
"nature_income_tax_17523_r4020_csll_nac_nd_639401","l10n_br_reinf.nature_income_17523","R-4020","csll","False","","639401","monthly","2025-08-01",""
"nature_income_tax_17523_r4020_csll_nac_nd_639401_v2","l10n_br_reinf.nature_income_17523","R-4020","csll","False","","639401","monthly","2025-08-01",""
"nature_income_tax_17523_r4020_irpj_nac_nd_638801","l10n_br_reinf.nature_income_17523","R-4020","irpj","False","","638801","monthly","2025-08-01",""
"nature_income_tax_17523_r4020_irpj_nac_nd_638801_v2","l10n_br_reinf.nature_income_17523","R-4020","irpj","False","","638801","monthly","2025-08-01",""
"nature_income_tax_17523_r4020_pis_pasep_nac_nd_312101","l10n_br_reinf.nature_income_17523","R-4020","pis_pasep","False","","312101","monthly","2025-08-01",""
"nature_income_tax_17523_r4020_pis_pasep_nac_nd_312101_v2","l10n_br_reinf.nature_income_17523","R-4020","pis_pasep","False","","312101","monthly","2025-08-01",""
"nature_income_tax_17524_r4020_aggregated_nac_nd_012203","l10n_br_reinf.nature_income_17524","R-4020","aggregated","False","","012203","monthly","2025-08-01",""
"nature_income_tax_17524_r4020_aggregated_nac_nd_012206","l10n_br_reinf.nature_income_17524","R-4020","aggregated","False","","012206","monthly","2025-08-01",""
"nature_income_tax_17524_r4020_csll_nac_nd_639401","l10n_br_reinf.nature_income_17524","R-4020","csll","False","","639401","monthly","2025-08-01",""
"nature_income_tax_17524_r4020_csll_nac_nd_639401_v2","l10n_br_reinf.nature_income_17524","R-4020","csll","False","","639401","monthly","2025-08-01",""
"nature_income_tax_17524_r4020_irpj_nac_nd_638801","l10n_br_reinf.nature_income_17524","R-4020","irpj","False","","638801","monthly","2025-08-01",""
"nature_income_tax_17524_r4020_irpj_nac_nd_638801_v2","l10n_br_reinf.nature_income_17524","R-4020","irpj","False","","638801","monthly","2025-08-01",""
"nature_income_tax_17525_r4020_aggregated_nac_nd_012303","l10n_br_reinf.nature_income_17525","R-4020","aggregated","False","","012303","monthly","2025-08-01",""
"nature_income_tax_17525_r4020_aggregated_nac_nd_012306","l10n_br_reinf.nature_income_17525","R-4020","aggregated","False","","012306","monthly","2025-08-01",""
"nature_income_tax_17525_r4020_cofins_nac_nd_640401","l10n_br_reinf.nature_income_17525","R-4020","cofins","False","","640401","monthly","2025-08-01",""
"nature_income_tax_17525_r4020_cofins_nac_nd_640401_v2","l10n_br_reinf.nature_income_17525","R-4020","cofins","False","","640401","monthly","2025-08-01",""
"nature_income_tax_17525_r4020_csll_nac_nd_639401","l10n_br_reinf.nature_income_17525","R-4020","csll","False","","639401","monthly","2025-08-01",""
"nature_income_tax_17525_r4020_csll_nac_nd_639401_v2","l10n_br_reinf.nature_income_17525","R-4020","csll","False","","639401","monthly","2025-08-01",""
"nature_income_tax_17525_r4020_irpj_nac_nd_638801","l10n_br_reinf.nature_income_17525","R-4020","irpj","False","","638801","monthly","2025-08-01",""
"nature_income_tax_17525_r4020_irpj_nac_nd_638801_v2","l10n_br_reinf.nature_income_17525","R-4020","irpj","False","","638801","monthly","2025-08-01",""
"nature_income_tax_17525_r4020_pis_pasep_nac_nd_312101","l10n_br_reinf.nature_income_17525","R-4020","pis_pasep","False","","312101","monthly","2025-08-01",""
"nature_income_tax_17525_r4020_pis_pasep_nac_nd_312101_v2","l10n_br_reinf.nature_income_17525","R-4020","pis_pasep","False","","312101","monthly","2025-08-01",""
"nature_income_tax_17526_r4020_aggregated_nac_nd_008203","l10n_br_reinf.nature_income_17526","R-4020","aggregated","False","","008203","monthly","2025-08-01",""
"nature_income_tax_17526_r4020_aggregated_nac_nd_008206","l10n_br_reinf.nature_income_17526","R-4020","aggregated","False","","008206","monthly","2025-08-01",""
"nature_income_tax_17526_r4020_cofins_nac_nd_640401","l10n_br_reinf.nature_income_17526","R-4020","cofins","False","","640401","monthly","2025-08-01",""
"nature_income_tax_17526_r4020_cofins_nac_nd_640401_v2","l10n_br_reinf.nature_income_17526","R-4020","cofins","False","","640401","monthly","2025-08-01",""
"nature_income_tax_17526_r4020_csll_nac_nd_639401","l10n_br_reinf.nature_income_17526","R-4020","csll","False","","639401","monthly","2025-08-01",""
"nature_income_tax_17526_r4020_csll_nac_nd_639401_v2","l10n_br_reinf.nature_income_17526","R-4020","csll","False","","639401","monthly","2025-08-01",""
"nature_income_tax_17526_r4020_irpj_nac_nd_638801","l10n_br_reinf.nature_income_17526","R-4020","irpj","False","","638801","monthly","2025-08-01",""
"nature_income_tax_17526_r4020_irpj_nac_nd_638801_v2","l10n_br_reinf.nature_income_17526","R-4020","irpj","False","","638801","monthly","2025-08-01",""
"nature_income_tax_17526_r4020_pis_pasep_nac_nd_312101","l10n_br_reinf.nature_income_17526","R-4020","pis_pasep","False","","312101","monthly","2025-08-01",""
"nature_income_tax_17526_r4020_pis_pasep_nac_nd_312101_v2","l10n_br_reinf.nature_income_17526","R-4020","pis_pasep","False","","312101","monthly","2025-08-01",""
"nature_income_tax_17527_r4020_aggregated_nac_nd_008203","l10n_br_reinf.nature_income_17527","R-4020","aggregated","False","","008203","monthly","2025-08-01",""
"nature_income_tax_17527_r4020_aggregated_nac_nd_008206","l10n_br_reinf.nature_income_17527","R-4020","aggregated","False","","008206","monthly","2025-08-01",""
"nature_income_tax_17527_r4020_cofins_nac_nd_640401","l10n_br_reinf.nature_income_17527","R-4020","cofins","False","","640401","monthly","2025-08-01",""
"nature_income_tax_17527_r4020_cofins_nac_nd_640401_v2","l10n_br_reinf.nature_income_17527","R-4020","cofins","False","","640401","monthly","2025-08-01",""
"nature_income_tax_17527_r4020_csll_nac_nd_639401","l10n_br_reinf.nature_income_17527","R-4020","csll","False","","639401","monthly","2025-08-01",""
"nature_income_tax_17527_r4020_csll_nac_nd_639401_v2","l10n_br_reinf.nature_income_17527","R-4020","csll","False","","639401","monthly","2025-08-01",""
"nature_income_tax_17527_r4020_irpj_nac_nd_638801","l10n_br_reinf.nature_income_17527","R-4020","irpj","False","","638801","monthly","2025-08-01",""
"nature_income_tax_17527_r4020_irpj_nac_nd_638801_v2","l10n_br_reinf.nature_income_17527","R-4020","irpj","False","","638801","monthly","2025-08-01",""
"nature_income_tax_17527_r4020_pis_pasep_nac_nd_312101","l10n_br_reinf.nature_income_17527","R-4020","pis_pasep","False","","312101","monthly","2025-08-01",""
"nature_income_tax_17527_r4020_pis_pasep_nac_nd_312101_v2","l10n_br_reinf.nature_income_17527","R-4020","pis_pasep","False","","312101","monthly","2025-08-01",""
"nature_income_tax_17528_r4020_aggregated_nac_nd_009503","l10n_br_reinf.nature_income_17528","R-4020","aggregated","False","","009503","monthly","2025-08-01",""
"nature_income_tax_17528_r4020_aggregated_nac_nd_009506","l10n_br_reinf.nature_income_17528","R-4020","aggregated","False","","009506","monthly","2025-08-01",""
"nature_income_tax_17528_r4020_cofins_nac_nd_640401","l10n_br_reinf.nature_income_17528","R-4020","cofins","False","","640401","monthly","2025-08-01",""
"nature_income_tax_17528_r4020_cofins_nac_nd_640401_v2","l10n_br_reinf.nature_income_17528","R-4020","cofins","False","","640401","monthly","2025-08-01",""
"nature_income_tax_17528_r4020_csll_nac_nd_639401","l10n_br_reinf.nature_income_17528","R-4020","csll","False","","639401","monthly","2025-08-01",""
"nature_income_tax_17528_r4020_csll_nac_nd_639401_v2","l10n_br_reinf.nature_income_17528","R-4020","csll","False","","639401","monthly","2025-08-01",""
"nature_income_tax_17528_r4020_irpj_nac_nd_638801","l10n_br_reinf.nature_income_17528","R-4020","irpj","False","","638801","monthly","2025-08-01",""
"nature_income_tax_17528_r4020_irpj_nac_nd_638801_v2","l10n_br_reinf.nature_income_17528","R-4020","irpj","False","","638801","monthly","2025-08-01",""
"nature_income_tax_17528_r4020_pis_pasep_nac_nd_312101","l10n_br_reinf.nature_income_17528","R-4020","pis_pasep","False","","312101","monthly","2025-08-01",""
"nature_income_tax_17528_r4020_pis_pasep_nac_nd_312101_v2","l10n_br_reinf.nature_income_17528","R-4020","pis_pasep","False","","312101","monthly","2025-08-01",""
"nature_income_tax_17529_r4020_aggregated_nac_nd_009503","l10n_br_reinf.nature_income_17529","R-4020","aggregated","False","","009503","monthly","2025-08-01",""
"nature_income_tax_17529_r4020_aggregated_nac_nd_009506","l10n_br_reinf.nature_income_17529","R-4020","aggregated","False","","009506","monthly","2025-08-01",""
"nature_income_tax_17529_r4020_cofins_nac_nd_640401","l10n_br_reinf.nature_income_17529","R-4020","cofins","False","","640401","monthly","2025-08-01",""
"nature_income_tax_17529_r4020_cofins_nac_nd_640401_v2","l10n_br_reinf.nature_income_17529","R-4020","cofins","False","","640401","monthly","2025-08-01",""
"nature_income_tax_17529_r4020_csll_nac_nd_639401","l10n_br_reinf.nature_income_17529","R-4020","csll","False","","639401","monthly","2025-08-01",""
"nature_income_tax_17529_r4020_csll_nac_nd_639401_v2","l10n_br_reinf.nature_income_17529","R-4020","csll","False","","639401","monthly","2025-08-01",""
"nature_income_tax_17529_r4020_irpj_nac_nd_638801","l10n_br_reinf.nature_income_17529","R-4020","irpj","False","","638801","monthly","2025-08-01",""
"nature_income_tax_17529_r4020_irpj_nac_nd_638801_v2","l10n_br_reinf.nature_income_17529","R-4020","irpj","False","","638801","monthly","2025-08-01",""
"nature_income_tax_17529_r4020_pis_pasep_nac_nd_312101","l10n_br_reinf.nature_income_17529","R-4020","pis_pasep","False","","312101","monthly","2025-08-01",""
"nature_income_tax_17529_r4020_pis_pasep_nac_nd_312101_v2","l10n_br_reinf.nature_income_17529","R-4020","pis_pasep","False","","312101","monthly","2025-08-01",""
"nature_income_tax_17530_r4020_aggregated_nac_nd_009503","l10n_br_reinf.nature_income_17530","R-4020","aggregated","False","","009503","monthly","2025-08-01",""
"nature_income_tax_17530_r4020_aggregated_nac_nd_009506","l10n_br_reinf.nature_income_17530","R-4020","aggregated","False","","009506","monthly","2025-08-01",""
"nature_income_tax_17530_r4020_cofins_nac_nd_640401","l10n_br_reinf.nature_income_17530","R-4020","cofins","False","","640401","monthly","2025-08-01",""
"nature_income_tax_17530_r4020_cofins_nac_nd_640401_v2","l10n_br_reinf.nature_income_17530","R-4020","cofins","False","","640401","monthly","2025-08-01",""
"nature_income_tax_17530_r4020_csll_nac_nd_639401","l10n_br_reinf.nature_income_17530","R-4020","csll","False","","639401","monthly","2025-08-01",""
"nature_income_tax_17530_r4020_csll_nac_nd_639401_v2","l10n_br_reinf.nature_income_17530","R-4020","csll","False","","639401","monthly","2025-08-01",""
"nature_income_tax_17530_r4020_irpj_nac_nd_638801","l10n_br_reinf.nature_income_17530","R-4020","irpj","False","","638801","monthly","2025-08-01",""
"nature_income_tax_17530_r4020_irpj_nac_nd_638801_v2","l10n_br_reinf.nature_income_17530","R-4020","irpj","False","","638801","monthly","2025-08-01",""
"nature_income_tax_17530_r4020_pis_pasep_nac_nd_312101","l10n_br_reinf.nature_income_17530","R-4020","pis_pasep","False","","312101","monthly","2025-08-01",""
"nature_income_tax_17530_r4020_pis_pasep_nac_nd_312101_v2","l10n_br_reinf.nature_income_17530","R-4020","pis_pasep","False","","312101","monthly","2025-08-01",""
"nature_income_tax_17531_r4020_aggregated_nac_nd_009503","l10n_br_reinf.nature_income_17531","R-4020","aggregated","False","","009503","monthly","2025-08-01",""
"nature_income_tax_17531_r4020_aggregated_nac_nd_009506","l10n_br_reinf.nature_income_17531","R-4020","aggregated","False","","009506","monthly","2025-08-01",""
"nature_income_tax_17531_r4020_cofins_nac_nd_640401","l10n_br_reinf.nature_income_17531","R-4020","cofins","False","","640401","monthly","2025-08-01",""
"nature_income_tax_17531_r4020_cofins_nac_nd_640401_v2","l10n_br_reinf.nature_income_17531","R-4020","cofins","False","","640401","monthly","2025-08-01",""
"nature_income_tax_17531_r4020_csll_nac_nd_639401","l10n_br_reinf.nature_income_17531","R-4020","csll","False","","639401","monthly","2025-08-01",""
"nature_income_tax_17531_r4020_csll_nac_nd_639401_v2","l10n_br_reinf.nature_income_17531","R-4020","csll","False","","639401","monthly","2025-08-01",""
"nature_income_tax_17531_r4020_irpj_nac_nd_638801","l10n_br_reinf.nature_income_17531","R-4020","irpj","False","","638801","monthly","2025-08-01",""
"nature_income_tax_17531_r4020_irpj_nac_nd_638801_v2","l10n_br_reinf.nature_income_17531","R-4020","irpj","False","","638801","monthly","2025-08-01",""
"nature_income_tax_17531_r4020_pis_pasep_nac_nd_312101","l10n_br_reinf.nature_income_17531","R-4020","pis_pasep","False","","312101","monthly","2025-08-01",""
"nature_income_tax_17531_r4020_pis_pasep_nac_nd_312101_v2","l10n_br_reinf.nature_income_17531","R-4020","pis_pasep","False","","312101","monthly","2025-08-01",""
"nature_income_tax_17532_r4020_aggregated_nac_nd_009503","l10n_br_reinf.nature_income_17532","R-4020","aggregated","False","","009503","monthly","2025-08-01",""
"nature_income_tax_17532_r4020_aggregated_nac_nd_009506","l10n_br_reinf.nature_income_17532","R-4020","aggregated","False","","009506","monthly","2025-08-01",""
"nature_income_tax_17532_r4020_cofins_nac_nd_640401","l10n_br_reinf.nature_income_17532","R-4020","cofins","False","","640401","monthly","2025-08-01",""
"nature_income_tax_17532_r4020_cofins_nac_nd_640401_v2","l10n_br_reinf.nature_income_17532","R-4020","cofins","False","","640401","monthly","2025-08-01",""
"nature_income_tax_17532_r4020_csll_nac_nd_639401","l10n_br_reinf.nature_income_17532","R-4020","csll","False","","639401","monthly","2025-08-01",""
"nature_income_tax_17532_r4020_csll_nac_nd_639401_v2","l10n_br_reinf.nature_income_17532","R-4020","csll","False","","639401","monthly","2025-08-01",""
"nature_income_tax_17532_r4020_irpj_nac_nd_638801","l10n_br_reinf.nature_income_17532","R-4020","irpj","False","","638801","monthly","2025-08-01",""
"nature_income_tax_17532_r4020_irpj_nac_nd_638801_v2","l10n_br_reinf.nature_income_17532","R-4020","irpj","False","","638801","monthly","2025-08-01",""
"nature_income_tax_17532_r4020_pis_pasep_nac_nd_312101","l10n_br_reinf.nature_income_17532","R-4020","pis_pasep","False","","312101","monthly","2025-08-01",""
"nature_income_tax_17532_r4020_pis_pasep_nac_nd_312101_v2","l10n_br_reinf.nature_income_17532","R-4020","pis_pasep","False","","312101","monthly","2025-08-01",""
"nature_income_tax_17533_r4020_aggregated_nac_nd_009503","l10n_br_reinf.nature_income_17533","R-4020","aggregated","False","","009503","monthly","2025-08-01",""
"nature_income_tax_17533_r4020_aggregated_nac_nd_009506","l10n_br_reinf.nature_income_17533","R-4020","aggregated","False","","009506","monthly","2025-08-01",""
"nature_income_tax_17533_r4020_cofins_nac_nd_640401","l10n_br_reinf.nature_income_17533","R-4020","cofins","False","","640401","monthly","2025-08-01",""
"nature_income_tax_17533_r4020_cofins_nac_nd_640401_v2","l10n_br_reinf.nature_income_17533","R-4020","cofins","False","","640401","monthly","2025-08-01",""
"nature_income_tax_17533_r4020_csll_nac_nd_639401","l10n_br_reinf.nature_income_17533","R-4020","csll","False","","639401","monthly","2025-08-01",""
"nature_income_tax_17533_r4020_csll_nac_nd_639401_v2","l10n_br_reinf.nature_income_17533","R-4020","csll","False","","639401","monthly","2025-08-01",""
"nature_income_tax_17533_r4020_irpj_nac_nd_638801","l10n_br_reinf.nature_income_17533","R-4020","irpj","False","","638801","monthly","2025-08-01",""
"nature_income_tax_17533_r4020_irpj_nac_nd_638801_v2","l10n_br_reinf.nature_income_17533","R-4020","irpj","False","","638801","monthly","2025-08-01",""
"nature_income_tax_17533_r4020_pis_pasep_nac_nd_312101","l10n_br_reinf.nature_income_17533","R-4020","pis_pasep","False","","312101","monthly","2025-08-01",""
"nature_income_tax_17533_r4020_pis_pasep_nac_nd_312101_v2","l10n_br_reinf.nature_income_17533","R-4020","pis_pasep","False","","312101","monthly","2025-08-01",""
"nature_income_tax_17534_r4020_aggregated_nac_nd_009503","l10n_br_reinf.nature_income_17534","R-4020","aggregated","False","","009503","monthly","2025-08-01",""
"nature_income_tax_17534_r4020_aggregated_nac_nd_009506","l10n_br_reinf.nature_income_17534","R-4020","aggregated","False","","009506","monthly","2025-08-01",""
"nature_income_tax_17534_r4020_cofins_nac_nd_640401","l10n_br_reinf.nature_income_17534","R-4020","cofins","False","","640401","monthly","2025-08-01",""
"nature_income_tax_17534_r4020_cofins_nac_nd_640401_v2","l10n_br_reinf.nature_income_17534","R-4020","cofins","False","","640401","monthly","2025-08-01",""
"nature_income_tax_17534_r4020_csll_nac_nd_639401","l10n_br_reinf.nature_income_17534","R-4020","csll","False","","639401","monthly","2025-08-01",""
"nature_income_tax_17534_r4020_csll_nac_nd_639401_v2","l10n_br_reinf.nature_income_17534","R-4020","csll","False","","639401","monthly","2025-08-01",""
"nature_income_tax_17534_r4020_irpj_nac_nd_638801","l10n_br_reinf.nature_income_17534","R-4020","irpj","False","","638801","monthly","2025-08-01",""
"nature_income_tax_17534_r4020_irpj_nac_nd_638801_v2","l10n_br_reinf.nature_income_17534","R-4020","irpj","False","","638801","monthly","2025-08-01",""
"nature_income_tax_17534_r4020_pis_pasep_nac_nd_312101","l10n_br_reinf.nature_income_17534","R-4020","pis_pasep","False","","312101","monthly","2025-08-01",""
"nature_income_tax_17534_r4020_pis_pasep_nac_nd_312101_v2","l10n_br_reinf.nature_income_17534","R-4020","pis_pasep","False","","312101","monthly","2025-08-01",""
"nature_income_tax_17535_r4020_aggregated_nac_nd_009503","l10n_br_reinf.nature_income_17535","R-4020","aggregated","False","","009503","monthly","2025-08-01",""
"nature_income_tax_17535_r4020_aggregated_nac_nd_009506","l10n_br_reinf.nature_income_17535","R-4020","aggregated","False","","009506","monthly","2025-08-01",""
"nature_income_tax_17535_r4020_cofins_nac_nd_640401","l10n_br_reinf.nature_income_17535","R-4020","cofins","False","","640401","monthly","2025-08-01",""
"nature_income_tax_17535_r4020_cofins_nac_nd_640401_v2","l10n_br_reinf.nature_income_17535","R-4020","cofins","False","","640401","monthly","2025-08-01",""
"nature_income_tax_17535_r4020_csll_nac_nd_639401","l10n_br_reinf.nature_income_17535","R-4020","csll","False","","639401","monthly","2025-08-01",""
"nature_income_tax_17535_r4020_csll_nac_nd_639401_v2","l10n_br_reinf.nature_income_17535","R-4020","csll","False","","639401","monthly","2025-08-01",""
"nature_income_tax_17535_r4020_irpj_nac_nd_638801","l10n_br_reinf.nature_income_17535","R-4020","irpj","False","","638801","monthly","2025-08-01",""
"nature_income_tax_17535_r4020_irpj_nac_nd_638801_v2","l10n_br_reinf.nature_income_17535","R-4020","irpj","False","","638801","monthly","2025-08-01",""
"nature_income_tax_17535_r4020_pis_pasep_nac_nd_312101","l10n_br_reinf.nature_income_17535","R-4020","pis_pasep","False","","312101","monthly","2025-08-01",""
"nature_income_tax_17535_r4020_pis_pasep_nac_nd_312101_v2","l10n_br_reinf.nature_income_17535","R-4020","pis_pasep","False","","312101","monthly","2025-08-01",""
"nature_income_tax_17536_r4020_aggregated_nac_nd_009503","l10n_br_reinf.nature_income_17536","R-4020","aggregated","False","","009503","monthly","2025-08-01",""
"nature_income_tax_17536_r4020_aggregated_nac_nd_009506","l10n_br_reinf.nature_income_17536","R-4020","aggregated","False","","009506","monthly","2025-08-01",""
"nature_income_tax_17536_r4020_cofins_nac_nd_640401","l10n_br_reinf.nature_income_17536","R-4020","cofins","False","","640401","monthly","2025-08-01",""
"nature_income_tax_17536_r4020_cofins_nac_nd_640401_v2","l10n_br_reinf.nature_income_17536","R-4020","cofins","False","","640401","monthly","2025-08-01",""
"nature_income_tax_17536_r4020_csll_nac_nd_639401","l10n_br_reinf.nature_income_17536","R-4020","csll","False","","639401","monthly","2025-08-01",""
"nature_income_tax_17536_r4020_csll_nac_nd_639401_v2","l10n_br_reinf.nature_income_17536","R-4020","csll","False","","639401","monthly","2025-08-01",""
"nature_income_tax_17536_r4020_irpj_nac_nd_638801","l10n_br_reinf.nature_income_17536","R-4020","irpj","False","","638801","monthly","2025-08-01",""
"nature_income_tax_17536_r4020_irpj_nac_nd_638801_v2","l10n_br_reinf.nature_income_17536","R-4020","irpj","False","","638801","monthly","2025-08-01",""
"nature_income_tax_17536_r4020_pis_pasep_nac_nd_312101","l10n_br_reinf.nature_income_17536","R-4020","pis_pasep","False","","312101","monthly","2025-08-01",""
"nature_income_tax_17536_r4020_pis_pasep_nac_nd_312101_v2","l10n_br_reinf.nature_income_17536","R-4020","pis_pasep","False","","312101","monthly","2025-08-01",""
"nature_income_tax_17537_r4020_aggregated_nac_nd_009503","l10n_br_reinf.nature_income_17537","R-4020","aggregated","False","","009503","monthly","2025-08-01",""
"nature_income_tax_17537_r4020_aggregated_nac_nd_009506","l10n_br_reinf.nature_income_17537","R-4020","aggregated","False","","009506","monthly","2025-08-01",""
"nature_income_tax_17537_r4020_cofins_nac_nd_640401","l10n_br_reinf.nature_income_17537","R-4020","cofins","False","","640401","monthly","2025-08-01",""
"nature_income_tax_17537_r4020_cofins_nac_nd_640401_v2","l10n_br_reinf.nature_income_17537","R-4020","cofins","False","","640401","monthly","2025-08-01",""
"nature_income_tax_17537_r4020_csll_nac_nd_639401","l10n_br_reinf.nature_income_17537","R-4020","csll","False","","639401","monthly","2025-08-01",""
"nature_income_tax_17537_r4020_csll_nac_nd_639401_v2","l10n_br_reinf.nature_income_17537","R-4020","csll","False","","639401","monthly","2025-08-01",""
"nature_income_tax_17537_r4020_irpj_nac_nd_638801","l10n_br_reinf.nature_income_17537","R-4020","irpj","False","","638801","monthly","2025-08-01",""
"nature_income_tax_17537_r4020_irpj_nac_nd_638801_v2","l10n_br_reinf.nature_income_17537","R-4020","irpj","False","","638801","monthly","2025-08-01",""
"nature_income_tax_17537_r4020_pis_pasep_nac_nd_312101","l10n_br_reinf.nature_income_17537","R-4020","pis_pasep","False","","312101","monthly","2025-08-01",""
"nature_income_tax_17537_r4020_pis_pasep_nac_nd_312101_v2","l10n_br_reinf.nature_income_17537","R-4020","pis_pasep","False","","312101","monthly","2025-08-01",""
"nature_income_tax_17538_r4020_aggregated_nac_nd_012303","l10n_br_reinf.nature_income_17538","R-4020","aggregated","False","","012303","monthly","2025-08-01",""
"nature_income_tax_17538_r4020_aggregated_nac_nd_012306","l10n_br_reinf.nature_income_17538","R-4020","aggregated","False","","012306","monthly","2025-08-01",""
"nature_income_tax_17538_r4020_cofins_nac_nd_640401","l10n_br_reinf.nature_income_17538","R-4020","cofins","False","","640401","monthly","2025-08-01",""
"nature_income_tax_17538_r4020_cofins_nac_nd_640401_v2","l10n_br_reinf.nature_income_17538","R-4020","cofins","False","","640401","monthly","2025-08-01",""
"nature_income_tax_17538_r4020_csll_nac_nd_639401","l10n_br_reinf.nature_income_17538","R-4020","csll","False","","639401","monthly","2025-08-01",""
"nature_income_tax_17538_r4020_csll_nac_nd_639401_v2","l10n_br_reinf.nature_income_17538","R-4020","csll","False","","639401","monthly","2025-08-01",""
"nature_income_tax_17538_r4020_pis_pasep_nac_nd_312101","l10n_br_reinf.nature_income_17538","R-4020","pis_pasep","False","","312101","monthly","2025-08-01",""
"nature_income_tax_17538_r4020_pis_pasep_nac_nd_312101_v2","l10n_br_reinf.nature_income_17538","R-4020","pis_pasep","False","","312101","monthly","2025-08-01",""
"nature_income_tax_17540_r4020_aggregated_nac_nd_006703","l10n_br_reinf.nature_income_17540","R-4020","aggregated","False","","006703","monthly","2025-08-01",""
"nature_income_tax_17540_r4020_aggregated_nac_nd_006706","l10n_br_reinf.nature_income_17540","R-4020","aggregated","False","","006706","monthly","2025-08-01",""
"nature_income_tax_17540_r4020_cofins_nac_nd_640401","l10n_br_reinf.nature_income_17540","R-4020","cofins","False","","640401","monthly","2025-08-01",""
"nature_income_tax_17540_r4020_cofins_nac_nd_640401_v2","l10n_br_reinf.nature_income_17540","R-4020","cofins","False","","640401","monthly","2025-08-01",""
"nature_income_tax_17540_r4020_csll_nac_nd_639401","l10n_br_reinf.nature_income_17540","R-4020","csll","False","","639401","monthly","2025-08-01",""
"nature_income_tax_17540_r4020_csll_nac_nd_639401_v2","l10n_br_reinf.nature_income_17540","R-4020","csll","False","","639401","monthly","2025-08-01",""
"nature_income_tax_17540_r4020_irpj_nac_nd_638801","l10n_br_reinf.nature_income_17540","R-4020","irpj","False","","638801","monthly","2025-08-01",""
"nature_income_tax_17540_r4020_irpj_nac_nd_638801_v2","l10n_br_reinf.nature_income_17540","R-4020","irpj","False","","638801","monthly","2025-08-01",""
"nature_income_tax_17540_r4020_pis_pasep_nac_nd_312101","l10n_br_reinf.nature_income_17540","R-4020","pis_pasep","False","","312101","monthly","2025-08-01",""
"nature_income_tax_17540_r4020_pis_pasep_nac_nd_312101_v2","l10n_br_reinf.nature_income_17540","R-4020","pis_pasep","False","","312101","monthly","2025-08-01",""
"nature_income_tax_17541_r4020_aggregated_nac_nd_009503","l10n_br_reinf.nature_income_17541","R-4020","aggregated","False","","009503","monthly","2025-08-01",""
"nature_income_tax_17541_r4020_aggregated_nac_nd_009506","l10n_br_reinf.nature_income_17541","R-4020","aggregated","False","","009506","monthly","2025-08-01",""
"nature_income_tax_17541_r4020_cofins_nac_nd_640401","l10n_br_reinf.nature_income_17541","R-4020","cofins","False","","640401","monthly","2025-08-01",""
"nature_income_tax_17541_r4020_cofins_nac_nd_640401_v2","l10n_br_reinf.nature_income_17541","R-4020","cofins","False","","640401","monthly","2025-08-01",""
"nature_income_tax_17541_r4020_csll_nac_nd_639401","l10n_br_reinf.nature_income_17541","R-4020","csll","False","","639401","monthly","2025-08-01",""
"nature_income_tax_17541_r4020_csll_nac_nd_639401_v2","l10n_br_reinf.nature_income_17541","R-4020","csll","False","","639401","monthly","2025-08-01",""
"nature_income_tax_17541_r4020_irpj_nac_nd_638801","l10n_br_reinf.nature_income_17541","R-4020","irpj","False","","638801","monthly","2025-08-01",""
"nature_income_tax_17541_r4020_irpj_nac_nd_638801_v2","l10n_br_reinf.nature_income_17541","R-4020","irpj","False","","638801","monthly","2025-08-01",""
"nature_income_tax_17541_r4020_pis_pasep_nac_nd_312101","l10n_br_reinf.nature_income_17541","R-4020","pis_pasep","False","","312101","monthly","2025-08-01",""
"nature_income_tax_17541_r4020_pis_pasep_nac_nd_312101_v2","l10n_br_reinf.nature_income_17541","R-4020","pis_pasep","False","","312101","monthly","2025-08-01",""
"nature_income_tax_17542_r4020_aggregated_nac_nd_009503","l10n_br_reinf.nature_income_17542","R-4020","aggregated","False","","009503","monthly","2025-08-01",""
"nature_income_tax_17542_r4020_aggregated_nac_nd_009506","l10n_br_reinf.nature_income_17542","R-4020","aggregated","False","","009506","monthly","2025-08-01",""
"nature_income_tax_17542_r4020_cofins_nac_nd_640401","l10n_br_reinf.nature_income_17542","R-4020","cofins","False","","640401","monthly","2025-08-01",""
"nature_income_tax_17542_r4020_cofins_nac_nd_640401_v2","l10n_br_reinf.nature_income_17542","R-4020","cofins","False","","640401","monthly","2025-08-01",""
"nature_income_tax_17542_r4020_csll_nac_nd_639401","l10n_br_reinf.nature_income_17542","R-4020","csll","False","","639401","monthly","2025-08-01",""
"nature_income_tax_17542_r4020_csll_nac_nd_639401_v2","l10n_br_reinf.nature_income_17542","R-4020","csll","False","","639401","monthly","2025-08-01",""
"nature_income_tax_17542_r4020_irpj_nac_nd_638801","l10n_br_reinf.nature_income_17542","R-4020","irpj","False","","638801","monthly","2025-08-01",""
"nature_income_tax_17542_r4020_irpj_nac_nd_638801_v2","l10n_br_reinf.nature_income_17542","R-4020","irpj","False","","638801","monthly","2025-08-01",""
"nature_income_tax_17542_r4020_pis_pasep_nac_nd_312101","l10n_br_reinf.nature_income_17542","R-4020","pis_pasep","False","","312101","monthly","2025-08-01",""
"nature_income_tax_17542_r4020_pis_pasep_nac_nd_312101_v2","l10n_br_reinf.nature_income_17542","R-4020","pis_pasep","False","","312101","monthly","2025-08-01",""
"nature_income_tax_17543_r4020_aggregated_nac_nd_006703","l10n_br_reinf.nature_income_17543","R-4020","aggregated","False","","006703","monthly","2025-08-01",""
"nature_income_tax_17543_r4020_aggregated_nac_nd_006706","l10n_br_reinf.nature_income_17543","R-4020","aggregated","False","","006706","monthly","2025-08-01",""
"nature_income_tax_17543_r4020_cofins_nac_nd_640401","l10n_br_reinf.nature_income_17543","R-4020","cofins","False","","640401","monthly","2025-08-01",""
"nature_income_tax_17543_r4020_cofins_nac_nd_640401_v2","l10n_br_reinf.nature_income_17543","R-4020","cofins","False","","640401","monthly","2025-08-01",""
"nature_income_tax_17543_r4020_csll_nac_nd_639401","l10n_br_reinf.nature_income_17543","R-4020","csll","False","","639401","monthly","2025-08-01",""
"nature_income_tax_17543_r4020_csll_nac_nd_639401_v2","l10n_br_reinf.nature_income_17543","R-4020","csll","False","","639401","monthly","2025-08-01",""
"nature_income_tax_17543_r4020_irpj_nac_nd_638801","l10n_br_reinf.nature_income_17543","R-4020","irpj","False","","638801","monthly","2025-08-01",""
"nature_income_tax_17543_r4020_irpj_nac_nd_638801_v2","l10n_br_reinf.nature_income_17543","R-4020","irpj","False","","638801","monthly","2025-08-01",""
"nature_income_tax_17543_r4020_pis_pasep_nac_nd_312101","l10n_br_reinf.nature_income_17543","R-4020","pis_pasep","False","","312101","monthly","2025-08-01",""
"nature_income_tax_17543_r4020_pis_pasep_nac_nd_312101_v2","l10n_br_reinf.nature_income_17543","R-4020","pis_pasep","False","","312101","monthly","2025-08-01",""
"nature_income_tax_17544_r4020_cofins_nac_nd_640401","l10n_br_reinf.nature_income_17544","R-4020","cofins","False","","640401","monthly","2025-08-01",""
"nature_income_tax_17544_r4020_cofins_nac_nd_640401_v2","l10n_br_reinf.nature_income_17544","R-4020","cofins","False","","640401","monthly","2025-08-01",""
"nature_income_tax_17544_r4020_csll_nac_nd_639401","l10n_br_reinf.nature_income_17544","R-4020","csll","False","","639401","monthly","2025-08-01",""
"nature_income_tax_17544_r4020_csll_nac_nd_639401_v2","l10n_br_reinf.nature_income_17544","R-4020","csll","False","","639401","monthly","2025-08-01",""
"nature_income_tax_17544_r4020_pis_pasep_nac_nd_312101","l10n_br_reinf.nature_income_17544","R-4020","pis_pasep","False","","312101","monthly","2025-08-01",""
"nature_income_tax_17544_r4020_pis_pasep_nac_nd_312101_v2","l10n_br_reinf.nature_income_17544","R-4020","pis_pasep","False","","312101","monthly","2025-08-01",""
"nature_income_tax_17545_r4020_csll_nac_nd_639401","l10n_br_reinf.nature_income_17545","R-4020","csll","False","","639401","monthly","2025-08-01",""
"nature_income_tax_17545_r4020_csll_nac_nd_639401_v2","l10n_br_reinf.nature_income_17545","R-4020","csll","False","","639401","monthly","2025-08-01",""
"nature_income_tax_17545_r4020_irpj_nac_nd_638801","l10n_br_reinf.nature_income_17545","R-4020","irpj","False","","638801","monthly","2025-08-01",""
"nature_income_tax_17545_r4020_irpj_nac_nd_638801_v2","l10n_br_reinf.nature_income_17545","R-4020","irpj","False","","638801","monthly","2025-08-01",""
"nature_income_tax_17546_r4020_aggregated_nac_nd_006703","l10n_br_reinf.nature_income_17546","R-4020","aggregated","False","","006703","monthly","2025-08-01",""
"nature_income_tax_17546_r4020_aggregated_nac_nd_006706","l10n_br_reinf.nature_income_17546","R-4020","aggregated","False","","006706","monthly","2025-08-01",""
"nature_income_tax_17546_r4020_cofins_nac_nd_640401","l10n_br_reinf.nature_income_17546","R-4020","cofins","False","","640401","monthly","2025-08-01",""
"nature_income_tax_17546_r4020_cofins_nac_nd_640401_v2","l10n_br_reinf.nature_income_17546","R-4020","cofins","False","","640401","monthly","2025-08-01",""
"nature_income_tax_17546_r4020_csll_nac_nd_639401","l10n_br_reinf.nature_income_17546","R-4020","csll","False","","639401","monthly","2025-08-01",""
"nature_income_tax_17546_r4020_csll_nac_nd_639401_v2","l10n_br_reinf.nature_income_17546","R-4020","csll","False","","639401","monthly","2025-08-01",""
"nature_income_tax_17546_r4020_irpj_nac_nd_638801","l10n_br_reinf.nature_income_17546","R-4020","irpj","False","","638801","monthly","2025-08-01",""
"nature_income_tax_17546_r4020_irpj_nac_nd_638801_v2","l10n_br_reinf.nature_income_17546","R-4020","irpj","False","","638801","monthly","2025-08-01",""
"nature_income_tax_17546_r4020_pis_pasep_nac_nd_312101","l10n_br_reinf.nature_income_17546","R-4020","pis_pasep","False","","312101","monthly","2025-08-01",""
"nature_income_tax_17546_r4020_pis_pasep_nac_nd_312101_v2","l10n_br_reinf.nature_income_17546","R-4020","pis_pasep","False","","312101","monthly","2025-08-01",""
"nature_income_tax_17547_r4020_aggregated_nac_nd_011003","l10n_br_reinf.nature_income_17547","R-4020","aggregated","False","","011003","monthly","2025-08-01",""
"nature_income_tax_17547_r4020_aggregated_nac_nd_011006","l10n_br_reinf.nature_income_17547","R-4020","aggregated","False","","011006","monthly","2025-08-01",""
"nature_income_tax_17547_r4020_csll_nac_nd_639401","l10n_br_reinf.nature_income_17547","R-4020","csll","False","","639401","monthly","2025-08-01",""
"nature_income_tax_17547_r4020_csll_nac_nd_639401_v2","l10n_br_reinf.nature_income_17547","R-4020","csll","False","","639401","monthly","2025-08-01",""
"nature_income_tax_17547_r4020_irpj_nac_nd_638801","l10n_br_reinf.nature_income_17547","R-4020","irpj","False","","638801","monthly","2025-08-01",""
"nature_income_tax_17547_r4020_irpj_nac_nd_638801_v2","l10n_br_reinf.nature_income_17547","R-4020","irpj","False","","638801","monthly","2025-08-01",""
"nature_income_tax_17548_r4020_cofins_nac_nd_640401","l10n_br_reinf.nature_income_17548","R-4020","cofins","False","","640401","monthly","2025-08-01",""
"nature_income_tax_17548_r4020_cofins_nac_nd_640401_v2","l10n_br_reinf.nature_income_17548","R-4020","cofins","False","","640401","monthly","2025-08-01",""
"nature_income_tax_17548_r4020_csll_nac_nd_639401","l10n_br_reinf.nature_income_17548","R-4020","csll","False","","639401","monthly","2025-08-01",""
"nature_income_tax_17548_r4020_csll_nac_nd_639401_v2","l10n_br_reinf.nature_income_17548","R-4020","csll","False","","639401","monthly","2025-08-01",""
"nature_income_tax_17548_r4020_pis_pasep_nac_nd_312101","l10n_br_reinf.nature_income_17548","R-4020","pis_pasep","False","","312101","monthly","2025-08-01",""
"nature_income_tax_17548_r4020_pis_pasep_nac_nd_312101_v2","l10n_br_reinf.nature_income_17548","R-4020","pis_pasep","False","","312101","monthly","2025-08-01",""
"nature_income_tax_17549_r4020_cofins_nac_nd_640401","l10n_br_reinf.nature_income_17549","R-4020","cofins","False","","640401","monthly","2025-08-01",""
"nature_income_tax_17549_r4020_cofins_nac_nd_640401_v2","l10n_br_reinf.nature_income_17549","R-4020","cofins","False","","640401","monthly","2025-08-01",""
"nature_income_tax_17549_r4020_csll_nac_nd_639401","l10n_br_reinf.nature_income_17549","R-4020","csll","False","","639401","monthly","2025-08-01",""
"nature_income_tax_17549_r4020_csll_nac_nd_639401_v2","l10n_br_reinf.nature_income_17549","R-4020","csll","False","","639401","monthly","2025-08-01",""
"nature_income_tax_17549_r4020_irpj_nac_nd_638801","l10n_br_reinf.nature_income_17549","R-4020","irpj","False","","638801","monthly","2025-08-01",""
"nature_income_tax_17549_r4020_irpj_nac_nd_638801_v2","l10n_br_reinf.nature_income_17549","R-4020","irpj","False","","638801","monthly","2025-08-01",""
"nature_income_tax_17549_r4020_pis_pasep_nac_nd_312101","l10n_br_reinf.nature_income_17549","R-4020","pis_pasep","False","","312101","monthly","2025-08-01",""
"nature_income_tax_17549_r4020_pis_pasep_nac_nd_312101_v2","l10n_br_reinf.nature_income_17549","R-4020","pis_pasep","False","","312101","monthly","2025-08-01",""
"nature_income_tax_17550_r4020_aggregated_nac_nd_009503","l10n_br_reinf.nature_income_17550","R-4020","aggregated","False","","009503","monthly","2025-08-01",""
"nature_income_tax_17550_r4020_aggregated_nac_nd_009506","l10n_br_reinf.nature_income_17550","R-4020","aggregated","False","","009506","monthly","2025-08-01",""
"nature_income_tax_17550_r4020_cofins_nac_nd_640401","l10n_br_reinf.nature_income_17550","R-4020","cofins","False","","640401","monthly","2025-08-01",""
"nature_income_tax_17550_r4020_cofins_nac_nd_640401_v2","l10n_br_reinf.nature_income_17550","R-4020","cofins","False","","640401","monthly","2025-08-01",""
"nature_income_tax_17550_r4020_csll_nac_nd_639401","l10n_br_reinf.nature_income_17550","R-4020","csll","False","","639401","monthly","2025-08-01",""
"nature_income_tax_17550_r4020_csll_nac_nd_639401_v2","l10n_br_reinf.nature_income_17550","R-4020","csll","False","","639401","monthly","2025-08-01",""
"nature_income_tax_17550_r4020_irpj_nac_nd_638801","l10n_br_reinf.nature_income_17550","R-4020","irpj","False","","638801","monthly","2025-08-01",""
"nature_income_tax_17550_r4020_irpj_nac_nd_638801_v2","l10n_br_reinf.nature_income_17550","R-4020","irpj","False","","638801","monthly","2025-08-01",""
"nature_income_tax_17550_r4020_pis_pasep_nac_nd_312101","l10n_br_reinf.nature_income_17550","R-4020","pis_pasep","False","","312101","monthly","2025-08-01",""
"nature_income_tax_17550_r4020_pis_pasep_nac_nd_312101_v2","l10n_br_reinf.nature_income_17550","R-4020","pis_pasep","False","","312101","monthly","2025-08-01",""
"nature_income_tax_17599_r4020_aggregated_nac_nd_009503","l10n_br_reinf.nature_income_17599","R-4020","aggregated","False","","009503","monthly","2025-08-01",""
"nature_income_tax_17599_r4020_aggregated_nac_nd_009506","l10n_br_reinf.nature_income_17599","R-4020","aggregated","False","","009506","monthly","2025-08-01",""
"nature_income_tax_17599_r4020_cofins_nac_nd_640401","l10n_br_reinf.nature_income_17599","R-4020","cofins","False","","640401","monthly","2025-08-01",""
"nature_income_tax_17599_r4020_cofins_nac_nd_640401_v2","l10n_br_reinf.nature_income_17599","R-4020","cofins","False","","640401","monthly","2025-08-01",""
"nature_income_tax_17599_r4020_csll_nac_nd_639401","l10n_br_reinf.nature_income_17599","R-4020","csll","False","","639401","monthly","2025-08-01",""
"nature_income_tax_17599_r4020_csll_nac_nd_639401_v2","l10n_br_reinf.nature_income_17599","R-4020","csll","False","","639401","monthly","2025-08-01",""
"nature_income_tax_17599_r4020_irpj_nac_nd_638801","l10n_br_reinf.nature_income_17599","R-4020","irpj","False","","638801","monthly","2025-08-01",""
"nature_income_tax_17599_r4020_irpj_nac_nd_638801_v2","l10n_br_reinf.nature_income_17599","R-4020","irpj","False","","638801","monthly","2025-08-01",""
"nature_income_tax_17599_r4020_pis_pasep_nac_nd_312101","l10n_br_reinf.nature_income_17599","R-4020","pis_pasep","False","","312101","monthly","2025-08-01",""
"nature_income_tax_17599_r4020_pis_pasep_nac_nd_312101_v2","l10n_br_reinf.nature_income_17599","R-4020","pis_pasep","False","","312101","monthly","2025-08-01",""
"nature_income_tax_18001_r4020_aggregated_nac_na_408502","l10n_br_reinf.nature_income_18001","R-4020","aggregated","False","na","408502","monthly","2023-09-01",""
"nature_income_tax_18001_r4020_cofins_nac_na_440702","l10n_br_reinf.nature_income_18001","R-4020","cofins","False","na","440702","monthly","2023-09-01",""
"nature_income_tax_18001_r4020_csll_nac_na_439702","l10n_br_reinf.nature_income_18001","R-4020","csll","False","na","439702","monthly","2023-09-01",""
"nature_income_tax_18001_r4020_pis_pasep_nac_na_440902","l10n_br_reinf.nature_income_18001","R-4020","pis_pasep","False","na","440902","monthly","2023-09-01",""
"nature_income_tax_18002_r4020_aggregated_nac_na_408502","l10n_br_reinf.nature_income_18002","R-4020","aggregated","False","na","408502","monthly","2023-09-01",""
"nature_income_tax_18002_r4020_cofins_nac_na_440702","l10n_br_reinf.nature_income_18002","R-4020","cofins","False","na","440702","monthly","2023-09-01",""
"nature_income_tax_18002_r4020_csll_nac_na_439702","l10n_br_reinf.nature_income_18002","R-4020","csll","False","na","439702","monthly","2023-09-01",""
"nature_income_tax_18002_r4020_pis_pasep_nac_na_440902","l10n_br_reinf.nature_income_18002","R-4020","pis_pasep","False","na","440902","monthly","2023-09-01",""
"nature_income_tax_18003_r4020_csll_nac_na_439702","l10n_br_reinf.nature_income_18003","R-4020","csll","False","na","439702","monthly","2023-09-01",""
"nature_income_tax_18004_r4020_cofins_nac_na_440702","l10n_br_reinf.nature_income_18004","R-4020","cofins","False","na","440702","monthly","2023-09-01",""
"nature_income_tax_18004_r4020_pis_pasep_nac_na_440902","l10n_br_reinf.nature_income_18004","R-4020","pis_pasep","False","na","440902","monthly","2023-09-01",""
"nature_income_tax_18005_r4020_csll_nac_na_439702","l10n_br_reinf.nature_income_18005","R-4020","csll","False","na","439702","monthly","2023-09-01",""
"nature_income_tax_18006_r4020_cofins_nac_na_440702","l10n_br_reinf.nature_income_18006","R-4020","cofins","False","na","440702","monthly","2023-09-01",""
"nature_income_tax_18006_r4020_pis_pasep_nac_na_440902","l10n_br_reinf.nature_income_18006","R-4020","pis_pasep","False","na","440902","monthly","2023-09-01",""
"nature_income_tax_18008_r4020_aggregated_nac_na_408502","l10n_br_reinf.nature_income_18008","R-4020","aggregated","False","na","408502","monthly","2023-09-01",""
"nature_income_tax_18008_r4020_cofins_nac_na_440702","l10n_br_reinf.nature_income_18008","R-4020","cofins","False","na","440702","monthly","2023-09-01",""
"nature_income_tax_18008_r4020_csll_nac_na_439702","l10n_br_reinf.nature_income_18008","R-4020","csll","False","na","439702","monthly","2023-09-01",""
"nature_income_tax_18008_r4020_pis_pasep_nac_na_440902","l10n_br_reinf.nature_income_18008","R-4020","pis_pasep","False","na","440902","monthly","2023-09-01",""
"nature_income_tax_19001_r4040_nd_nac_nd_206301","l10n_br_reinf.nature_income_19001","R-4040","","False","","206301","daily","2023-09-01",""
"nature_income_tax_19009_r4040_nd_nac_nd_521701","l10n_br_reinf.nature_income_19009","R-4040","","False","","521701","daily","2023-09-01",""
"nature_income_tax_20001_r4020_irpj_nac_na_999999","l10n_br_reinf.nature_income_20001","R-4020","irpj","False","na","999999","weekly","2023-09-01",""
"nature_income_tax_20001_r4080_nd_nac_nd_804506","l10n_br_reinf.nature_income_20001","R-4080","","False","","804506","monthly","2023-09-01",""
"nature_income_tax_20002_r4020_irpj_nac_na_999999","l10n_br_reinf.nature_income_20002","R-4020","irpj","False","na","999999","weekly","2023-09-01",""
"nature_income_tax_20002_r4080_nd_nac_nd_804506","l10n_br_reinf.nature_income_20002","R-4080","","False","","804506","monthly","2023-09-01",""
"nature_income_tax_20003_r4020_irpj_nac_na_999999","l10n_br_reinf.nature_income_20003","R-4020","irpj","False","na","999999","weekly","2023-09-01",""
"nature_income_tax_20003_r4080_nd_nac_nd_804506","l10n_br_reinf.nature_income_20003","R-4080","","False","","804506","monthly","2023-09-01",""
"nature_income_tax_20004_r4020_irpj_nac_na_999999","l10n_br_reinf.nature_income_20004","R-4020","irpj","False","na","999999","weekly","2023-09-01",""
"nature_income_tax_20004_r4080_nd_nac_nd_804506","l10n_br_reinf.nature_income_20004","R-4080","","False","","804506","monthly","2023-09-01",""
"nature_income_tax_20005_r4020_irpj_nac_na_999999","l10n_br_reinf.nature_income_20005","R-4020","irpj","False","na","999999","weekly","2023-09-01",""
"nature_income_tax_20005_r4080_nd_nac_nd_804506","l10n_br_reinf.nature_income_20005","R-4080","","False","","804506","monthly","2023-09-01",""
"nature_income_tax_20006_r4020_irpj_nac_na_999999","l10n_br_reinf.nature_income_20006","R-4020","irpj","False","na","999999","weekly","2023-09-01",""
"nature_income_tax_20006_r4080_nd_nac_nd_804506","l10n_br_reinf.nature_income_20006","R-4080","","False","","804506","monthly","2023-09-01",""
"nature_income_tax_20007_r4020_irpj_nac_na_999999","l10n_br_reinf.nature_income_20007","R-4020","irpj","False","na","999999","weekly","2023-09-01",""
"nature_income_tax_20007_r4080_nd_nac_nd_804506","l10n_br_reinf.nature_income_20007","R-4080","","False","","804506","monthly","2023-09-01",""
"nature_income_tax_20008_r4020_irpj_nac_na_999999","l10n_br_reinf.nature_income_20008","R-4020","irpj","False","na","999999","weekly","2023-09-01",""
"nature_income_tax_20008_r4080_nd_nac_nd_804506","l10n_br_reinf.nature_income_20008","R-4080","","False","","804506","monthly","2023-09-01",""
"nature_income_tax_20009_r4020_irpj_nac_na_999999","l10n_br_reinf.nature_income_20009","R-4020","irpj","False","na","999999","weekly","2023-09-01",""
"nature_income_tax_20009_r4080_nd_nac_nd_804506","l10n_br_reinf.nature_income_20009","R-4080","","False","","804506","monthly","2023-09-01",""
